original_dir,p:\myPictures\Dropbox Backup\Camera Uploads
duplicate_dir,n:\Recovery\myPictures\Dropbox Backup\Camera Uploads

files_indexed_dir1,9224
dirs_indexed_dir1,13
index_errors_dir1,0
index_duration_dir1,1820.02

files_indexed_dir2,1346
dirs_indexed_dir2,6
index_errors_dir2,0
index_duration_dir2,475.22

compare_duration,0.00

duplicate_files_found,1343
duplicate_size_bytes,5375686467

original_path,duplicate_path,size_bytes,hash
p:\myPictures\Dropbox Backup\Camera Uploads\2016\2016-10-08 17.04.57.jpg,n:\Recovery\myPictures\Dropbox Backup\Camera Uploads\2016\2016-10-08 17.04.57.jpg,15292,d9d72d8fdc673a87d9735ed0a338799e82531f42d1ab0cd98ca5928d851e6914
p:\myPictures\Dropbox Backup\Camera Uploads\2016\2016-01-19 14.08.26.jpg,n:\Recovery\myPictures\Dropbox Backup\Camera Uploads\2016\2016-01-19 14.08.26.jpg,23202,c3778bc4f796274cd1fc5b26e5c2ab4e51999401f02cb7eadc10ff9653e25364
p:\myPictures\Dropbox Backup\Camera Uploads\2016\2016-01-19 14.05.05.jpg,n:\Recovery\myPictures\Dropbox Backup\Camera Uploads\2016\2016-01-19 14.05.05.jpg,27532,7a8f3e7a5f412eba2b38d294db9ff6f8cbce532a97b661d23d0a20f47c8a5a07
p:\myPictures\Dropbox Backup\Camera Uploads\2016\2016-01-19 14.07.52.jpg,n:\Recovery\myPictures\Dropbox Backup\Camera Uploads\2016\2016-01-19 14.07.52.jpg,28744,b0a55c13164294d8fc9a1973ae59099a7ed79bd8ff2ab6c33e5d1f6f9047c9f9
p:\myPictures\Dropbox Backup\Camera Uploads\2016\2016-01-19 14.01.29.jpg,n:\Recovery\myPictures\Dropbox Backup\Camera Uploads\2016\2016-01-19 14.01.29.jpg,34508,4685dbe509967d1cc62f766bb2385629a923e2360fa98aae464815f080c16de7
p:\myPictures\Dropbox Backup\Camera Uploads\2016\2016-01-19 14.03.29.jpg,n:\Recovery\myPictures\Dropbox Backup\Camera Uploads\2016\2016-01-19 14.03.29.jpg,35584,708fcd0a68b05500ae9e55bbc32d892f619602e7fe3b30b7cb5e4f1fa87eaa80
p:\myPictures\Dropbox Backup\Camera Uploads\2016\2016-01-19 14.04.11.jpg,n:\Recovery\myPictures\Dropbox Backup\Camera Uploads\2016\2016-01-19 14.04.11.jpg,42750,734dd07cde9d47683e6a5d95e97c9d2fb1eb47449e619d04e5e683186e430bdd
p:\myPictures\Dropbox Backup\Camera Uploads\2016\2016-01-19 14.05.17.jpg,n:\Recovery\myPictures\Dropbox Backup\Camera Uploads\2016\2016-01-19 14.05.17.jpg,44839,afe68e90e0f5b30df16bb63e13634855bef9d3f001f284bf6027df07d12aac76
p:\myPictures\Dropbox Backup\Camera Uploads\2016\2016-01-19 14.04.53.jpg,n:\Recovery\myPictures\Dropbox Backup\Camera Uploads\2016\2016-01-19 14.04.53.jpg,48863,147595b0dab2d6e14423db241eabcf894c0d3d156910c2033dff755e1bd210f9
p:\myPictures\Dropbox Backup\Camera Uploads\2016\2016-01-19 14.03.48.jpg,n:\Recovery\myPictures\Dropbox Backup\Camera Uploads\2016\2016-01-19 14.03.48.jpg,51470,64e4f3ce9baf45ecb62cb22a33c419be9bca56255cc986507decd9a04df6e097
p:\myPictures\Dropbox Backup\Camera Uploads\2016\2016-02-11 16.44.15.jpg,n:\Recovery\myPictures\Dropbox Backup\Camera Uploads\2016\2016-02-11 16.44.15.jpg,53822,28c38dd7217a8e157c919d05f40dd0d0a95da0b8dd46c3dff613f68c22bee892
p:\myPictures\Dropbox Backup\Camera Uploads\2016\2016-01-18 07.11.07.jpg,n:\Recovery\myPictures\Dropbox Backup\Camera Uploads\2016\2016-01-18 07.11.07.jpg,54306,ff0067970bc4366a4ec1e61e43307ef4a88dda71296f45b7e60df83e78f053ec
p:\myPictures\Dropbox Backup\Camera Uploads\2016\2016-12-17 11.28.19.jpg,n:\Recovery\myPictures\Dropbox Backup\Camera Uploads\2016\2016-12-17 11.28.19.jpg,55507,ca96f37443155983ef36aaa9a33da73aee73ffc0f6fc2825b48c79dc1a589860
p:\myPictures\Dropbox Backup\Camera Uploads\2016\2016-01-19 14.08.44.jpg,n:\Recovery\myPictures\Dropbox Backup\Camera Uploads\2016\2016-01-19 14.08.44.jpg,55701,41a700ddce00b21ca262d8eedc0e7d4cbc323760767a7c611cd77595d32fae2c
p:\myPictures\Dropbox Backup\Camera Uploads\2016\2016-01-18 07.04.49.jpg,n:\Recovery\myPictures\Dropbox Backup\Camera Uploads\2016\2016-01-18 07.04.49.jpg,58669,5c0aafba4d57fe97d7f3633812fcbc06e6679e0d95eb7f8642b24b44e085273c
p:\myPictures\Dropbox Backup\Camera Uploads\2016\2016-06-10 10.29.06.jpg,n:\Recovery\myPictures\Dropbox Backup\Camera Uploads\2016\2016-06-10 10.29.06.jpg,59510,6cf8210063fe6ee9401d0cdf000005d3d856650e01f8f32efc4c5ae72f58d882
p:\myPictures\Dropbox Backup\Camera Uploads\2016\2016-01-18 07.15.31.jpg,n:\Recovery\myPictures\Dropbox Backup\Camera Uploads\2016\2016-01-18 07.15.31.jpg,60917,fad4cf5377df23acaeadebc71a487a3050a62912aeb5afe42d08a2a05343f90e
p:\myPictures\Dropbox Backup\Camera Uploads\2016\2016-01-19 14.04.23.jpg,n:\Recovery\myPictures\Dropbox Backup\Camera Uploads\2016\2016-01-19 14.04.23.jpg,64380,fc638a034537a82dfc26dbe7efdb7ef7c70bf83e0fbdf9997da3bdb4575612f1
p:\myPictures\Dropbox Backup\Camera Uploads\2016\2016-01-19 14.08.18.jpg,n:\Recovery\myPictures\Dropbox Backup\Camera Uploads\2016\2016-01-19 14.08.18.jpg,66453,20787ea10c92698775f3839035b454c387059144c17b4bd3de41498df6f2bdba
p:\myPictures\Dropbox Backup\Camera Uploads\2016\2016-01-19 14.02.19.jpg,n:\Recovery\myPictures\Dropbox Backup\Camera Uploads\2016\2016-01-19 14.02.19.jpg,68051,8f9912a8cab70124c82bfbd320630ec589b1ab199099d0ec759ba6e41b77660f
p:\myPictures\Dropbox Backup\Camera Uploads\2016\2016-01-18 07.11.53.jpg,n:\Recovery\myPictures\Dropbox Backup\Camera Uploads\2016\2016-01-18 07.11.53.jpg,68950,d58d46f9b2c79fb44d5f6f5790d7ee8ab5936f14b159ac76f896b191bb89c030
p:\myPictures\Dropbox Backup\Camera Uploads\2016\2016-02-29 13.04.08.jpg,n:\Recovery\myPictures\Dropbox Backup\Camera Uploads\2016\2016-02-29 13.04.08.jpg,70267,7d8feb4f20f024676b4a5f8eb15999fcea0594f4d7907d6d1537eee97f715f80
p:\myPictures\Dropbox Backup\Camera Uploads\2016\2016-01-18 07.01.50.jpg,n:\Recovery\myPictures\Dropbox Backup\Camera Uploads\2016\2016-01-18 07.01.50.jpg,72231,bf2b5605c210bad69f073764370d163a522b67c0f86cc76fef042bc90a4a666f
p:\myPictures\Dropbox Backup\Camera Uploads\2015\2015-11-24 21.43.29.jpg,n:\Recovery\myPictures\Dropbox Backup\Camera Uploads\2015\2015-11-24 21.43.29.jpg,72988,ca0f7a638385708792c92cf1bac6a0ff417e5d19b04e7abe94dc844e457d8f07
p:\myPictures\Dropbox Backup\Camera Uploads\2016\2016-01-19 14.07.36.jpg,n:\Recovery\myPictures\Dropbox Backup\Camera Uploads\2016\2016-01-19 14.07.36.jpg,73743,7603c4aec8e001b9cc86cb2ecef9df54742c92a7a4023b6a6af7433aa27e689d
p:\myPictures\Dropbox Backup\Camera Uploads\2016\2016-02-29 13.03.39.jpg,n:\Recovery\myPictures\Dropbox Backup\Camera Uploads\2016\2016-02-29 13.03.39.jpg,74712,072884e90188c1b6f1d8a4742f591f3017a4b9861cdb82089547c8c79d041a91
p:\myPictures\Dropbox Backup\Camera Uploads\2016\2016-01-18 07.03.34.jpg,n:\Recovery\myPictures\Dropbox Backup\Camera Uploads\2016\2016-01-18 07.03.34.jpg,80032,b69c56c34204df1b3090ee8833a19329c478de84bfba3cdea2bbaf22e834df05
p:\myPictures\Dropbox Backup\Camera Uploads\2016\2016-01-18 07.01.25.jpg,n:\Recovery\myPictures\Dropbox Backup\Camera Uploads\2016\2016-01-18 07.01.25.jpg,80549,0cab59e5a329f2bd1e92da65de83c4a7353e893c4a2e9c3f79e86d180b94cc38
p:\myPictures\Dropbox Backup\Camera Uploads\2015\2015-11-24 21.43.30.jpg,n:\Recovery\myPictures\Dropbox Backup\Camera Uploads\2015\2015-11-24 21.43.30.jpg,80841,b0eb14228cd3bfa1321f43a302d42f56e29d2fb7f2beba4b421f8c32202e00c2
p:\myPictures\Dropbox Backup\Camera Uploads\2015\2015-11-24 21.43.30-1.jpg,n:\Recovery\myPictures\Dropbox Backup\Camera Uploads\2015\2015-11-24 21.43.30-1.jpg,81577,45aece4f0dc1e100e9155b376be1ea569b8be4d3e4067a59d0e52509532f3ae8
p:\myPictures\Dropbox Backup\Camera Uploads\2016\2016-01-19 14.06.14.jpg,n:\Recovery\myPictures\Dropbox Backup\Camera Uploads\2016\2016-01-19 14.06.14.jpg,83491,0ee2d9a2418518492876b7b297932715e35437885f836a3cdfef153ba6ad005c
p:\myPictures\Dropbox Backup\Camera Uploads\2016\2016-01-18 06.59.53.jpg,n:\Recovery\myPictures\Dropbox Backup\Camera Uploads\2016\2016-01-18 06.59.53.jpg,90053,e4e2f289d24b0ca668475d5deb6cde1896533feca542384320fa7013a5304bd7
p:\myPictures\Dropbox Backup\Camera Uploads\2016\2016-01-19 14.09.14.jpg,n:\Recovery\myPictures\Dropbox Backup\Camera Uploads\2016\2016-01-19 14.09.14.jpg,100910,c2823472fbd9f1feecb0acec42c173bcd098ce28af50533895542c73a47d3c48
p:\myPictures\Dropbox Backup\Camera Uploads\2014\2014-12-29 13.01.24.jpg,n:\Recovery\myPictures\Dropbox Backup\Camera Uploads\2014\2014-12-29 13.01.24.jpg,108361,f597184054aef56a4a5611964ec4237cb4933d646d13a1dda45775f17004b08e
p:\myPictures\Dropbox Backup\Camera Uploads\2015\2015-05-13 19.21.18.jpg,n:\Recovery\myPictures\Dropbox Backup\Camera Uploads\2015\2015-05-13 19.21.18.jpg,108447,5124b8df7dce7318f4356645c5e84560bc466c11d3ab2f79acfa5c8e02fcb1f6
p:\myPictures\Dropbox Backup\Camera Uploads\2015\2015-12-29 09.37.44.png,n:\Recovery\myPictures\Dropbox Backup\Camera Uploads\2015\2015-12-29 09.37.44.png,114316,40377564b22a8d514a51ef8e7f8c018fe04f86c622b8856b71ed62437293f506
p:\myPictures\Dropbox Backup\Camera Uploads\2016\2016-11-29 08.13.42.png,n:\Recovery\myPictures\Dropbox Backup\Camera Uploads\2016\2016-11-29 08.13.42.png,114412,7021ee0280a3b0226c83ad0ec1d80efeedb455251d79e5db0017d94cb0457773
p:\myPictures\Dropbox Backup\Camera Uploads\2016\2016-02-07 18.12.11.png,n:\Recovery\myPictures\Dropbox Backup\Camera Uploads\2016\2016-02-07 18.12.11.png,117700,75b54c83e1ff50b42d2646003b7f62bf60fe2112da9ab76e79e3f1c30ecaa14c
p:\myPictures\Dropbox Backup\Camera Uploads\2016\2016-01-18 07.01.07.jpg,n:\Recovery\myPictures\Dropbox Backup\Camera Uploads\2016\2016-01-18 07.01.07.jpg,121974,423191ceeac32af4b5f99f8839b2574e0dcc93cd7cf6da867ce1c49212ee22b8
p:\myPictures\Dropbox Backup\Camera Uploads\2016\2016-01-18 06.59.28.jpg,n:\Recovery\myPictures\Dropbox Backup\Camera Uploads\2016\2016-01-18 06.59.28.jpg,122136,37a1842277ddb4866d79fd038439148867a690af1c2c6ffede0e28d5713e8ec8
p:\myPictures\Dropbox Backup\Camera Uploads\2016\2016-01-18 06.59.09.jpg,n:\Recovery\myPictures\Dropbox Backup\Camera Uploads\2016\2016-01-18 06.59.09.jpg,124529,5977c0b57bf680715b21abf71f6e7863f61e8319118414d5b303d8643f372b3f
p:\myPictures\Dropbox Backup\Camera Uploads\2015\2015-11-24 21.43.30-2.jpg,n:\Recovery\myPictures\Dropbox Backup\Camera Uploads\2015\2015-11-24 21.43.30-2.jpg,126463,3b37209de44351eba020836f8527a7a2287dc2658bd8676d713e3ee61e32f919
p:\myPictures\Dropbox Backup\Camera Uploads\2016\2016-09-17 14.06.20-1.jpg,n:\Recovery\myPictures\Dropbox Backup\Camera Uploads\2016\2016-09-17 14.06.20-1.jpg,127683,1c2e467534007aa9d95d5bb9137768f16926061c945fa937e0729631633959b5
p:\myPictures\Dropbox Backup\Camera Uploads\2016\2016-08-24 08.41.18.png,n:\Recovery\myPictures\Dropbox Backup\Camera Uploads\2016\2016-08-24 08.41.18.png,136549,ac2875f428ce7a78eb42ddcb281430a0fadc029f60df3d6b2cc3947eaa18468d
p:\myPictures\Dropbox Backup\Camera Uploads\2016\2016-01-01 04.00.57.png,n:\Recovery\myPictures\Dropbox Backup\Camera Uploads\2016\2016-01-01 04.00.57.png,142409,de94853250661daa7e717cdc1a9f280ac80643af71234a2d3ff7f4a1b4f5a5af
p:\myPictures\Dropbox Backup\Camera Uploads\2016\2016-02-04 18.11.17.png,n:\Recovery\myPictures\Dropbox Backup\Camera Uploads\2016\2016-02-04 18.11.17.png,143612,4a16578eab88feabc0223f05c90f20e49f0854b49a42a4b9756bc1dcc50828b8
p:\myPictures\Dropbox Backup\Camera Uploads\2016\2016-10-29 14.08.24-2.jpg,n:\Recovery\myPictures\Dropbox Backup\Camera Uploads\2016\2016-10-29 14.08.24-2.jpg,158624,992ab676a61aa87df87fd1462bb05e923801a7f42252ba7837f6371e8c8c13a1
p:\myPictures\Dropbox Backup\Camera Uploads\2016\2016-10-29 14.08.24-1.jpg,n:\Recovery\myPictures\Dropbox Backup\Camera Uploads\2016\2016-10-29 14.08.24-1.jpg,159914,0efbd8c959b98d0eeda017869378f15ff160e855e4d7f6fbde90964b6c61b10d
p:\myPictures\Dropbox Backup\Camera Uploads\2016\2016-01-18 07.00.53.jpg,n:\Recovery\myPictures\Dropbox Backup\Camera Uploads\2016\2016-01-18 07.00.53.jpg,165481,6bbffcdd71e26bb403d1864aff91f497f780f1c703dd4c2537bf69881141ad32
p:\myPictures\Dropbox Backup\Camera Uploads\2016\2016-05-25 13.26.14.jpg,n:\Recovery\myPictures\Dropbox Backup\Camera Uploads\2016\2016-05-25 13.26.14.jpg,169781,de5539bb7128e83edda720cb627d977ec8bed704c43588043a6941c649e41bf7
p:\myPictures\Dropbox Backup\Camera Uploads\2017\2017-01-28 10.31.41.jpg,n:\Recovery\myPictures\Dropbox Backup\Camera Uploads\2017\2017-01-28 10.31.41.jpg,172401,01f199c90cece695e1704e3aafdc7d2dd069c6e3cfa6f0dc5537d28b66d71dd9
p:\myPictures\Dropbox Backup\Camera Uploads\2016\2016-11-15 12.40.32-1.jpg,n:\Recovery\myPictures\Dropbox Backup\Camera Uploads\2016\2016-11-15 12.40.32-1.jpg,173352,b8f1e4b28a665a12e8ad8d45325a58c936c0ad39191c20386506c8877e5702d6
p:\myPictures\Dropbox Backup\Camera Uploads\2016\2016-08-24 08.34.41.png,n:\Recovery\myPictures\Dropbox Backup\Camera Uploads\2016\2016-08-24 08.34.41.png,174248,fcb7b6c59aa00e6c43d2e6b20a4cd53a24b6f1792cbe69209816bfbd4dde5f91
p:\myPictures\Dropbox Backup\Camera Uploads\2016\2016-09-17 03.19.42-1.jpg,n:\Recovery\myPictures\Dropbox Backup\Camera Uploads\2016\2016-09-17 03.19.42-1.jpg,179248,5cc00c3d96ef6c3201d98890add7f3ca4e72b884369c1052fe56adcd49d9edcf
p:\myPictures\Dropbox Backup\Camera Uploads\2016\2016-07-03 12.47.51.png,n:\Recovery\myPictures\Dropbox Backup\Camera Uploads\2016\2016-07-03 12.47.51.png,214929,ecad603ff83fcf8b9410a14e00d8d9af79a9660eccb7510753e44a4bdf2ebf29
p:\myPictures\Dropbox Backup\Camera Uploads\2016\2016-08-06 22.54.19.jpg,n:\Recovery\myPictures\Dropbox Backup\Camera Uploads\2016\2016-08-06 22.54.19.jpg,228137,aef3758285f9f8cb1bd1ce680cea42927b5dbc459bb254af14949763716153bd
p:\myPictures\Dropbox Backup\Camera Uploads\2016\2016-01-26 12.28.22.jpg,n:\Recovery\myPictures\Dropbox Backup\Camera Uploads\2016\2016-01-26 12.28.22.jpg,236907,a5d9448883829f9dc600c90d150729c348940740eecdd73b03d1079dbeb159ca
p:\myPictures\Dropbox Backup\Camera Uploads\2016\2016-08-06 22.55.14.jpg,n:\Recovery\myPictures\Dropbox Backup\Camera Uploads\2016\2016-08-06 22.55.14.jpg,244393,dcb493751b68f23b91ff86d704629a8946748910e951dfd9ed5d10dbf4f4e26d
p:\myPictures\Dropbox Backup\Camera Uploads\2013\2013-01-22 02.35.57.jpg,n:\Recovery\myPictures\Dropbox Backup\Camera Uploads\2013\2013-01-22 02.35.57.jpg,251021,4309a331b6223f4869e3f12e53d59f33a79ab9b073f011f0afd79ddeeb223295
p:\myPictures\Dropbox Backup\Camera Uploads\2016\2016-12-08 08.16.41.png,n:\Recovery\myPictures\Dropbox Backup\Camera Uploads\2016\2016-12-08 08.16.41.png,268248,3069a9009bae46d1870c312570318b78b4130758845812ec018a783efb4a123f
p:\myPictures\Dropbox Backup\Camera Uploads\2016\2016-03-29 01.20.42.jpg,n:\Recovery\myPictures\Dropbox Backup\Camera Uploads\2016\2016-03-29 01.20.42.jpg,301295,9e526af2a262ad5619a768adea308a0959de5de1675bd16b9f4ad2ebda59439b
p:\myPictures\Dropbox Backup\Camera Uploads\2016\2016-05-31 20.31.24.png,n:\Recovery\myPictures\Dropbox Backup\Camera Uploads\2016\2016-05-31 20.31.24.png,307628,9d46c4ac978d1779a889c38e66a3c96e77363c15b518d2f17fe73b5df90bcc79
p:\myPictures\Dropbox Backup\Camera Uploads\2015\2015-11-21 10.31.45.jpg,n:\Recovery\myPictures\Dropbox Backup\Camera Uploads\2015\2015-11-21 10.31.45.jpg,309387,32c1efe2f5869ef5f03a684e255cda0536a1f3119be7bfcc3295560c7b583be0
p:\myPictures\Dropbox Backup\Camera Uploads\2016\2016-03-15 10.50.59.jpg,n:\Recovery\myPictures\Dropbox Backup\Camera Uploads\2016\2016-03-15 10.50.59.jpg,321445,0bd9555c5201c2ae7e8078e1fcb9c03aa45adb624d8e9fd7176a8bd3ea1de11a
p:\myPictures\Dropbox Backup\Camera Uploads\2016\2016-11-09 10.36.47.png,n:\Recovery\myPictures\Dropbox Backup\Camera Uploads\2016\2016-11-09 10.36.47.png,321713,6099ef9ecbbd8f6c29e44b1f8c0961260a96b6cc63f5daee18f67cdcd87926ee
p:\myPictures\Dropbox Backup\Camera Uploads\2016\2016-04-23 09.45.33.png,n:\Recovery\myPictures\Dropbox Backup\Camera Uploads\2016\2016-04-23 09.45.33.png,322255,130b7d730cff39cfbe19dc7a8ded601c48e60e0dba22be21064ec0b0202644ec
p:\myPictures\Dropbox Backup\Camera Uploads\2015\2015-12-31 08.33.59.png,n:\Recovery\myPictures\Dropbox Backup\Camera Uploads\2015\2015-12-31 08.33.59.png,333776,f37c815e86b77d53884cb4800acf918aa6ad6f613c82673bb21e12f0d191b307
p:\myPictures\Dropbox Backup\Camera Uploads\2016\2016-04-02 12.25.35.jpg,n:\Recovery\myPictures\Dropbox Backup\Camera Uploads\2016\2016-04-02 12.25.35.jpg,337245,21bfd9194c8fa93b09e573815145e1c0e7cdb3761954c3246bfd449aa83429c2
p:\myPictures\Dropbox Backup\Camera Uploads\2016\2016-05-01 17.28.59-1.jpg,n:\Recovery\myPictures\Dropbox Backup\Camera Uploads\2016\2016-05-01 17.28.59-1.jpg,345818,fb136cc58abc95124d3ee3a7362b5faa257ab45ff3d2a4b2bb34b6ca9369afb5
p:\myPictures\Dropbox Backup\Camera Uploads\2016\2016-01-01 00.24.28.png,n:\Recovery\myPictures\Dropbox Backup\Camera Uploads\2016\2016-01-01 00.24.28.png,346676,6ca945818a757d2e97b9d81f91666cf8bc3f798edb2c3f10c8780c79c89ca365
p:\myPictures\Dropbox Backup\Camera Uploads\2016\2016-05-25 23.52.38.jpg,n:\Recovery\myPictures\Dropbox Backup\Camera Uploads\2016\2016-05-25 23.52.38.jpg,352176,58f293c4e1da1cd62257f7b9d85bffaf628ad82104295a622872598b203821b9
p:\myPictures\Dropbox Backup\Camera Uploads\2015\2015-10-28 19.28.48.jpg,n:\Recovery\myPictures\Dropbox Backup\Camera Uploads\2015\2015-10-28 19.28.48.jpg,353307,32ade14a35c34981e41e0a3f2000e8ea03dfa455309c3e18faf89d49b0cda7f4
p:\myPictures\Dropbox Backup\Camera Uploads\2016\2016-04-02 12.26.01.jpg,n:\Recovery\myPictures\Dropbox Backup\Camera Uploads\2016\2016-04-02 12.26.01.jpg,355561,6f83b6dcebadf2a6326a067614697974f79b3db7ef4dc700df72e3ab9291fd67
p:\myPictures\Dropbox Backup\Camera Uploads\2015\2015-10-28 19.29.11.jpg,n:\Recovery\myPictures\Dropbox Backup\Camera Uploads\2015\2015-10-28 19.29.11.jpg,357865,594bd2cb860a7e880661c69c1d40fd14a5df896c1d5e7e83ff1e177f8506f4d2
p:\myPictures\Dropbox Backup\Camera Uploads\2016\2016-12-07 15.14.35.png,n:\Recovery\myPictures\Dropbox Backup\Camera Uploads\2016\2016-12-07 15.14.35.png,359839,2ef688718d4cf725b7f5d903bf62c8e5224658af4f7f334711610a132104d9ae
p:\myPictures\Dropbox Backup\Camera Uploads\2016\2016-04-02 12.25.59.jpg,n:\Recovery\myPictures\Dropbox Backup\Camera Uploads\2016\2016-04-02 12.25.59.jpg,369849,b5f02cebc3a2857fff716b534ce961c54af683966a2672ff0798044f4af30241
p:\myPictures\Dropbox Backup\Camera Uploads\2016\2016-05-07 18.03.39.jpg,n:\Recovery\myPictures\Dropbox Backup\Camera Uploads\2016\2016-05-07 18.03.39.jpg,373314,4e3082b6121bbe4b04f87e3c4bcaf6db166e349103140944764e1d1a80cdd31e
p:\myPictures\Dropbox Backup\Camera Uploads\2016\2016-05-07 18.04.24.jpg,n:\Recovery\myPictures\Dropbox Backup\Camera Uploads\2016\2016-05-07 18.04.24.jpg,373968,a485f0ebe98bab455ac9f55a02e06583183f2cec0b75f55d300a25193db08320
p:\myPictures\Dropbox Backup\Camera Uploads\2016\2016-05-27 17.06.28.png,n:\Recovery\myPictures\Dropbox Backup\Camera Uploads\2016\2016-05-27 17.06.28.png,379519,b0e8151a8bf91769aee4e44a7de184062ce56454e8ccdaf3c409125f86a293b9
p:\myPictures\Dropbox Backup\Camera Uploads\2016\2016-03-29 01.20.28.jpg,n:\Recovery\myPictures\Dropbox Backup\Camera Uploads\2016\2016-03-29 01.20.28.jpg,420481,13e7f9449c82788696754b8009f7a03088342b7cb6cfe825681d3a3f66e6e75b
p:\myPictures\Dropbox Backup\Camera Uploads\2016\2016-01-01 00.16.20.png,n:\Recovery\myPictures\Dropbox Backup\Camera Uploads\2016\2016-01-01 00.16.20.png,439699,be2167264e76b5b2d8544b906f36f3f05eea093cda80189b8f08a7a59e607812
p:\myPictures\Dropbox Backup\Camera Uploads\2016\2016-02-01 19.30.39.png,n:\Recovery\myPictures\Dropbox Backup\Camera Uploads\2016\2016-02-01 19.30.39.png,451629,8525b00ea1a568f240234069d4d9a20b7a5fc9fd53ea270c2408971c4fd76834
p:\myPictures\Dropbox Backup\Camera Uploads\2016\2016-04-23 09.26.48.png,n:\Recovery\myPictures\Dropbox Backup\Camera Uploads\2016\2016-04-23 09.26.48.png,454199,74c06137af6ea810ee9deea11200af19d74a326a72dabd63ac00c2a60c86344d
p:\myPictures\Dropbox Backup\Camera Uploads\2016\2016-05-12 19.13.09.jpg,n:\Recovery\myPictures\Dropbox Backup\Camera Uploads\2016\2016-05-12 19.13.09.jpg,454593,0e39590ef9329b828cef6bd8b60123cd0e3d3a18b9a32cdf2bcc162184da3b44
p:\myPictures\Dropbox Backup\Camera Uploads\2016\2016-05-14 14.53.08.jpg,n:\Recovery\myPictures\Dropbox Backup\Camera Uploads\2016\2016-05-14 14.53.08.jpg,474607,9d1edf4e22852e0e56f6acf397f8d3d0d611696f334d5fffaf6e18aaa475c488
p:\myPictures\Dropbox Backup\Camera Uploads\2016\2016-07-07 11.38.35-1.flv,n:\Recovery\myPictures\Dropbox Backup\Camera Uploads\2016\2016-07-07 11.38.35-1.flv,479551,c683cff4c81eeff661cbfaa5279421d847607ce73f9f7cea9d274b63a87c6e54
p:\myPictures\Dropbox Backup\Camera Uploads\2016\2016-08-28 22.55.22-3.jpg,n:\Recovery\myPictures\Dropbox Backup\Camera Uploads\2016\2016-08-28 22.55.22-3.jpg,479662,11707d9d285d701f13b16177473c0ce87855e55e0b502d6334ec04ab2a5aa663
p:\myPictures\Dropbox Backup\Camera Uploads\2016\2016-05-04 19.29.54.jpg,n:\Recovery\myPictures\Dropbox Backup\Camera Uploads\2016\2016-05-04 19.29.54.jpg,483259,03931faee96d8706823303927f6094fd8616fafe0ac0a94e3acd03c1555ceaeb
p:\myPictures\Dropbox Backup\Camera Uploads\2015\2015-10-23 13.55.36.png,n:\Recovery\myPictures\Dropbox Backup\Camera Uploads\2015\2015-10-23 13.55.36.png,487443,229af27eb5b5e1f09247bf43e40ca33c6577eb38f89d275d35371a85defbbdb4
p:\myPictures\Dropbox Backup\Camera Uploads\2016\2016-06-12 19.42.36.jpg,n:\Recovery\myPictures\Dropbox Backup\Camera Uploads\2016\2016-06-12 19.42.36.jpg,490623,f66573b7646fd5f126069df5012146518124c5aa3423fbeb22702ed4325c0261
p:\myPictures\Dropbox Backup\Camera Uploads\2016\2016-04-07 05.27.30.png,n:\Recovery\myPictures\Dropbox Backup\Camera Uploads\2016\2016-04-07 05.27.30.png,497759,42705803f128cf336db769bf96d93a87affe1c7064ec386150aa3d7eae914f4e
p:\myPictures\Dropbox Backup\Camera Uploads\2016\2016-08-28 22.55.16-2.jpg,n:\Recovery\myPictures\Dropbox Backup\Camera Uploads\2016\2016-08-28 22.55.16-2.jpg,500514,06069ed0c714ea7ecf6358a48edfb98efe4081a100fee174860c3fc8e8c76ba0
p:\myPictures\Dropbox Backup\Camera Uploads\2016\2016-04-23 19.22.13.jpg,n:\Recovery\myPictures\Dropbox Backup\Camera Uploads\2016\2016-04-23 19.22.13.jpg,500878,d0e9662005cf6a4c48183a1c6f4d2c992a3371f5d45d21e2d5660b0a44218422
p:\myPictures\Dropbox Backup\Camera Uploads\2015\2015-11-21 15.37.50.jpg,n:\Recovery\myPictures\Dropbox Backup\Camera Uploads\2015\2015-11-21 15.37.50.jpg,502954,b9ca3442aad31d1a5d575401405659e8876069be3ffdf8b45f0e72cb91743d70
p:\myPictures\Dropbox Backup\Camera Uploads\2015\2015-11-21 15.37.55.jpg,n:\Recovery\myPictures\Dropbox Backup\Camera Uploads\2015\2015-11-21 15.37.55.jpg,510138,e002bf9c0125e00d97c904be85efe7ebfda4126dc0a51d75db35a5a28530bd8c
p:\myPictures\Dropbox Backup\Camera Uploads\2016\2016-06-12 19.44.04.jpg,n:\Recovery\myPictures\Dropbox Backup\Camera Uploads\2016\2016-06-12 19.44.04.jpg,519517,d5368bf3d3043b5fa52a53ecffd7f4c0ab295ca546510309ce0699e4f7d07376
p:\myPictures\Dropbox Backup\Camera Uploads\2015\2015-11-21 16.48.22-1.jpg,n:\Recovery\myPictures\Dropbox Backup\Camera Uploads\2015\2015-11-21 16.48.22-1.jpg,522059,709dab0de951729d8232b5099eb2b79f582211321c934864ef096ca3754860db
p:\myPictures\Dropbox Backup\Camera Uploads\2016\2016-04-04 19.03.18.jpg,n:\Recovery\myPictures\Dropbox Backup\Camera Uploads\2016\2016-04-04 19.03.18.jpg,527384,4633e3c21633ac0bc34a077a3211d07323ba598c544ba881c6bbba26c8dcf783
p:\myPictures\Dropbox Backup\Camera Uploads\2016\2016-06-12 19.44.16.jpg,n:\Recovery\myPictures\Dropbox Backup\Camera Uploads\2016\2016-06-12 19.44.16.jpg,537578,389324352a6f3973cf8e51f3da2cee7734daa861e2ce3b7382cd4aa0dad3efce
p:\myPictures\Dropbox Backup\Camera Uploads\2016\2016-04-23 19.22.26.jpg,n:\Recovery\myPictures\Dropbox Backup\Camera Uploads\2016\2016-04-23 19.22.26.jpg,539009,f0135635f269c63ecc9c7f09f62c82beea68f73b9fd899011a3543136aa836ed
p:\myPictures\Dropbox Backup\Camera Uploads\2015\2015-11-21 16.47.54.jpg,n:\Recovery\myPictures\Dropbox Backup\Camera Uploads\2015\2015-11-21 16.47.54.jpg,546546,523c57090231ea93e22ae320ec99c1ab396556c55d34eb0c153c9da1c2618259
p:\myPictures\Dropbox Backup\Camera Uploads\2016\2016-06-08 19.15.33.png,n:\Recovery\myPictures\Dropbox Backup\Camera Uploads\2016\2016-06-08 19.15.33.png,547577,5df8eef3072facda8e0499be4ed7bf6c4236978e823bcc9550df632ff4840796
p:\myPictures\Dropbox Backup\Camera Uploads\2015\2015-11-21 16.48.20.jpg,n:\Recovery\myPictures\Dropbox Backup\Camera Uploads\2015\2015-11-21 16.48.20.jpg,548019,4bc43cec5e8c33b567c51b13615cf8726f85f3a4d10fcf7d967a5b62a7c5bda8
p:\myPictures\Dropbox Backup\Camera Uploads\2016\2016-05-12 19.12.45.jpg,n:\Recovery\myPictures\Dropbox Backup\Camera Uploads\2016\2016-05-12 19.12.45.jpg,549807,4736bf78ec26df1c8e150d8f950af5fdbb183d20bf9bf8088a62d0450e8c86b3
p:\myPictures\Dropbox Backup\Camera Uploads\2016\2016-02-09 18.29.27.png,n:\Recovery\myPictures\Dropbox Backup\Camera Uploads\2016\2016-02-09 18.29.27.png,552804,a45ee638c41de11adb38e38acb79dfd66bc11e2564868845a3cd055b87470526
p:\myPictures\Dropbox Backup\Camera Uploads\2016\2016-05-04 19.33.35.jpg,n:\Recovery\myPictures\Dropbox Backup\Camera Uploads\2016\2016-05-04 19.33.35.jpg,555019,893cf2156db69a5e5c65b96c2d761f953838d4b15ae9f620c1d698c7e5ba4a86
p:\myPictures\Dropbox Backup\Camera Uploads\2015\2015-11-21 16.47.42.jpg,n:\Recovery\myPictures\Dropbox Backup\Camera Uploads\2015\2015-11-21 16.47.42.jpg,559524,fd7be55e6be546cc4827a4322fc3d9d905fa07cdb8704fe1567d13089851b083
p:\myPictures\Dropbox Backup\Camera Uploads\2016\2016-06-12 19.42.19.jpg,n:\Recovery\myPictures\Dropbox Backup\Camera Uploads\2016\2016-06-12 19.42.19.jpg,564233,f4b27c621c22d20e40ebf8fd9ba2adbae06e0b78088c251777a1b5d4b2a4d116
p:\myPictures\Dropbox Backup\Camera Uploads\2016\2016-04-23 19.21.52.jpg,n:\Recovery\myPictures\Dropbox Backup\Camera Uploads\2016\2016-04-23 19.21.52.jpg,565697,699964a68ef2c50a122dcdbaaa3700dd2e4a08bcc64f24905c7e3d34de9ef062
p:\myPictures\Dropbox Backup\Camera Uploads\2016\2016-05-14 14.52.43.jpg,n:\Recovery\myPictures\Dropbox Backup\Camera Uploads\2016\2016-05-14 14.52.43.jpg,567977,c499d03c361c9c64b64a5f0b997958553b5cbe735850aea289a3546a7fb2604b
p:\myPictures\Dropbox Backup\Camera Uploads\2015\2015-11-21 16.48.22.jpg,n:\Recovery\myPictures\Dropbox Backup\Camera Uploads\2015\2015-11-21 16.48.22.jpg,569089,61e87d872f44c74bb0eb3562ef3f19a4af680f3046a1b04dea1eed581f96d79f
p:\myPictures\Dropbox Backup\Camera Uploads\2016\2016-06-12 19.43.02.jpg,n:\Recovery\myPictures\Dropbox Backup\Camera Uploads\2016\2016-06-12 19.43.02.jpg,570870,37ddd2e30ff1e84b2b204ef679abaa753fa0febe41353fbd4a37ba65905f75c5
p:\myPictures\Dropbox Backup\Camera Uploads\2016\2016-05-14 14.53.06.jpg,n:\Recovery\myPictures\Dropbox Backup\Camera Uploads\2016\2016-05-14 14.53.06.jpg,575264,ef839c599542da9115f74d2865e698119a62b8a96becbf3fc531854a6efe53d0
p:\myPictures\Dropbox Backup\Camera Uploads\2015\2015-11-21 16.47.57.jpg,n:\Recovery\myPictures\Dropbox Backup\Camera Uploads\2015\2015-11-21 16.47.57.jpg,575381,ee00e5e1ee08b07298f42fed96ab28475bb252f26098e4e269c3e19f75d278e7
p:\myPictures\Dropbox Backup\Camera Uploads\2016\2016-05-12 19.13.05.jpg,n:\Recovery\myPictures\Dropbox Backup\Camera Uploads\2016\2016-05-12 19.13.05.jpg,580476,126918d63bec5ba87ef90be7d6f76ddbfc152b43535187d3abbf49ecb034a943
p:\myPictures\Dropbox Backup\Camera Uploads\2015\2015-12-26 16.57.16.jpg,n:\Recovery\myPictures\Dropbox Backup\Camera Uploads\2015\2015-12-26 16.57.16.jpg,580750,09acd3a8576fa4d23d35c891807f3db626beb60a2385ddf01039dacd0ddeeb81
p:\myPictures\Dropbox Backup\Camera Uploads\2016\2016-06-12 19.46.49.jpg,n:\Recovery\myPictures\Dropbox Backup\Camera Uploads\2016\2016-06-12 19.46.49.jpg,585851,490b63ac11d9068829a7e17aa6c38498ef100fd6455974c75f693fe9f759f277
p:\myPictures\Dropbox Backup\Camera Uploads\2015\2015-11-21 16.47.40.jpg,n:\Recovery\myPictures\Dropbox Backup\Camera Uploads\2015\2015-11-21 16.47.40.jpg,589456,2ef4232b6b1161a6f0c8d1be492abc3389498b2f81400550f2d249698bb0ed9d
p:\myPictures\Dropbox Backup\Camera Uploads\2016\2016-05-04 19.30.05.jpg,n:\Recovery\myPictures\Dropbox Backup\Camera Uploads\2016\2016-05-04 19.30.05.jpg,591389,2b6a9460aa081200a3565e83a17e1adbbbc8b2cbd74d599f64ff8956f54050e6
p:\myPictures\Dropbox Backup\Camera Uploads\2016\2016-05-14 14.52.52.jpg,n:\Recovery\myPictures\Dropbox Backup\Camera Uploads\2016\2016-05-14 14.52.52.jpg,592614,1c3cad7d7ce36d2bf5036eb75c65c536a3f0331dca3cb96668f7862b6787c478
p:\myPictures\Dropbox Backup\Camera Uploads\2016\2016-05-12 19.13.41.jpg,n:\Recovery\myPictures\Dropbox Backup\Camera Uploads\2016\2016-05-12 19.13.41.jpg,592984,2b2f4f52dfe31de514da54652d077406c42524f28e1aca6c294300300d82796a
p:\myPictures\Dropbox Backup\Camera Uploads\2016\2016-04-04 19.03.01.jpg,n:\Recovery\myPictures\Dropbox Backup\Camera Uploads\2016\2016-04-04 19.03.01.jpg,595661,2ab6ab08b4c0cca1bd3b472eb1d51528ffe3b04b1ac7b23b6b482b382f7835f0
p:\myPictures\Dropbox Backup\Camera Uploads\2016\2016-06-12 19.42.59.jpg,n:\Recovery\myPictures\Dropbox Backup\Camera Uploads\2016\2016-06-12 19.42.59.jpg,597319,94cf34dd30384437c3f8a6c8ad43ac935e961c9b58e13933abd9861a0985e7f2
p:\myPictures\Dropbox Backup\Camera Uploads\2016\2016-04-23 09.39.11.png,n:\Recovery\myPictures\Dropbox Backup\Camera Uploads\2016\2016-04-23 09.39.11.png,597927,7d2f06e57f7d150a7b5cb756910eea03017ec99e3afeb68f9355de3333b0e28c
p:\myPictures\Dropbox Backup\Camera Uploads\2016\2016-05-13 13.13.16.jpg,n:\Recovery\myPictures\Dropbox Backup\Camera Uploads\2016\2016-05-13 13.13.16.jpg,602634,52732e683e5505d977abb3732b67b2a7a4bdd2d13f2eb455cc4fd74f4187d918
p:\myPictures\Dropbox Backup\Camera Uploads\2016\2016-05-20 19.33.01.jpg,n:\Recovery\myPictures\Dropbox Backup\Camera Uploads\2016\2016-05-20 19.33.01.jpg,605756,c4c6b8b637b4ccf850b4f99929b71716a7bc22ab2a1ff1da43122ffbdf7137b7
p:\myPictures\Dropbox Backup\Camera Uploads\2016\2016-04-23 19.22.18.jpg,n:\Recovery\myPictures\Dropbox Backup\Camera Uploads\2016\2016-04-23 19.22.18.jpg,607066,cbf28f2868987e735ede0d9028972dde20cbde86b4403b9020b35f71b78b0d6f
p:\myPictures\Dropbox Backup\Camera Uploads\2016\2016-06-12 19.44.49.jpg,n:\Recovery\myPictures\Dropbox Backup\Camera Uploads\2016\2016-06-12 19.44.49.jpg,608339,156a6f61310bcc566b2a99446a9ec6c4baf19eb6b02d73f93e4d97a0c9e58035
p:\myPictures\Dropbox Backup\Camera Uploads\2015\2015-11-21 15.39.04-1.jpg,n:\Recovery\myPictures\Dropbox Backup\Camera Uploads\2015\2015-11-21 15.39.04-1.jpg,611933,1b8aef7225700fe531082556995667b2ecb54b76205f16912d95ef441de283e6
p:\myPictures\Dropbox Backup\Camera Uploads\2016\2016-03-24 19.23.36.png,n:\Recovery\myPictures\Dropbox Backup\Camera Uploads\2016\2016-03-24 19.23.36.png,612831,f909b0aefbafaa845d026a3657d084ec6eb419081097d50446ea3b08a9d7cce5
p:\myPictures\Dropbox Backup\Camera Uploads\2016\2016-01-09 19.20.11.jpg,n:\Recovery\myPictures\Dropbox Backup\Camera Uploads\2016\2016-01-09 19.20.11.jpg,613047,0586cb8c61df643ade144e9c597b5ac5dc74033ac824879528afd95f6d859ef9
p:\myPictures\Dropbox Backup\Camera Uploads\2015\2015-12-06 10.25.28.jpg,n:\Recovery\myPictures\Dropbox Backup\Camera Uploads\2015\2015-12-06 10.25.28.jpg,613738,0f487f8768aa1870d53a188407cff475b52ad9753bcc4ef31e93e495dc5588ec
p:\myPictures\Dropbox Backup\Camera Uploads\2016\2016-05-24 02.42.06.jpg,n:\Recovery\myPictures\Dropbox Backup\Camera Uploads\2016\2016-05-24 02.42.06.jpg,614523,25e0c5246e796d786f52618cb8a502d28b0bf157963a92166a55a1a975664fd7
p:\myPictures\Dropbox Backup\Camera Uploads\2016\2016-06-12 19.42.33.jpg,n:\Recovery\myPictures\Dropbox Backup\Camera Uploads\2016\2016-06-12 19.42.33.jpg,615863,e5efa8d0a6d566c61dc3d7a5213033a8d06ee6fc6564a28f023a48523372aec7
p:\myPictures\Dropbox Backup\Camera Uploads\2015\2015-12-06 10.25.32.jpg,n:\Recovery\myPictures\Dropbox Backup\Camera Uploads\2015\2015-12-06 10.25.32.jpg,616487,2caee089e4e6a22dc1055509a023966c1a35a570692ee7ee2fe67e1b6805b467
p:\myPictures\Dropbox Backup\Camera Uploads\2015\2015-11-21 15.39.04.jpg,n:\Recovery\myPictures\Dropbox Backup\Camera Uploads\2015\2015-11-21 15.39.04.jpg,617573,a349fe16720d1e869f8a53a76159c8259b72445e09fbfdc5c673c8c20b821c57
p:\myPictures\Dropbox Backup\Camera Uploads\2016\2016-05-18 17.40.26.jpg,n:\Recovery\myPictures\Dropbox Backup\Camera Uploads\2016\2016-05-18 17.40.26.jpg,620355,8d73fbc2dbc5ad811360f3e9c55b8be8192f1b6840191105d352f97d0946251a
p:\myPictures\Dropbox Backup\Camera Uploads\2016\2016-02-05 04.59.55.png,n:\Recovery\myPictures\Dropbox Backup\Camera Uploads\2016\2016-02-05 04.59.55.png,622415,9d368076de50692dcf3399cb57df0141fccd8d19181eea3e39b428f71cb9f3e7
p:\myPictures\Dropbox Backup\Camera Uploads\2015\2015-12-26 17.29.01.jpg,n:\Recovery\myPictures\Dropbox Backup\Camera Uploads\2015\2015-12-26 17.29.01.jpg,622887,61482a939089c23c1a5e694a81a4df8dcd6e1532efeda062708a93564a9d451b
p:\myPictures\Dropbox Backup\Camera Uploads\2015\2015-12-06 10.25.38.jpg,n:\Recovery\myPictures\Dropbox Backup\Camera Uploads\2015\2015-12-06 10.25.38.jpg,624639,bf647f723c8805b59b6ae016cd5906e23ac3195106f16b7c226fa6578cbefe97
p:\myPictures\Dropbox Backup\Camera Uploads\2016\2016-04-23 19.22.23.jpg,n:\Recovery\myPictures\Dropbox Backup\Camera Uploads\2016\2016-04-23 19.22.23.jpg,628135,bd238ca31ec8545ffe3b87b106d53ad0600bd42e1fcc48574b28343edbfb81f1
p:\myPictures\Dropbox Backup\Camera Uploads\2015\2015-12-26 16.59.26.jpg,n:\Recovery\myPictures\Dropbox Backup\Camera Uploads\2015\2015-12-26 16.59.26.jpg,628271,5d400be29e395e81d2869f4a48015d99f1d825e57abf5a60217e95cb95398c78
p:\myPictures\Dropbox Backup\Camera Uploads\2016\2016-05-20 12.09.02.jpg,n:\Recovery\myPictures\Dropbox Backup\Camera Uploads\2016\2016-05-20 12.09.02.jpg,633049,a914b75be79ebade873d1e4c621dd1a652c68d950f42c6959b93b04670198b53
p:\myPictures\Dropbox Backup\Camera Uploads\2016\2016-06-12 19.42.14.jpg,n:\Recovery\myPictures\Dropbox Backup\Camera Uploads\2016\2016-06-12 19.42.14.jpg,633430,95141d7e83f88e1a696828a14470bd2b64bc1a834660b4e6446a119fe84b1bce
p:\myPictures\Dropbox Backup\Camera Uploads\2015\2015-11-21 15.38.13.jpg,n:\Recovery\myPictures\Dropbox Backup\Camera Uploads\2015\2015-11-21 15.38.13.jpg,633797,d77c01ea455870c7cecec6c7e0a91f19d64b10f0340635246ac1cc25f102848f
p:\myPictures\Dropbox Backup\Camera Uploads\2015\2015-11-21 15.39.18.jpg,n:\Recovery\myPictures\Dropbox Backup\Camera Uploads\2015\2015-11-21 15.39.18.jpg,634504,6bafda78323f037638c821107ad06f6d30a3a79ad462a03e387d4505b37bc872
p:\myPictures\Dropbox Backup\Camera Uploads\2016\2016-05-20 19.33.15.jpg,n:\Recovery\myPictures\Dropbox Backup\Camera Uploads\2016\2016-05-20 19.33.15.jpg,637194,3ab04bee56990e6939301bbc35903cdf1e168bb178077fa8c4f2092344b03f7c
p:\myPictures\Dropbox Backup\Camera Uploads\2015\2015-11-27 13.09.45.jpg,n:\Recovery\myPictures\Dropbox Backup\Camera Uploads\2015\2015-11-27 13.09.45.jpg,637240,facce56437b8df8a5ab2d1c85936c5956e476ce68c9f92851c19be125dfad790
p:\myPictures\Dropbox Backup\Camera Uploads\2016\2016-06-12 19.45.02.jpg,n:\Recovery\myPictures\Dropbox Backup\Camera Uploads\2016\2016-06-12 19.45.02.jpg,641579,090500b3fdec0d15a0831c8fa84bc75ec71cc32755e5f7e1835f9c3af901b5d7
p:\myPictures\Dropbox Backup\Camera Uploads\2016\2016-06-12 19.42.12.jpg,n:\Recovery\myPictures\Dropbox Backup\Camera Uploads\2016\2016-06-12 19.42.12.jpg,646076,7b9cd1292042ba57c1fe0d74285f54ff4e015007ed76f87fa433394311b5f7b2
p:\myPictures\Dropbox Backup\Camera Uploads\2016\2016-08-12 19.20.12-1.jpg,n:\Recovery\myPictures\Dropbox Backup\Camera Uploads\2016\2016-08-12 19.20.12-1.jpg,646732,2593a5e6505198484dc934132624fb75f219fa40e715f9ccc47e4e94bd547dd6
p:\myPictures\Dropbox Backup\Camera Uploads\2015\2015-11-28 16.23.06.jpg,n:\Recovery\myPictures\Dropbox Backup\Camera Uploads\2015\2015-11-28 16.23.06.jpg,652776,9f34b550c20729d00b9937eccfe05895b819a3187f488a2f8974bdb3d0d55fb6
p:\myPictures\Dropbox Backup\Camera Uploads\2016\2016-06-12 19.44.00.jpg,n:\Recovery\myPictures\Dropbox Backup\Camera Uploads\2016\2016-06-12 19.44.00.jpg,653346,dfdbe4519af49f9bd4ae3d462b6f6473c78929eb3e013f20024753face43ee64
p:\myPictures\Dropbox Backup\Camera Uploads\2015\2015-11-21 15.39.15.jpg,n:\Recovery\myPictures\Dropbox Backup\Camera Uploads\2015\2015-11-21 15.39.15.jpg,653395,d7fcd874437353db404cd26fab22f29f5abe72e6990aa83ac6f7aa738d9dcc4b
p:\myPictures\Dropbox Backup\Camera Uploads\2016\2016-06-12 19.48.09.jpg,n:\Recovery\myPictures\Dropbox Backup\Camera Uploads\2016\2016-06-12 19.48.09.jpg,653654,23f75ba2d78e69468bfa8a928aa7f786974f8842f5eb4674be4bf2ce57a08ead
p:\myPictures\Dropbox Backup\Camera Uploads\2015\2015-11-21 15.38.19.jpg,n:\Recovery\myPictures\Dropbox Backup\Camera Uploads\2015\2015-11-21 15.38.19.jpg,655311,4f8f00699eeb24d6097cbcdb83c45ea17aca40dc2955f01f075c9080f0f61a94
p:\myPictures\Dropbox Backup\Camera Uploads\2015\2015-11-21 16.47.57-1.jpg,n:\Recovery\myPictures\Dropbox Backup\Camera Uploads\2015\2015-11-21 16.47.57-1.jpg,656850,d4dedbb0d11729ddf47bc98e625074652f24578d1da233ba880aba68a8a2b084
p:\myPictures\Dropbox Backup\Camera Uploads\2016\2016-01-01 04.08.13.png,n:\Recovery\myPictures\Dropbox Backup\Camera Uploads\2016\2016-01-01 04.08.13.png,657503,7f1036984d8deaa8c4bd12f1b7a8916ed4aad90a54580e377482d3ee283cee00
p:\myPictures\Dropbox Backup\Camera Uploads\2016\2016-02-04 18.12.48.png,n:\Recovery\myPictures\Dropbox Backup\Camera Uploads\2016\2016-02-04 18.12.48.png,658549,8f1429506783deea5fb19d41d4c8816ea068e348ec9bdf8effa63eb2914393b1
p:\myPictures\Dropbox Backup\Camera Uploads\2016\2016-06-12 19.46.39.jpg,n:\Recovery\myPictures\Dropbox Backup\Camera Uploads\2016\2016-06-12 19.46.39.jpg,663891,aa2adaf4defb46428bdffd93adf7815bf5c8d3606648bfb9cc70753f7346edca
p:\myPictures\Dropbox Backup\Camera Uploads\2015\2015-12-26 17.00.07.jpg,n:\Recovery\myPictures\Dropbox Backup\Camera Uploads\2015\2015-12-26 17.00.07.jpg,665819,0b43b62acdf79901a726a565177f222d79321ca65ee672d5d7c7cfb9301ccda7
p:\myPictures\Dropbox Backup\Camera Uploads\2016\2016-01-01 04.08.18.png,n:\Recovery\myPictures\Dropbox Backup\Camera Uploads\2016\2016-01-01 04.08.18.png,681004,66d3257e171b7238d1022a360bb62cd986576eb47daff22ce05d32ae1779a055
p:\myPictures\Dropbox Backup\Camera Uploads\2016\2016-06-12 19.44.14.jpg,n:\Recovery\myPictures\Dropbox Backup\Camera Uploads\2016\2016-06-12 19.44.14.jpg,693463,b7b276a30ef02ef40d6b5531eb27e87863dbd2909637deb032e88ae4139fe578
p:\myPictures\Dropbox Backup\Camera Uploads\2016\2016-05-27 11.56.35.jpg,n:\Recovery\myPictures\Dropbox Backup\Camera Uploads\2016\2016-05-27 11.56.35.jpg,694417,541667c1d1843f1830aeb7922340f1061bf87bb644dab9cb7d13b4c32314e588
p:\myPictures\Dropbox Backup\Camera Uploads\2016\2016-06-12 19.46.47.jpg,n:\Recovery\myPictures\Dropbox Backup\Camera Uploads\2016\2016-06-12 19.46.47.jpg,697944,80b46ae5d5693d63b7d339de95ebaa0b452bdb0c741762e2524c5ec0d60cb4d9
p:\myPictures\Dropbox Backup\Camera Uploads\2015\2015-11-28 16.23.01.jpg,n:\Recovery\myPictures\Dropbox Backup\Camera Uploads\2015\2015-11-28 16.23.01.jpg,698243,aeb4758950daf218fc3cdfe4c8907f8696b7c73a810a454412982bb862cb2a37
p:\myPictures\Dropbox Backup\Camera Uploads\2016\2016-06-12 19.43.09.jpg,n:\Recovery\myPictures\Dropbox Backup\Camera Uploads\2016\2016-06-12 19.43.09.jpg,716781,980f7ad50d66296f62c18c37977851abc507db8fa6063385720201b14462be03
p:\myPictures\Dropbox Backup\Camera Uploads\2015\2015-11-09 22.47.25.jpg,n:\Recovery\myPictures\Dropbox Backup\Camera Uploads\2015\2015-11-09 22.47.25.jpg,738709,56172543a997f2a9661a24419e00ab2b984b3117d462417310b21f8866f6e830
p:\myPictures\Dropbox Backup\Camera Uploads\2016\2016-05-27 11.56.41.jpg,n:\Recovery\myPictures\Dropbox Backup\Camera Uploads\2016\2016-05-27 11.56.41.jpg,744014,4980f521fa6cd47b377819f9c50019ad2ddbb5e000abe6ce6b7a7184c2aefe59
p:\myPictures\Dropbox Backup\Camera Uploads\2016\2016-06-06 09.50.54-1.jpg,n:\Recovery\myPictures\Dropbox Backup\Camera Uploads\2016\2016-06-06 09.50.54-1.jpg,744328,8468e6b317fb4907d54ae08bc2cbb680d6559de01b031d7373ec5d4fdd9f2ea4
p:\myPictures\Dropbox Backup\Camera Uploads\2015\2015-12-26 16.54.46.jpg,n:\Recovery\myPictures\Dropbox Backup\Camera Uploads\2015\2015-12-26 16.54.46.jpg,745261,21169567fcae705bad52269306bb688964ed1194b86fef452c273d44e7954c33
p:\myPictures\Dropbox Backup\Camera Uploads\2016\2016-06-04 12.29.27.jpg,n:\Recovery\myPictures\Dropbox Backup\Camera Uploads\2016\2016-06-04 12.29.27.jpg,750463,2975302642d66d273ac34a8d8fd51e6cd361c5de9d0db1f41a737d974c96856c
p:\myPictures\Dropbox Backup\Camera Uploads\2015\2015-12-26 16.54.42.jpg,n:\Recovery\myPictures\Dropbox Backup\Camera Uploads\2015\2015-12-26 16.54.42.jpg,751287,fd060b61906252da69a1a87c17e6a377f5492c6486cfe5c5d0c8f2ce3f9174be
p:\myPictures\Dropbox Backup\Camera Uploads\2016\2016-08-18 22.46.16.jpg,n:\Recovery\myPictures\Dropbox Backup\Camera Uploads\2016\2016-08-18 22.46.16.jpg,770996,ca0ed3e59ece96d0e7444f9141907fae60cb28db03b37e2786a31bf878c8376a
p:\myPictures\Dropbox Backup\Camera Uploads\2016\2016-08-18 22.46.26.jpg,n:\Recovery\myPictures\Dropbox Backup\Camera Uploads\2016\2016-08-18 22.46.26.jpg,772131,734951d87fc564ba1ec1ccabdfe966b6ad07e751ae87bd1b1e24096d81d16f3f
p:\myPictures\Dropbox Backup\Camera Uploads\2016\2016-08-18 22.46.29.jpg,n:\Recovery\myPictures\Dropbox Backup\Camera Uploads\2016\2016-08-18 22.46.29.jpg,772209,5cbbc84407fc4ac05ea7716ee3ddf6e5da14bbd32e6aa87f5d4605d150920e93
p:\myPictures\Dropbox Backup\Camera Uploads\2016\2016-05-18 17.39.50.jpg,n:\Recovery\myPictures\Dropbox Backup\Camera Uploads\2016\2016-05-18 17.39.50.jpg,780550,221c253840754d9de748909b6de3fa50052c349f916214e1be044700f792cc3b
p:\myPictures\Dropbox Backup\Camera Uploads\2015\2015-12-26 17.06.44.jpg,n:\Recovery\myPictures\Dropbox Backup\Camera Uploads\2015\2015-12-26 17.06.44.jpg,783066,38d06aeda9910d41f820e1d935cae49b182e74f8b25c57af1c2bbb7b1630e80e
p:\myPictures\Dropbox Backup\Camera Uploads\2016\2016-06-04 12.28.48.jpg,n:\Recovery\myPictures\Dropbox Backup\Camera Uploads\2016\2016-06-04 12.28.48.jpg,785725,48601aa96937a03750127c61168e97ca8f3bc7ceedcbe7e99380afea94413775
p:\myPictures\Dropbox Backup\Camera Uploads\2016\2016-09-10 20.36.33.jpg,n:\Recovery\myPictures\Dropbox Backup\Camera Uploads\2016\2016-09-10 20.36.33.jpg,785902,33f803170432531482ee63e6ae4083a21e262f3d5269903701ea8b647867cbf5
p:\myPictures\Dropbox Backup\Camera Uploads\2016\2016-09-10 20.36.35.jpg,n:\Recovery\myPictures\Dropbox Backup\Camera Uploads\2016\2016-09-10 20.36.35.jpg,789569,419f68101e3f6ec9b9358642552ff4069d57a17c65d1b271e4cda115568bbb75
p:\myPictures\Dropbox Backup\Camera Uploads\2015\2015-12-26 17.06.34.jpg,n:\Recovery\myPictures\Dropbox Backup\Camera Uploads\2015\2015-12-26 17.06.34.jpg,789826,2c4977c78daf8e9df0fdbd8bb027f282e4451984fb1aa9c0f5dfecf8861f2f61
p:\myPictures\Dropbox Backup\Camera Uploads\2016\2016-05-10 14.08.58.jpg,n:\Recovery\myPictures\Dropbox Backup\Camera Uploads\2016\2016-05-10 14.08.58.jpg,793501,046d4d54f31c87b39a60db6f95a55d190a992b9503d0f591897b23b8c7ba7c0e
p:\myPictures\Dropbox Backup\Camera Uploads\2015\2015-12-26 17.01.21.jpg,n:\Recovery\myPictures\Dropbox Backup\Camera Uploads\2015\2015-12-26 17.01.21.jpg,796097,229665b30329aaf8187cb2faccbb8a4f97ffde07f281ab44671d32958a816016
p:\myPictures\Dropbox Backup\Camera Uploads\2016\2016-05-20 12.08.22.jpg,n:\Recovery\myPictures\Dropbox Backup\Camera Uploads\2016\2016-05-20 12.08.22.jpg,798695,85b80c3fec949b571b4aaa92f6084db0f07a2265f657f04ad198e11a00c236dc
p:\myPictures\Dropbox Backup\Camera Uploads\2016\2016-08-28 22.55.22-2.jpg,n:\Recovery\myPictures\Dropbox Backup\Camera Uploads\2016\2016-08-28 22.55.22-2.jpg,798949,07dc70aeab0efdaf7e9e8763dbbe4ffc18958e9127eda0b67245be14c84ba32d
p:\myPictures\Dropbox Backup\Camera Uploads\2016\2016-05-20 12.08.00.jpg,n:\Recovery\myPictures\Dropbox Backup\Camera Uploads\2016\2016-05-20 12.08.00.jpg,805404,269643f5d94403df44b8f3d00b360ac4a2333e085de1093b028328d5a14c6f57
p:\myPictures\Dropbox Backup\Camera Uploads\2015\2015-12-26 17.01.03.jpg,n:\Recovery\myPictures\Dropbox Backup\Camera Uploads\2015\2015-12-26 17.01.03.jpg,808687,f42f7cad01fcf05d0f89beb85a52f95839e438338a8d84c99a650427e328819a
p:\myPictures\Dropbox Backup\Camera Uploads\2015\2015-11-07 15.05.42-1.jpg,n:\Recovery\myPictures\Dropbox Backup\Camera Uploads\2015\2015-11-07 15.05.42-1.jpg,825976,c2f12f75601ed902ca56107e8f1216862087e76a5c4f81d0c0e7a89b6bab1d35
p:\myPictures\Dropbox Backup\Camera Uploads\2016\2016-06-04 12.29.40.jpg,n:\Recovery\myPictures\Dropbox Backup\Camera Uploads\2016\2016-06-04 12.29.40.jpg,828807,34a6cb30f7bfa4f2eadb06abaa37b7bce6e8aeaf2faf73da23586913b87a3b90
p:\myPictures\Dropbox Backup\Camera Uploads\2015\2015-11-07 15.04.53-1.jpg,n:\Recovery\myPictures\Dropbox Backup\Camera Uploads\2015\2015-11-07 15.04.53-1.jpg,836289,491c644db7fde45cbba9a4ce38c5b4b1ebc7f9daa0667507d7b74cd65b4b537b
p:\myPictures\Dropbox Backup\Camera Uploads\2015\2015-12-12 14.00.09.jpg,n:\Recovery\myPictures\Dropbox Backup\Camera Uploads\2015\2015-12-12 14.00.09.jpg,842903,d1e46f985314dfb338fa691bd82e5b6a4e515e5e5e4fd2d9639b27fd8dc7da8c
p:\myPictures\Dropbox Backup\Camera Uploads\2016\2016-06-12 19.44.28.jpg,n:\Recovery\myPictures\Dropbox Backup\Camera Uploads\2016\2016-06-12 19.44.28.jpg,843149,f4c179d9b55adccb7774d25dab600f8e2260e413eae294f78b6e88cce23328cb
p:\myPictures\Dropbox Backup\Camera Uploads\2016\2016-08-05 15.08.37.png,n:\Recovery\myPictures\Dropbox Backup\Camera Uploads\2016\2016-08-05 15.08.37.png,843242,9e862aa44c991935ef28f13af316185452041f2f40647732eec8bd959edac0ab
p:\myPictures\Dropbox Backup\Camera Uploads\2015\2015-11-09 22.47.30.jpg,n:\Recovery\myPictures\Dropbox Backup\Camera Uploads\2015\2015-11-09 22.47.30.jpg,846622,43cb0b6116afd4db05d880878496491efc07d5bd98ce6fafc6818183592336cb
p:\myPictures\Dropbox Backup\Camera Uploads\2016\2016-04-13 21.35.38.jpg,n:\Recovery\myPictures\Dropbox Backup\Camera Uploads\2016\2016-04-13 21.35.38.jpg,849716,8b8488eac1ce9e70a42672c226d6067708a204a49048811fb493bd347639af0b
p:\myPictures\Dropbox Backup\Camera Uploads\2016\2016-07-02 20.05.08.png,n:\Recovery\myPictures\Dropbox Backup\Camera Uploads\2016\2016-07-02 20.05.08.png,849721,972479cf262b917a75b7eee882db6c49afc912cdfa245722f87575ddc3721458
p:\myPictures\Dropbox Backup\Camera Uploads\2015\2015-12-12 13.59.16.jpg,n:\Recovery\myPictures\Dropbox Backup\Camera Uploads\2015\2015-12-12 13.59.16.jpg,859584,86344b8ae25b2994392a0b7bb32ef8ef0e0f9dbbf8565f2bb38e650c451b3558
p:\myPictures\Dropbox Backup\Camera Uploads\2016\2016-12-03 12.25.53.png,n:\Recovery\myPictures\Dropbox Backup\Camera Uploads\2016\2016-12-03 12.25.53.png,876243,e3c646de8b6155aa8d3ae73084d399bd3052c50f1fdcc35bd0ee41b2f70abf06
p:\myPictures\Dropbox Backup\Camera Uploads\2016\2016-06-12 19.48.05.jpg,n:\Recovery\myPictures\Dropbox Backup\Camera Uploads\2016\2016-06-12 19.48.05.jpg,877174,cc71b96db8b9d10cf7db298a16a609f3a5a9e99634f150c98a953e785b1250e3
p:\myPictures\Dropbox Backup\Camera Uploads\2016\2016-04-17 13.36.12.jpg,n:\Recovery\myPictures\Dropbox Backup\Camera Uploads\2016\2016-04-17 13.36.12.jpg,890334,0b3dab4ae7f26310fbd4c36d0316ff364a358789eee972df3eee39955d025ba6
p:\myPictures\Dropbox Backup\Camera Uploads\2016\2016-02-12 19.01.17.jpg,n:\Recovery\myPictures\Dropbox Backup\Camera Uploads\2016\2016-02-12 19.01.17.jpg,907742,5136fd090c0903f79c5ed4a15606784f16f5210cf44c39e4a86596fefdc3188d
p:\myPictures\Dropbox Backup\Camera Uploads\2015\2015-11-09 22.47.41.jpg,n:\Recovery\myPictures\Dropbox Backup\Camera Uploads\2015\2015-11-09 22.47.41.jpg,928455,fc2f20064a73b20808022d983544fd18d8ec012254999f1e213e2bfea8860663
p:\myPictures\Dropbox Backup\Camera Uploads\2015\2015-11-11 21.06.24.jpg,n:\Recovery\myPictures\Dropbox Backup\Camera Uploads\2015\2015-11-11 21.06.24.jpg,932107,398eb552e637ba3d6f8b74b4dd61fa7b3076d61bb06579c6e0758fdaddd5841f
p:\myPictures\Dropbox Backup\Camera Uploads\2015\2015-12-06 10.34.27.jpg,n:\Recovery\myPictures\Dropbox Backup\Camera Uploads\2015\2015-12-06 10.34.27.jpg,933546,215f60a5ce5c4366ec4ad0edc221b33a12c7b64e7b61c5eb88a7bd5f41f668e6
p:\myPictures\Dropbox Backup\Camera Uploads\2015\2015-11-09 22.47.37.jpg,n:\Recovery\myPictures\Dropbox Backup\Camera Uploads\2015\2015-11-09 22.47.37.jpg,936270,2a9c980c36d92419baeda7d69110725f426b5af817907196865c072c677f4e59
p:\myPictures\Dropbox Backup\Camera Uploads\2016\2016-02-12 19.05.40.jpg,n:\Recovery\myPictures\Dropbox Backup\Camera Uploads\2016\2016-02-12 19.05.40.jpg,938983,cb67062289e77282a75b888e527e85b6a7cee055ce898afb4cb217f43577ff41
p:\myPictures\Dropbox Backup\Camera Uploads\2016\2016-07-07 11.38.35.flv,n:\Recovery\myPictures\Dropbox Backup\Camera Uploads\2016\2016-07-07 11.38.35.flv,948236,b1ef63faa2b5601f4b2ceb777dafd5e9ee644f7ee1c3a8d88ed91785d76e0760
p:\myPictures\Dropbox Backup\Camera Uploads\2015\2015-11-06 16.24.47.jpg,n:\Recovery\myPictures\Dropbox Backup\Camera Uploads\2015\2015-11-06 16.24.47.jpg,963618,3c07eafeb79aa6edcc4b6b65b071bab50e77e5a9cae8ec6565e463285259469b
p:\myPictures\Dropbox Backup\Camera Uploads\2015\2015-12-06 10.25.43.jpg,n:\Recovery\myPictures\Dropbox Backup\Camera Uploads\2015\2015-12-06 10.25.43.jpg,969061,572cac39200951f6240c76e4f2e14837a1cf11239f4f0893345f07475d625d45
p:\myPictures\Dropbox Backup\Camera Uploads\2016\2016-02-12 19.01.05.jpg,n:\Recovery\myPictures\Dropbox Backup\Camera Uploads\2016\2016-02-12 19.01.05.jpg,998015,17b7272190113f254d41a3304898b64b0ef2aea16965aaa5b1ce142c39b11fb5
p:\myPictures\Dropbox Backup\Camera Uploads\2016\2016-07-19 10.41.35-1.jpg,n:\Recovery\myPictures\Dropbox Backup\Camera Uploads\2016\2016-07-19 10.41.35-1.jpg,1117023,66462d7e9660882a31e0d3383210d81c252e8ee31a6dfb01f1f3a9f3727b3c1a
p:\myPictures\Dropbox Backup\Camera Uploads\2016\2016-02-12 19.00.59.jpg,n:\Recovery\myPictures\Dropbox Backup\Camera Uploads\2016\2016-02-12 19.00.59.jpg,1128689,37f6f22c0bd08ccf3f2f797233929478bc0549cc2e315949cc387da287a5c659
p:\myPictures\Dropbox Backup\Camera Uploads\2016\2016-02-12 19.05.54.jpg,n:\Recovery\myPictures\Dropbox Backup\Camera Uploads\2016\2016-02-12 19.05.54.jpg,1149021,23791a003147c7724d6d25ff27e69882c28343c279c3c8aee9d52820fa0ebd0c
p:\myPictures\Dropbox Backup\Camera Uploads\2015\2015-12-31 13.57.40.png,n:\Recovery\myPictures\Dropbox Backup\Camera Uploads\2015\2015-12-31 13.57.40.png,1174515,db943a124107601b003663567e4c1b6034b126d29751c4311dc318cf99636e16
p:\myPictures\Dropbox Backup\Camera Uploads\2016\2016-01-19 06.10.09.png,n:\Recovery\myPictures\Dropbox Backup\Camera Uploads\2016\2016-01-19 06.10.09.png,1193332,b38fd86f66519c14c6f51bf58acddc96b907e110f50d79bb37246e8920fdf96e
p:\myPictures\Dropbox Backup\Camera Uploads\2016\2016-04-13 21.35.55.jpg,n:\Recovery\myPictures\Dropbox Backup\Camera Uploads\2016\2016-04-13 21.35.55.jpg,1195135,08304e0feca08740fcdea0454a163829b29c70648dc9bb899317aa813fe5fcd9
p:\myPictures\Dropbox Backup\Camera Uploads\2016\2016-05-20 12.09.23.jpg,n:\Recovery\myPictures\Dropbox Backup\Camera Uploads\2016\2016-05-20 12.09.23.jpg,1204209,867c0175fcc32ad25019f78fa7f38ec29494757979a4889acc274c102c544b55
p:\myPictures\Dropbox Backup\Camera Uploads\2016\2016-08-28 22.53.10.jpg,n:\Recovery\myPictures\Dropbox Backup\Camera Uploads\2016\2016-08-28 22.53.10.jpg,1215850,2a4e191815913b2f1a23c34164958a692b07bcf925643d8986488759b7ff92d8
p:\myPictures\Dropbox Backup\Camera Uploads\2016\2016-05-20 12.08.39.jpg,n:\Recovery\myPictures\Dropbox Backup\Camera Uploads\2016\2016-05-20 12.08.39.jpg,1218195,b5c6dd08c81dc218e6e2045c22e52a5f177836a90fb1e77b80905793ae2b4de1
p:\myPictures\Dropbox Backup\Camera Uploads\2016\2016-05-20 12.08.47.jpg,n:\Recovery\myPictures\Dropbox Backup\Camera Uploads\2016\2016-05-20 12.08.47.jpg,1245967,b926fc21778697873f24a0adbd5f6e8169e9f8852162b632aea2eed9f9bf3e25
p:\myPictures\Dropbox Backup\Camera Uploads\2016\2016-10-19 16.24.36.png,n:\Recovery\myPictures\Dropbox Backup\Camera Uploads\2016\2016-10-19 16.24.36.png,1249175,caf05f1a7f2ba45fa4b74520116f2aceb1da7309c341d90defc91c43ec6f721c
p:\myPictures\Dropbox Backup\Camera Uploads\2016\2016-01-09 19.00.34.jpg,n:\Recovery\myPictures\Dropbox Backup\Camera Uploads\2016\2016-01-09 19.00.34.jpg,1267960,9664c9e4f89f968b295216b3ad0ac311a327f6d7cbee4d9f3e736a9ebd453459
p:\myPictures\Dropbox Backup\Camera Uploads\2016\2016-06-25 04.16.17-2.jpg,n:\Recovery\myPictures\Dropbox Backup\Camera Uploads\2016\2016-06-25 04.16.17-2.jpg,1285031,4cc1800d678b8b13020144a394c0718845ce69cd1c47f720760c9f0f66819daa
p:\myPictures\Dropbox Backup\Camera Uploads\2015\2015-11-21 16.49.19-1.jpg,n:\Recovery\myPictures\Dropbox Backup\Camera Uploads\2015\2015-11-21 16.49.19-1.jpg,1301741,3c42cd391858531ee38a6f630300abb0f678fc9f3ae262cdffc200038c7412b2
p:\myPictures\Dropbox Backup\Camera Uploads\2016\2016-03-26 17.14.47.jpg,n:\Recovery\myPictures\Dropbox Backup\Camera Uploads\2016\2016-03-26 17.14.47.jpg,1324933,b66f3d44b5c891f5c9640880f16e939222e0506c26de2840fdea498a1e5859e4
p:\myPictures\Dropbox Backup\Camera Uploads\2016\2016-04-23 17.40.36.jpg,n:\Recovery\myPictures\Dropbox Backup\Camera Uploads\2016\2016-04-23 17.40.36.jpg,1329476,689c50ad2a88538e5643330f6c0518d6df5bc782e0b8ef394a79f0dcfd1d8bc8
p:\myPictures\Dropbox Backup\Camera Uploads\2015\2015-12-04 20.16.12.jpg,n:\Recovery\myPictures\Dropbox Backup\Camera Uploads\2015\2015-12-04 20.16.12.jpg,1338966,010aa4cf09bf034792013b8ecfd97cb2baef1ed3ec726823c78de88e1815cb3f
p:\myPictures\Dropbox Backup\Camera Uploads\2016\2016-07-19 10.29.45.jpg,n:\Recovery\myPictures\Dropbox Backup\Camera Uploads\2016\2016-07-19 10.29.45.jpg,1340329,14e2e3dc0b17089bcd6eaf85d456ae2d0cf857c07d4b2cc9d828a7c86302c763
p:\myPictures\Dropbox Backup\Camera Uploads\2015\2015-10-24 19.44.32-1.jpg,n:\Recovery\myPictures\Dropbox Backup\Camera Uploads\2015\2015-10-24 19.44.32-1.jpg,1343502,d1df5cc32dbe840da4c9be12672e893f9945fe7f0ee7bb40b9ea9787e0ffee5a
p:\myPictures\Dropbox Backup\Camera Uploads\2016\2016-03-26 17.14.46.jpg,n:\Recovery\myPictures\Dropbox Backup\Camera Uploads\2016\2016-03-26 17.14.46.jpg,1345207,4544c7f0f2b7e31a076eb3397318cff09c9718eb5f7763d09cea76a7f8b293c4
p:\myPictures\Dropbox Backup\Camera Uploads\2016\2016-03-26 15.38.33.jpg,n:\Recovery\myPictures\Dropbox Backup\Camera Uploads\2016\2016-03-26 15.38.33.jpg,1350882,661ef0f039939c523f48351bfb2cc6d2bc2fbb736c6a9f36f9e8c0ea2266a0d1
p:\myPictures\Dropbox Backup\Camera Uploads\2016\2016-03-26 15.38.17.jpg,n:\Recovery\myPictures\Dropbox Backup\Camera Uploads\2016\2016-03-26 15.38.17.jpg,1356751,673ebce6f066492e3b50a598689561cf18b3033093a89c0669013beebabc35d7
p:\myPictures\Dropbox Backup\Camera Uploads\2015\2015-10-19 21.25.07.jpg,n:\Recovery\myPictures\Dropbox Backup\Camera Uploads\2015\2015-10-19 21.25.07.jpg,1357843,66cb5d6722fd3fcd2acc0f2993942d03ea75b5b1caee2c911f16fe4fffa28ff2
p:\myPictures\Dropbox Backup\Camera Uploads\2015\2015-11-21 16.45.03-1.jpg,n:\Recovery\myPictures\Dropbox Backup\Camera Uploads\2015\2015-11-21 16.45.03-1.jpg,1365398,44644371b5ce4731a435ce44499308adf6ad6a07c32898e36202f2fd5b25dca6
p:\myPictures\Dropbox Backup\Camera Uploads\2016\2016-05-01 17.28.59.jpg,n:\Recovery\myPictures\Dropbox Backup\Camera Uploads\2016\2016-05-01 17.28.59.jpg,1377049,eaefb3f2ad1fc05f1614de13a61627a121614cc3dfe56e0112f8feb563f00702
p:\myPictures\Dropbox Backup\Camera Uploads\2016\2016-03-26 17.09.10.jpg,n:\Recovery\myPictures\Dropbox Backup\Camera Uploads\2016\2016-03-26 17.09.10.jpg,1382128,7cacb75c29951bc29552d66fb8965ff1f63e5eca36ca5c12b484be8bbce3fba6
p:\myPictures\Dropbox Backup\Camera Uploads\2016\2016-11-19 18.54.12.jpg,n:\Recovery\myPictures\Dropbox Backup\Camera Uploads\2016\2016-11-19 18.54.12.jpg,1383569,273a6f1b1d46e54de8b1107bd589c1fd5b5aa65487974d7a9e046fe91e4f9855
p:\myPictures\Dropbox Backup\Camera Uploads\2015\2015-11-21 16.48.57-1.jpg,n:\Recovery\myPictures\Dropbox Backup\Camera Uploads\2015\2015-11-21 16.48.57-1.jpg,1385706,f6c081fa7ee561bee9b9c4932f5b820229216e5cc0a983c073ec157de0a0906c
p:\myPictures\Dropbox Backup\Camera Uploads\2016\2016-04-23 17.40.05.jpg,n:\Recovery\myPictures\Dropbox Backup\Camera Uploads\2016\2016-04-23 17.40.05.jpg,1394604,e6ad86c243e8e089adfcd5fc51222a61141e13cd969ea0c875d271785b8201a4
p:\myPictures\Dropbox Backup\Camera Uploads\2016\2016-05-09 15.57.11.jpg,n:\Recovery\myPictures\Dropbox Backup\Camera Uploads\2016\2016-05-09 15.57.11.jpg,1406867,15b390dcfeae565ac4788d6eb727dce31651c85a328637e3e27a34f607673650
p:\myPictures\Dropbox Backup\Camera Uploads\2015\2015-11-03 15.42.03.jpg,n:\Recovery\myPictures\Dropbox Backup\Camera Uploads\2015\2015-11-03 15.42.03.jpg,1439015,1e26d373a907d277a18a2bd00fd936fc4fcf3e8cba38b075dbfcc9f85a8d4898
p:\myPictures\Dropbox Backup\Camera Uploads\2015\2015-12-29 15.04.05.jpg,n:\Recovery\myPictures\Dropbox Backup\Camera Uploads\2015\2015-12-29 15.04.05.jpg,1443505,c67ef9144a8c736c703d26ea2057d89b7e804b7968a352b5e14ae955b7fee737
p:\myPictures\Dropbox Backup\Camera Uploads\2015\2015-10-19 21.25.24.jpg,n:\Recovery\myPictures\Dropbox Backup\Camera Uploads\2015\2015-10-19 21.25.24.jpg,1467060,d433941e70fe6eccf9a863780a920530f2f42fe198917db60e9bb252f6645cc2
p:\myPictures\Dropbox Backup\Camera Uploads\2016\2016-08-20 15.02.42-1.jpg,n:\Recovery\myPictures\Dropbox Backup\Camera Uploads\2016\2016-08-20 15.02.42-1.jpg,1475252,681a85746d1ff94555d28187596f5bfce97306211604e8645dd8ef500f0160a2
p:\myPictures\Dropbox Backup\Camera Uploads\2016\2016-08-20 15.02.45.jpg,n:\Recovery\myPictures\Dropbox Backup\Camera Uploads\2016\2016-08-20 15.02.45.jpg,1475252,8099cfa2ab1c897e1d7864caeed269dd493baf95ec85dd8d899fb2c701fd2647
p:\myPictures\Dropbox Backup\Camera Uploads\2016\2016-08-20 15.02.42.jpg,n:\Recovery\myPictures\Dropbox Backup\Camera Uploads\2016\2016-08-20 15.02.42.jpg,1475252,8b7890e67c7717d15243c3c82fd362282be5043e604bc1b2fd89fb4a77124bd1
p:\myPictures\Dropbox Backup\Camera Uploads\2016\2016-08-20 15.02.41.jpg,n:\Recovery\myPictures\Dropbox Backup\Camera Uploads\2016\2016-08-20 15.02.41.jpg,1475252,9f7f13a5d230dd63f165e528fcd5df01fec954468e220c8afbf25d88216e7298
p:\myPictures\Dropbox Backup\Camera Uploads\2016\2016-05-17 14.28.23.jpg,n:\Recovery\myPictures\Dropbox Backup\Camera Uploads\2016\2016-05-17 14.28.23.jpg,1476984,46c53bdd3ca991dfc4d42f25c3ebc26ca72f18def10ecb2e4ad65ce88baa1545
p:\myPictures\Dropbox Backup\Camera Uploads\2016\2016-05-17 14.28.20.jpg,n:\Recovery\myPictures\Dropbox Backup\Camera Uploads\2016\2016-05-17 14.28.20.jpg,1485465,4977c11d2a8915cc472bf16d29ee6bfce6b8a05ed1a407ff117bd4cc43317461
p:\myPictures\Dropbox Backup\Camera Uploads\2016\2016-04-22 00.09.48.jpg,n:\Recovery\myPictures\Dropbox Backup\Camera Uploads\2016\2016-04-22 00.09.48.jpg,1488649,a1e5a14ed1a6dab52d8a4cad84b772f62bdae51e36a9c912b68568631286d751
p:\myPictures\Dropbox Backup\Camera Uploads\2016\2016-05-07 08.43.07.png,n:\Recovery\myPictures\Dropbox Backup\Camera Uploads\2016\2016-05-07 08.43.07.png,1503255,735bf82b1007abf2edf0bbf2ffa22e3c53568ec4975a76a36e61a8084ce23cde
p:\myPictures\Dropbox Backup\Camera Uploads\2016\2016-01-09 23.14.29.jpg,n:\Recovery\myPictures\Dropbox Backup\Camera Uploads\2016\2016-01-09 23.14.29.jpg,1505250,56840c4f2398b82db91236bd68db6d1be63e10dc5fa27270b8068716d76a50fc
p:\myPictures\Dropbox Backup\Camera Uploads\2016\2016-04-25 00.56.26.jpg,n:\Recovery\myPictures\Dropbox Backup\Camera Uploads\2016\2016-04-25 00.56.26.jpg,1509543,2f0bfa05bc439b6a5144a57be8d618d5ba736a1a4b8bf11b344dd6d88e687d2e
p:\myPictures\Dropbox Backup\Camera Uploads\2017\2017-03-24 21.39.52.jpg,n:\Recovery\myPictures\Dropbox Backup\Camera Uploads\2017\2017-03-24 21.39.52.jpg,1512346,38333ece81270a98e3896a52cc6a99a17a1cd2aaf2ff918b2270e073e96a5854
p:\myPictures\Dropbox Backup\Camera Uploads\2016\2016-12-23 18.07.43.jpg,n:\Recovery\myPictures\Dropbox Backup\Camera Uploads\2016\2016-12-23 18.07.43.jpg,1512669,712f57bdcc4181afaff34ba68a730f2e3ce4fe6270738ae0f477c47c2e04f5cc
p:\myPictures\Dropbox Backup\Camera Uploads\2016\2016-12-23 18.07.31.jpg,n:\Recovery\myPictures\Dropbox Backup\Camera Uploads\2016\2016-12-23 18.07.31.jpg,1514361,b3447a5214c0aefdd5ceadb37da100b0a503b92f42b3fcec6b99ec846cd765a8
p:\myPictures\Dropbox Backup\Camera Uploads\2017\2017-01-05 09.35.16.png,n:\Recovery\myPictures\Dropbox Backup\Camera Uploads\2017\2017-01-05 09.35.16.png,1515995,3d5a44717410c3c582a1c3909d4e3c6f802eb6f2fe14d1277be512fe3d500368
p:\myPictures\Dropbox Backup\Camera Uploads\2015\2015-12-29 15.03.47.jpg,n:\Recovery\myPictures\Dropbox Backup\Camera Uploads\2015\2015-12-29 15.03.47.jpg,1518715,0dd347acacde10f4dcbd41c463f41b825e2ebf06040f68f2d249aa2d14b5b0a7
p:\myPictures\Dropbox Backup\Camera Uploads\2016\2016-12-23 18.08.02.jpg,n:\Recovery\myPictures\Dropbox Backup\Camera Uploads\2016\2016-12-23 18.08.02.jpg,1523404,358e0449116accb2d6d5b76b53c51cea924cc7156bf6acde4e1addd4c99a4f9d
p:\myPictures\Dropbox Backup\Camera Uploads\2016\2016-01-09 19.03.05.jpg,n:\Recovery\myPictures\Dropbox Backup\Camera Uploads\2016\2016-01-09 19.03.05.jpg,1526382,a8735176bd768451c9a603a5c5129914b35f3ed826d387bfc13214930a91e360
p:\myPictures\Dropbox Backup\Camera Uploads\2016\2016-07-24 22.14.06.png,n:\Recovery\myPictures\Dropbox Backup\Camera Uploads\2016\2016-07-24 22.14.06.png,1536413,ab48d020944ea464f404d16b29698e5ebae376ff58d839fa40e342df35b5cbb8
p:\myPictures\Dropbox Backup\Camera Uploads\2015\2015-11-21 16.06.16-1.jpg,n:\Recovery\myPictures\Dropbox Backup\Camera Uploads\2015\2015-11-21 16.06.16-1.jpg,1538077,f148586881d9acb4ac20333134101d1c152cef7100683e5a2f78c6b0fb1cc1e3
p:\myPictures\Dropbox Backup\Camera Uploads\2016\2016-05-01 17.27.53.jpg,n:\Recovery\myPictures\Dropbox Backup\Camera Uploads\2016\2016-05-01 17.27.53.jpg,1546299,11a43e861fe493e2e3eb4afde3ce5e24a79626010d05ab7d058dd9b34b29e297
p:\myPictures\Dropbox Backup\Camera Uploads\2016\2016-03-26 15.38.02.jpg,n:\Recovery\myPictures\Dropbox Backup\Camera Uploads\2016\2016-03-26 15.38.02.jpg,1553710,1a08196ddbc49c1461148e0ad83ffff8117913a2aa8fe6d57250cb433fa7c01e
p:\myPictures\Dropbox Backup\Camera Uploads\2016\2016-08-27 20.28.44.jpg,n:\Recovery\myPictures\Dropbox Backup\Camera Uploads\2016\2016-08-27 20.28.44.jpg,1557780,5f08ce20c3a016b9e6696c877937f73545f81f9208938b470814e7537a8c398b
p:\myPictures\Dropbox Backup\Camera Uploads\2016\2016-02-12 19.04.54.jpg,n:\Recovery\myPictures\Dropbox Backup\Camera Uploads\2016\2016-02-12 19.04.54.jpg,1566397,c8b1faa028259a83477fea9de17d74a83b2c5a63498b4a961f5114d4c42c2408
p:\myPictures\Dropbox Backup\Camera Uploads\2016\2016-03-26 17.14.28.jpg,n:\Recovery\myPictures\Dropbox Backup\Camera Uploads\2016\2016-03-26 17.14.28.jpg,1573614,f6331f70cc6a9659c4362e8242701475a8ed222175370b71575e9d84846d0dd5
p:\myPictures\Dropbox Backup\Camera Uploads\2015\2015-11-07 15.05.09-1.jpg,n:\Recovery\myPictures\Dropbox Backup\Camera Uploads\2015\2015-11-07 15.05.09-1.jpg,1573621,064c92716eb43ee09fd46cf26f9dae274a55bb387ddbd87efbc2d46a28001dac
p:\myPictures\Dropbox Backup\Camera Uploads\2015\2015-11-21 16.04.35-1.jpg,n:\Recovery\myPictures\Dropbox Backup\Camera Uploads\2015\2015-11-21 16.04.35-1.jpg,1575519,3e76061a31af870ed102174aff5bb34424a251efc3bcd3cffc00f3bf9bbc600e
p:\myPictures\Dropbox Backup\Camera Uploads\2016\2016-03-26 15.39.24.jpg,n:\Recovery\myPictures\Dropbox Backup\Camera Uploads\2016\2016-03-26 15.39.24.jpg,1579051,044a4e86b3a377efab89a092787b044fda44bc63e062735bc8c1c0783664e713
p:\myPictures\Dropbox Backup\Camera Uploads\2015\2015-11-06 16.25.01.jpg,n:\Recovery\myPictures\Dropbox Backup\Camera Uploads\2015\2015-11-06 16.25.01.jpg,1589656,042bf2c918cb1d906f56663f916d48e207b2781835147091bce1a943d1e32c71
p:\myPictures\Dropbox Backup\Camera Uploads\2016\2016-01-09 15.54.44.jpg,n:\Recovery\myPictures\Dropbox Backup\Camera Uploads\2016\2016-01-09 15.54.44.jpg,1600585,8b39e8867c32ea69bb86ef7049aa3e81c933c73ee51ba311061a5d0aa590ec3f
p:\myPictures\Dropbox Backup\Camera Uploads\2015\2015-12-04 08.29.54.jpg,n:\Recovery\myPictures\Dropbox Backup\Camera Uploads\2015\2015-12-04 08.29.54.jpg,1613303,52f4cadfe214f4a9eca6aeb759cce14e3dfa3591490f3b559735f33fe7300ca0
p:\myPictures\Dropbox Backup\Camera Uploads\2016\2016-05-01 17.27.39.jpg,n:\Recovery\myPictures\Dropbox Backup\Camera Uploads\2016\2016-05-01 17.27.39.jpg,1614533,90b6a90a47c2e7f7e249f4bf6afc37a7ed2eaab516a6487cc180b12f4cb57d0a
p:\myPictures\Dropbox Backup\Camera Uploads\2016\2016-04-22 00.09.36.jpg,n:\Recovery\myPictures\Dropbox Backup\Camera Uploads\2016\2016-04-22 00.09.36.jpg,1616636,c39a637e1c06cb3071572e099cf542b3e25f9c0d598eb2eb3cc306b9c4ad1ef6
p:\myPictures\Dropbox Backup\Camera Uploads\2017\2017-03-24 21.40.38.jpg,n:\Recovery\myPictures\Dropbox Backup\Camera Uploads\2017\2017-03-24 21.40.38.jpg,1619628,32496051da902ca50f457472888e253401ca0b762502fe094d98a30fe502a93c
p:\myPictures\Dropbox Backup\Camera Uploads\2017\2017-03-24 21.39.15.jpg,n:\Recovery\myPictures\Dropbox Backup\Camera Uploads\2017\2017-03-24 21.39.15.jpg,1624280,ed5e74399cc0e194ea6ade8e94d539ede11cafc4756b50474e2f0e97851905f9
p:\myPictures\Dropbox Backup\Camera Uploads\2015\2015-11-06 17.32.05.jpg,n:\Recovery\myPictures\Dropbox Backup\Camera Uploads\2015\2015-11-06 17.32.05.jpg,1630485,594fc81729e188730ca80e487b9dda67073174135f914cb6e3a0ccdf231219ec
p:\myPictures\Dropbox Backup\Camera Uploads\2015\2015-11-21 16.06.37-1.jpg,n:\Recovery\myPictures\Dropbox Backup\Camera Uploads\2015\2015-11-21 16.06.37-1.jpg,1630488,f9974ffa1336dd5dfb5442f23883ff834ff9bc0b8aa8683b195651c3cee8c886
p:\myPictures\Dropbox Backup\Camera Uploads\2016\2016-03-26 15.39.33.jpg,n:\Recovery\myPictures\Dropbox Backup\Camera Uploads\2016\2016-03-26 15.39.33.jpg,1638407,769777660222cd5fdcebdcfcfca4a761501e42e899946ff47cd8dda190d79a0d
p:\myPictures\Dropbox Backup\Camera Uploads\2016\2016-07-27 00.13.21.jpg,n:\Recovery\myPictures\Dropbox Backup\Camera Uploads\2016\2016-07-27 00.13.21.jpg,1638711,a3e064d14594fdc060c5981ae5920704570120b9e0b287a1efd5dce1da8ffca5
p:\myPictures\Dropbox Backup\Camera Uploads\2016\2016-06-15 10.42.54.jpg,n:\Recovery\myPictures\Dropbox Backup\Camera Uploads\2016\2016-06-15 10.42.54.jpg,1642861,3bec3805d1e3ec6559382196c9a035ee2e39a63a36a013f26bfae4010af6df61
p:\myPictures\Dropbox Backup\Camera Uploads\2016\2016-02-12 19.02.35.jpg,n:\Recovery\myPictures\Dropbox Backup\Camera Uploads\2016\2016-02-12 19.02.35.jpg,1654071,8d5569161aed12f9b7c3d3b443798237e7c25cd37a8608230b25027bcd3b8bce
p:\myPictures\Dropbox Backup\Camera Uploads\2015\2015-11-06 17.32.12.jpg,n:\Recovery\myPictures\Dropbox Backup\Camera Uploads\2015\2015-11-06 17.32.12.jpg,1661230,9fabbf0d9c16d987bd38d3fa5375622bef47b9a0bb0b7c8acda5806514c04413
p:\myPictures\Dropbox Backup\Camera Uploads\2016\2016-04-23 17.40.39.jpg,n:\Recovery\myPictures\Dropbox Backup\Camera Uploads\2016\2016-04-23 17.40.39.jpg,1663800,5f014ceb1973d87a4ee657d5ef2489e0ffe6d2741622461c59580308e1dad734
p:\myPictures\Dropbox Backup\Camera Uploads\2016\2016-05-17 14.34.08.jpg,n:\Recovery\myPictures\Dropbox Backup\Camera Uploads\2016\2016-05-17 14.34.08.jpg,1673528,4551a0186aa6bad27a833c4a2cf48c9f9f21274856a1b1bd20aff738182ae397
p:\myPictures\Dropbox Backup\Camera Uploads\2016\2016-03-26 17.10.50.jpg,n:\Recovery\myPictures\Dropbox Backup\Camera Uploads\2016\2016-03-26 17.10.50.jpg,1674604,6e0598c5884c39b9570d60a31f13a566b7c82cf60fa83cf4673460fa60a2527c
p:\myPictures\Dropbox Backup\Camera Uploads\2016\2016-08-15 23.16.54.jpg,n:\Recovery\myPictures\Dropbox Backup\Camera Uploads\2016\2016-08-15 23.16.54.jpg,1675464,b900d104fbfbb5aafc348f8112bca4dc7ec0ede405f5bb1bd1e14cae3434dd1f
p:\myPictures\Dropbox Backup\Camera Uploads\2016\2016-02-17 14.30.59.jpg,n:\Recovery\myPictures\Dropbox Backup\Camera Uploads\2016\2016-02-17 14.30.59.jpg,1676481,75a6772919710db48a20a76af4d039f39a0a1c8f017bd54b352ca152ff93a785
p:\myPictures\Dropbox Backup\Camera Uploads\2016\2016-05-17 14.28.05.jpg,n:\Recovery\myPictures\Dropbox Backup\Camera Uploads\2016\2016-05-17 14.28.05.jpg,1681409,0af13b1fb823c1e8fa8897bb9c4c9f0de94be80817967b40eb12116d6b2fd55a
p:\myPictures\Dropbox Backup\Camera Uploads\2016\2016-02-12 19.03.03.jpg,n:\Recovery\myPictures\Dropbox Backup\Camera Uploads\2016\2016-02-12 19.03.03.jpg,1682985,9a4576070959b00aea0782c773ae3912991c31e2f45c37ad1b01b47f24ce6a0c
p:\myPictures\Dropbox Backup\Camera Uploads\2016\2016-03-26 15.38.44.jpg,n:\Recovery\myPictures\Dropbox Backup\Camera Uploads\2016\2016-03-26 15.38.44.jpg,1684756,c32f4cbf6ba7da2856b53214f2053cf990d8b7dec9950d029863fbbd0a4fe133
p:\myPictures\Dropbox Backup\Camera Uploads\2016\2016-03-26 15.38.54.jpg,n:\Recovery\myPictures\Dropbox Backup\Camera Uploads\2016\2016-03-26 15.38.54.jpg,1697460,62631a037ce84d4af0b619df3c4c20ea08c9ccef6eb413bb3c5a8d424a0acebd
p:\myPictures\Dropbox Backup\Camera Uploads\2016\2016-06-22 13.19.14.jpg,n:\Recovery\myPictures\Dropbox Backup\Camera Uploads\2016\2016-06-22 13.19.14.jpg,1704424,727ab94836139270e72d4c0edef0dde5aa62ad39499a107a1f94ed4f0140ec9e
p:\myPictures\Dropbox Backup\Camera Uploads\2016\2016-05-12 02.51.27.jpg,n:\Recovery\myPictures\Dropbox Backup\Camera Uploads\2016\2016-05-12 02.51.27.jpg,1704849,7eb45b09c3bb7211ba7abbe24ee2aed92fa56f6f8d00e7806fa02c759bfae950
p:\myPictures\Dropbox Backup\Camera Uploads\2016\2016-08-28 22.53.10-org.jpg,n:\Recovery\myPictures\Dropbox Backup\Camera Uploads\2016\2016-08-28 22.53.10-org.jpg,1712267,f4ae52862aca4bcaacf4ccf6375f424ded0a7b31cf8ab9ca6bc9c93b734a45b5
p:\myPictures\Dropbox Backup\Camera Uploads\2016\2016-03-26 15.37.52.jpg,n:\Recovery\myPictures\Dropbox Backup\Camera Uploads\2016\2016-03-26 15.37.52.jpg,1717969,4c820b47c912ecf4dcb09150f84b64d7629df7bf9547e9f8e0170e715f5ec2f6
p:\myPictures\Dropbox Backup\Camera Uploads\2016\2016-02-12 19.04.38.jpg,n:\Recovery\myPictures\Dropbox Backup\Camera Uploads\2016\2016-02-12 19.04.38.jpg,1718316,488850b31a84009636bfcd258dd874aca2b5bae4d62c7074cbd45ca2ebcb6717
p:\myPictures\Dropbox Backup\Camera Uploads\2015\2015-11-09 22.19.10.jpg,n:\Recovery\myPictures\Dropbox Backup\Camera Uploads\2015\2015-11-09 22.19.10.jpg,1722858,1a9ace64c7a4348ba194665275beb65340111ef4d99a95b5758db5e4e22721ac
p:\myPictures\Dropbox Backup\Camera Uploads\2016\2016-03-08 22.56.16.jpg,n:\Recovery\myPictures\Dropbox Backup\Camera Uploads\2016\2016-03-08 22.56.16.jpg,1724395,24d7354526262caaa2443c8f9d31b19266be257524580a237c9f1c56c08975ba
p:\myPictures\Dropbox Backup\Camera Uploads\2016\2016-05-17 14.28.08.jpg,n:\Recovery\myPictures\Dropbox Backup\Camera Uploads\2016\2016-05-17 14.28.08.jpg,1726097,db446bf2925028a0a413ca4b468dccd7843529f850d9f6e7aca0754a55883fc2
p:\myPictures\Dropbox Backup\Camera Uploads\2016\2016-02-12 19.04.26.jpg,n:\Recovery\myPictures\Dropbox Backup\Camera Uploads\2016\2016-02-12 19.04.26.jpg,1730481,842d3e684259441565842b08846e083c0bcbd3168c1a1d6c9114bff7dbb156a1
p:\myPictures\Dropbox Backup\Camera Uploads\2015\2015-11-21 16.44.52.jpg,n:\Recovery\myPictures\Dropbox Backup\Camera Uploads\2015\2015-11-21 16.44.52.jpg,1731978,89c85f74db9bb3ba43a2306ac72a8b72be167f8947ef726c996bbfbdf789377b
p:\myPictures\Dropbox Backup\Camera Uploads\2016\2016-03-26 17.10.45.jpg,n:\Recovery\myPictures\Dropbox Backup\Camera Uploads\2016\2016-03-26 17.10.45.jpg,1738007,3d6e4a92cfce46eae8842921d86ccc8a93938f60c3836236a7364917a3b2ed67
p:\myPictures\Dropbox Backup\Camera Uploads\2016\2016-02-12 19.02.54.jpg,n:\Recovery\myPictures\Dropbox Backup\Camera Uploads\2016\2016-02-12 19.02.54.jpg,1744209,94cf382722f150745a1840c65abcb76301522504fe2d1566a326b191a67cb809
p:\myPictures\Dropbox Backup\Camera Uploads\2017\2017-03-24 19.04.21.jpg,n:\Recovery\myPictures\Dropbox Backup\Camera Uploads\2017\2017-03-24 19.04.21.jpg,1745342,c9d398341e1d66c78b43ab1b7f96f9b35149cd5c06f69771c267967e9c9e9ca7
p:\myPictures\Dropbox Backup\Camera Uploads\2015\2015-10-14 19.21.09.jpg,n:\Recovery\myPictures\Dropbox Backup\Camera Uploads\2015\2015-10-14 19.21.09.jpg,1745735,08e7baa974f220a4eebaa5a6f29a11efffdd5b68af6d161e01a976c5d76a74fc
p:\myPictures\Dropbox Backup\Camera Uploads\2015\2015-10-14 19.21.13.jpg,n:\Recovery\myPictures\Dropbox Backup\Camera Uploads\2015\2015-10-14 19.21.13.jpg,1746128,c6370c54c8f8bb06dd33554c216cf83e9d12c5e3cf348a8599421340e0207f23
p:\myPictures\Dropbox Backup\Camera Uploads\2016\2016-08-09 00.15.06.png,n:\Recovery\myPictures\Dropbox Backup\Camera Uploads\2016\2016-08-09 00.15.06.png,1746379,13d774cc4cdba4e8e9ea48166e62185e092ce486efc1874a7f41da29b51a9768
p:\myPictures\Dropbox Backup\Camera Uploads\2016\2016-04-25 00.57.45.jpg,n:\Recovery\myPictures\Dropbox Backup\Camera Uploads\2016\2016-04-25 00.57.45.jpg,1747029,7f8a8b124406a3d8b7ae164db3f0f8b47a914da8aea85d84491d1fa4f7e9239a
p:\myPictures\Dropbox Backup\Camera Uploads\2015\2015-11-21 16.06.16.jpg,n:\Recovery\myPictures\Dropbox Backup\Camera Uploads\2015\2015-11-21 16.06.16.jpg,1747513,8aa0cfb5ad985b333e9fd5ba86f49a4762f1cfff832a10372d7f1b2af1ad39c3
p:\myPictures\Dropbox Backup\Camera Uploads\2016\2016-03-26 15.39.02.jpg,n:\Recovery\myPictures\Dropbox Backup\Camera Uploads\2016\2016-03-26 15.39.02.jpg,1749161,4365c8480077dc259ff2ff538cef6fb6bf42fe26ac07c63149e5b73607997685
p:\myPictures\Dropbox Backup\Camera Uploads\2016\2016-02-12 19.04.47.jpg,n:\Recovery\myPictures\Dropbox Backup\Camera Uploads\2016\2016-02-12 19.04.47.jpg,1755708,a4aeba238dbb5f507f846d5683346732b2e2248974aea172f66fed484d332efb
p:\myPictures\Dropbox Backup\Camera Uploads\2015\2015-11-09 22.22.21.jpg,n:\Recovery\myPictures\Dropbox Backup\Camera Uploads\2015\2015-11-09 22.22.21.jpg,1757551,557af1e901d24f4599d02896d25b70acf6ad93f4e24756e9851c56fe821232c5
p:\myPictures\Dropbox Backup\Camera Uploads\2016\2016-04-06 10.32.24.jpg,n:\Recovery\myPictures\Dropbox Backup\Camera Uploads\2016\2016-04-06 10.32.24.jpg,1758224,3e295fa254c6a40cdb9e3f72ad7aee318759d6e0deb6d404e41541d1af694672
p:\myPictures\Dropbox Backup\Camera Uploads\2016\2016-08-15 22.33.10.jpg,n:\Recovery\myPictures\Dropbox Backup\Camera Uploads\2016\2016-08-15 22.33.10.jpg,1763090,a01690146cdd8355e119cda7d550b60eea5539cb9d6b80add8bb1d0c951b57bd
p:\myPictures\Dropbox Backup\Camera Uploads\2015\2015-12-06 16.11.58.jpg,n:\Recovery\myPictures\Dropbox Backup\Camera Uploads\2015\2015-12-06 16.11.58.jpg,1772972,39cf0cdb651f9ead45a5d897f590e1bb320f3ab04e982f6cb98e3df8fa55a3d6
p:\myPictures\Dropbox Backup\Camera Uploads\2015\2015-12-23 00.22.50.jpg,n:\Recovery\myPictures\Dropbox Backup\Camera Uploads\2015\2015-12-23 00.22.50.jpg,1774607,48a165bd51523662d032bf66e6c322697ee3bd75110718ecd1b9e0ff8a67748a
p:\myPictures\Dropbox Backup\Camera Uploads\2015\2015-12-06 16.11.55.jpg,n:\Recovery\myPictures\Dropbox Backup\Camera Uploads\2015\2015-12-06 16.11.55.jpg,1776559,b353efd797969f2b491d991287ac635596cadd32490006821349113bca84a624
p:\myPictures\Dropbox Backup\Camera Uploads\2016\2016-04-06 10.32.37.jpg,n:\Recovery\myPictures\Dropbox Backup\Camera Uploads\2016\2016-04-06 10.32.37.jpg,1776760,fc8ce204ae1ac5669b409373031de58ffc86eb375af478d9b4c8ea54d87999db
p:\myPictures\Dropbox Backup\Camera Uploads\2016\2016-11-22 20.36.44.jpg,n:\Recovery\myPictures\Dropbox Backup\Camera Uploads\2016\2016-11-22 20.36.44.jpg,1778320,09ad5c0e9f057ec2a7045e31d5674b18db284a9ff7820de3a33d9f30111dd898
p:\myPictures\Dropbox Backup\Camera Uploads\2017\2017-03-24 19.04.19.jpg,n:\Recovery\myPictures\Dropbox Backup\Camera Uploads\2017\2017-03-24 19.04.19.jpg,1780067,8a1ece8e2bfce2ad8023f939194001a263631ffb8bc60db23c9520a4ba3c1bec
p:\myPictures\Dropbox Backup\Camera Uploads\2016\2016-03-26 17.09.49.jpg,n:\Recovery\myPictures\Dropbox Backup\Camera Uploads\2016\2016-03-26 17.09.49.jpg,1781399,e5ce8d4225b0f2a61b62ad38a03bc15f8f774f0aa50acb892e724a9f162ccae6
p:\myPictures\Dropbox Backup\Camera Uploads\2016\2016-01-15 14.01.57.jpg,n:\Recovery\myPictures\Dropbox Backup\Camera Uploads\2016\2016-01-15 14.01.57.jpg,1783531,b9872ef00a9c88d7402630ae795f3bcd5168bc633637b081088f186a1f0a6baa
p:\myPictures\Dropbox Backup\Camera Uploads\2015\2015-12-17 11.00.07.jpg,n:\Recovery\myPictures\Dropbox Backup\Camera Uploads\2015\2015-12-17 11.00.07.jpg,1784017,9c3ef1dc00779aa3ff4ab856981c8f18f1b048fcbee7a9b8fabbe851deb74430
p:\myPictures\Dropbox Backup\Camera Uploads\2016\2016-07-04 12.39.25.jpg,n:\Recovery\myPictures\Dropbox Backup\Camera Uploads\2016\2016-07-04 12.39.25.jpg,1789037,00fddc1e660aeef59c1f40f1a8c65f43bc693fa7ec7e1d78c342d8b84cc413cf
p:\myPictures\Dropbox Backup\Camera Uploads\2016\2016-07-04 12.38.09.jpg,n:\Recovery\myPictures\Dropbox Backup\Camera Uploads\2016\2016-07-04 12.38.09.jpg,1799405,da388f4163ec459d0f714e6dbaaaa73f51d89cdb3ba76ceced57afb8565006c4
p:\myPictures\Dropbox Backup\Camera Uploads\2016\2016-04-22 00.09.56.jpg,n:\Recovery\myPictures\Dropbox Backup\Camera Uploads\2016\2016-04-22 00.09.56.jpg,1799804,3b80fe877ff527ca4113b9cc175c22a1c262b0d610db154a112634d29a8244e0
p:\myPictures\Dropbox Backup\Camera Uploads\2016\2016-11-22 20.36.47.jpg,n:\Recovery\myPictures\Dropbox Backup\Camera Uploads\2016\2016-11-22 20.36.47.jpg,1803620,9b615b0d677a0162785447cad48c7498fdcb58acd85de4dfc675ee074e97c209
p:\myPictures\Dropbox Backup\Camera Uploads\2016\2016-06-25 04.16.17.jpg,n:\Recovery\myPictures\Dropbox Backup\Camera Uploads\2016\2016-06-25 04.16.17.jpg,1804544,4f8d7394614f0bcf50408fdc2221747672dceba4d5b772ed13fb00b7ecd77836
p:\myPictures\Dropbox Backup\Camera Uploads\2016\2016-11-22 20.36.41.jpg,n:\Recovery\myPictures\Dropbox Backup\Camera Uploads\2016\2016-11-22 20.36.41.jpg,1804781,ea6959a5a3cda0f2a38d0842d0aa256531dce7119b649f786429195150d44cad
p:\myPictures\Dropbox Backup\Camera Uploads\2016\2016-04-22 00.09.45.jpg,n:\Recovery\myPictures\Dropbox Backup\Camera Uploads\2016\2016-04-22 00.09.45.jpg,1806409,a483c4029dfdd5a78dca5fbf65a7060e531ab35267edc072ed7c4b452a26ba04
p:\myPictures\Dropbox Backup\Camera Uploads\2016\2016-08-11 07.32.48.png,n:\Recovery\myPictures\Dropbox Backup\Camera Uploads\2016\2016-08-11 07.32.48.png,1816007,41ac08639ddc10e15cc4130f13ff6466739e8dd5f104e41454060ab05b2ceb54
p:\myPictures\Dropbox Backup\Camera Uploads\2016\2016-09-21 09.41.04.jpg,n:\Recovery\myPictures\Dropbox Backup\Camera Uploads\2016\2016-09-21 09.41.04.jpg,1816365,2d625574a4484d688197d4cd903514db2d6120201a3b693f37734702b425fe85
p:\myPictures\Dropbox Backup\Camera Uploads\2016\2016-05-17 14.27.51.jpg,n:\Recovery\myPictures\Dropbox Backup\Camera Uploads\2016\2016-05-17 14.27.51.jpg,1822530,0575ff73938454719f7c5bac99ffb1b726b33304f00520d36a28d97f347f7b89
p:\myPictures\Dropbox Backup\Camera Uploads\2016\2016-03-26 15.37.48.jpg,n:\Recovery\myPictures\Dropbox Backup\Camera Uploads\2016\2016-03-26 15.37.48.jpg,1831496,f96f5de0c7c7e4c3ea53c2568b6c19af58a7330a487ce14ad21b78c9c78947b4
p:\myPictures\Dropbox Backup\Camera Uploads\2015\2015-11-09 22.18.42.jpg,n:\Recovery\myPictures\Dropbox Backup\Camera Uploads\2015\2015-11-09 22.18.42.jpg,1839661,b0567941506d1173fbb6bee7e83360ad9c13473824235eb97dd271e483637507
p:\myPictures\Dropbox Backup\Camera Uploads\2016\2016-07-04 12.40.08.jpg,n:\Recovery\myPictures\Dropbox Backup\Camera Uploads\2016\2016-07-04 12.40.08.jpg,1839853,d984aa50d56c615985ad000bd76bb066e1252da1044253706ee3e0bfab7c7b46
p:\myPictures\Dropbox Backup\Camera Uploads\2016\2016-03-08 22.56.23.jpg,n:\Recovery\myPictures\Dropbox Backup\Camera Uploads\2016\2016-03-08 22.56.23.jpg,1840577,9ed0bdc810d2405fcc4369317e2f9b059fcf3258ccc11a05ceddeb72e38e0489
p:\myPictures\Dropbox Backup\Camera Uploads\2016\2016-05-04 19.31.27.jpg,n:\Recovery\myPictures\Dropbox Backup\Camera Uploads\2016\2016-05-04 19.31.27.jpg,1845492,5b0478273ee0665eba4c2e2d87c36da84ca8ea2954cb1fff6bc51081e8538ac9
p:\myPictures\Dropbox Backup\Camera Uploads\2016\2016-01-09 23.14.55.jpg,n:\Recovery\myPictures\Dropbox Backup\Camera Uploads\2016\2016-01-09 23.14.55.jpg,1848301,31e8de3e24c308cce0422d71203e78f9b4c984ee955fb4107104a2a6664f2888
p:\myPictures\Dropbox Backup\Camera Uploads\2016\2016-03-26 15.39.14.jpg,n:\Recovery\myPictures\Dropbox Backup\Camera Uploads\2016\2016-03-26 15.39.14.jpg,1851126,fd8ea92e8a38d4351fe94e30e22aee0a40d8f52789d628c3c19b325ac7da086b
p:\myPictures\Dropbox Backup\Camera Uploads\2016\2016-05-17 14.25.59.jpg,n:\Recovery\myPictures\Dropbox Backup\Camera Uploads\2016\2016-05-17 14.25.59.jpg,1859032,c1916db6754828d3cef4b088ccff0900292a74d5b609ae8fdcb51dc65eb428b2
p:\myPictures\Dropbox Backup\Camera Uploads\2016\2016-08-24 12.53.19.jpg,n:\Recovery\myPictures\Dropbox Backup\Camera Uploads\2016\2016-08-24 12.53.19.jpg,1861156,3c96a7d47dd37b0237d8800a090f273286f6c4f5ff1b05f3f71fd4d53d447731
p:\myPictures\Dropbox Backup\Camera Uploads\2015\2015-10-24 19.44.32.jpg,n:\Recovery\myPictures\Dropbox Backup\Camera Uploads\2015\2015-10-24 19.44.32.jpg,1873311,78aef0328303158510bcdbf0af931958d3e87fe26185ab7b0cc7c77d115ed386
p:\myPictures\Dropbox Backup\Camera Uploads\2016\2016-05-31 21.36.37.jpg,n:\Recovery\myPictures\Dropbox Backup\Camera Uploads\2016\2016-05-31 21.36.37.jpg,1875361,69c0dd90cd8a8d06ee969f8519f1a2bb90460c38cddb29805de8f95ea2f14d8e
p:\myPictures\Dropbox Backup\Camera Uploads\2015\2015-11-09 22.18.37.jpg,n:\Recovery\myPictures\Dropbox Backup\Camera Uploads\2015\2015-11-09 22.18.37.jpg,1881336,a16513a7ba12420d52850a8d4547bac73c613ae30aaac466e9927ce66bbcf086
p:\myPictures\Dropbox Backup\Camera Uploads\2016\2016-04-23 19.10.32.jpg,n:\Recovery\myPictures\Dropbox Backup\Camera Uploads\2016\2016-04-23 19.10.32.jpg,1882170,87f69f657f5e39233fb4fa7cf3a39163be04666f3846fcbc520652b722138a52
p:\myPictures\Dropbox Backup\Camera Uploads\2015\2015-11-09 22.19.03.jpg,n:\Recovery\myPictures\Dropbox Backup\Camera Uploads\2015\2015-11-09 22.19.03.jpg,1883633,473fac46adc76dc28705b937fe58575981d759920d1cc0c65cecd286a991773f
p:\myPictures\Dropbox Backup\Camera Uploads\2015\2015-11-21 16.46.34-1.jpg,n:\Recovery\myPictures\Dropbox Backup\Camera Uploads\2015\2015-11-21 16.46.34-1.jpg,1889062,d99d005f5ed0d713585a0d080d1a470bb0ab4766317e4c1d69b19b5135b79047
p:\myPictures\Dropbox Backup\Camera Uploads\2016\2016-03-26 17.12.48.jpg,n:\Recovery\myPictures\Dropbox Backup\Camera Uploads\2016\2016-03-26 17.12.48.jpg,1890497,3270a86ba649148180b3d657fbe6232e95a1d2321406be34f4e5e2287c8a68ca
p:\myPictures\Dropbox Backup\Camera Uploads\2016\2016-04-25 00.56.14.jpg,n:\Recovery\myPictures\Dropbox Backup\Camera Uploads\2016\2016-04-25 00.56.14.jpg,1890831,fc40ce1b8ef82889ac21febb0c41a665d8f208d2703d413222fcc0201f38b775
p:\myPictures\Dropbox Backup\Camera Uploads\2015\2015-11-21 16.06.37.jpg,n:\Recovery\myPictures\Dropbox Backup\Camera Uploads\2015\2015-11-21 16.06.37.jpg,1899749,1b37aa8dda7a0714e825b9d9abdeef162087caa3750b131e5b61d3ea008d9c71
p:\myPictures\Dropbox Backup\Camera Uploads\2016\2016-06-15 10.43.05.jpg,n:\Recovery\myPictures\Dropbox Backup\Camera Uploads\2016\2016-06-15 10.43.05.jpg,1902119,8d11556f2aeed2a9c69f0744754d6f60492c67004234d2521426018308ddb84d
p:\myPictures\Dropbox Backup\Camera Uploads\2016\2016-03-26 17.09.51.jpg,n:\Recovery\myPictures\Dropbox Backup\Camera Uploads\2016\2016-03-26 17.09.51.jpg,1907843,61d73b2e05b8e361c6b5e48d485a2ddff7621a2773765b383c0ebaa4923c6212
p:\myPictures\Dropbox Backup\Camera Uploads\2015\2015-12-06 07.29.41.jpg,n:\Recovery\myPictures\Dropbox Backup\Camera Uploads\2015\2015-12-06 07.29.41.jpg,1909486,b5c23620b83c47fd7d4002f26ccf496353ddc4448ac0188082ed37d57be0de92
p:\myPictures\Dropbox Backup\Camera Uploads\2016\2016-01-15 14.01.53.jpg,n:\Recovery\myPictures\Dropbox Backup\Camera Uploads\2016\2016-01-15 14.01.53.jpg,1917492,59e62dbee70cd8513aee1a1f5963da7905e6da0ac44f2c741962a29ae6c39566
p:\myPictures\Dropbox Backup\Camera Uploads\2016\2016-03-26 17.12.52.jpg,n:\Recovery\myPictures\Dropbox Backup\Camera Uploads\2016\2016-03-26 17.12.52.jpg,1920669,7d1cf975ab8ec1967865e3dc66c343bdecec83e480a41175e999cd488015350b
p:\myPictures\Dropbox Backup\Camera Uploads\2016\2016-09-17 14.05.55.jpg,n:\Recovery\myPictures\Dropbox Backup\Camera Uploads\2016\2016-09-17 14.05.55.jpg,1925507,2ff3c1ce8d882f876eb3a5184b7adbbe5146b51130e397a352beb9823a5b757f
p:\myPictures\Dropbox Backup\Camera Uploads\2015\2015-10-24 19.50.00.jpg,n:\Recovery\myPictures\Dropbox Backup\Camera Uploads\2015\2015-10-24 19.50.00.jpg,1937251,348cc3f11be6557d31c33354af129419c31113b90a2290c6cd2e30d645b3c3fa
p:\myPictures\Dropbox Backup\Camera Uploads\2016\2016-03-26 17.10.05.jpg,n:\Recovery\myPictures\Dropbox Backup\Camera Uploads\2016\2016-03-26 17.10.05.jpg,1938265,8cd9fb22917d20db8fb19ff876e6b37692067f74f76e332dc71d39bf9591d7fc
p:\myPictures\Dropbox Backup\Camera Uploads\2016\2016-06-06 09.50.54.jpg,n:\Recovery\myPictures\Dropbox Backup\Camera Uploads\2016\2016-06-06 09.50.54.jpg,1942652,58dbf47178bad4138b79b36b699c5af2b906ba37be634dfe7d6449d6eb5d235c
p:\myPictures\Dropbox Backup\Camera Uploads\2016\2016-05-17 14.27.14.jpg,n:\Recovery\myPictures\Dropbox Backup\Camera Uploads\2016\2016-05-17 14.27.14.jpg,1951979,aa9294bebd45a61a5a6a6a06d4a11823ef6d16ee3af028bf9098bd40dfdcd722
p:\myPictures\Dropbox Backup\Camera Uploads\2016\2016-06-06 09.50.31.jpg,n:\Recovery\myPictures\Dropbox Backup\Camera Uploads\2016\2016-06-06 09.50.31.jpg,1954441,e493c46afb4563818fbeab8b7e7a21087aace271e4677d01d6fc8d7da8e44b26
p:\myPictures\Dropbox Backup\Camera Uploads\2016\2016-04-22 00.09.49.jpg,n:\Recovery\myPictures\Dropbox Backup\Camera Uploads\2016\2016-04-22 00.09.49.jpg,1955819,e282af52ecf0f3605c107fc4e9cd1f77802c7f52711044c29e04d889b88c683e
p:\myPictures\Dropbox Backup\Camera Uploads\2016\2016-01-09 16.38.42.jpg,n:\Recovery\myPictures\Dropbox Backup\Camera Uploads\2016\2016-01-09 16.38.42.jpg,1957512,159ed685b46eb7bfa7017ab295939234c822438a23c2c7d27c519a1e3779e1fb
p:\myPictures\Dropbox Backup\Camera Uploads\2016\2016-05-31 21.36.30.jpg,n:\Recovery\myPictures\Dropbox Backup\Camera Uploads\2016\2016-05-31 21.36.30.jpg,1960724,5f1222fe2cf4a44c54e925e9e526c17dc60e5be251947b9f0e92ce400fdaa57e
p:\myPictures\Dropbox Backup\Camera Uploads\2016\2016-08-11 07.33.14.png,n:\Recovery\myPictures\Dropbox Backup\Camera Uploads\2016\2016-08-11 07.33.14.png,1968556,9e8ae202e59909e618f0ad03bdb7adbb28129b7732c7e3fb7dcf1add7c421929
p:\myPictures\Dropbox Backup\Camera Uploads\2016\2016-04-22 00.09.57.jpg,n:\Recovery\myPictures\Dropbox Backup\Camera Uploads\2016\2016-04-22 00.09.57.jpg,1970103,bc54ad07f59f52839bb5cfd7c3f541488cbea186dc98186e3e0fb8250ef5a017
p:\myPictures\Dropbox Backup\Camera Uploads\2016\2016-04-23 17.40.24.jpg,n:\Recovery\myPictures\Dropbox Backup\Camera Uploads\2016\2016-04-23 17.40.24.jpg,1970488,6c36dc49f7b956b41e627950801a9d218e0900bc36a1955236305717f900e57e
p:\myPictures\Dropbox Backup\Camera Uploads\2016\2016-01-02 15.39.30.jpg,n:\Recovery\myPictures\Dropbox Backup\Camera Uploads\2016\2016-01-02 15.39.30.jpg,1973454,d06c9f83078728bc4487c78d763b798d5b2aa5a8362448bf6fa7cbd9e3fbf1a5
p:\myPictures\Dropbox Backup\Camera Uploads\2015\2015-10-19 10.35.36.jpg,n:\Recovery\myPictures\Dropbox Backup\Camera Uploads\2015\2015-10-19 10.35.36.jpg,1974700,90c204062bdfdb510ee2579e3d549622f0afbd2d7be14c242ff98ec6266470a0
p:\myPictures\Dropbox Backup\Camera Uploads\2016\2016-04-23 15.39.42.jpg,n:\Recovery\myPictures\Dropbox Backup\Camera Uploads\2016\2016-04-23 15.39.42.jpg,1975581,aec96332ebcf6ca7404df26b68611edeb1440989b9e547855e0bc588900386cf
p:\myPictures\Dropbox Backup\Camera Uploads\2016\2016-08-24 12.53.31.jpg,n:\Recovery\myPictures\Dropbox Backup\Camera Uploads\2016\2016-08-24 12.53.31.jpg,1981956,7f77349de49d0e6ee36db505eb536c69ce08915f883c77a9963ba6c9a574c2d3
p:\myPictures\Dropbox Backup\Camera Uploads\2016\2016-03-26 17.09.15.jpg,n:\Recovery\myPictures\Dropbox Backup\Camera Uploads\2016\2016-03-26 17.09.15.jpg,1983576,a22112a520af3fbc1f6a8a25e850d6e8b4cbd28af251f4cd9ff21f4de0e55d7b
p:\myPictures\Dropbox Backup\Camera Uploads\2016\2016-07-04 12.38.26.jpg,n:\Recovery\myPictures\Dropbox Backup\Camera Uploads\2016\2016-07-04 12.38.26.jpg,1983981,078a02861f2b56166e1cb3b2df8f6055d3fb98145c194020ed40dbc350f35758
p:\myPictures\Dropbox Backup\Camera Uploads\2016\2016-05-04 19.31.09.jpg,n:\Recovery\myPictures\Dropbox Backup\Camera Uploads\2016\2016-05-04 19.31.09.jpg,1987754,9e5ff945e1c75d6c9f9d581d60c287e844a4e1f0490905b783525b04c468b9a4
p:\myPictures\Dropbox Backup\Camera Uploads\2016\2016-11-22 12.10.27.jpg,n:\Recovery\myPictures\Dropbox Backup\Camera Uploads\2016\2016-11-22 12.10.27.jpg,1988407,21c5bb29cf2bb69778684b41510ba40fc0706119f291a7da99ef66365f0876e5
p:\myPictures\Dropbox Backup\Camera Uploads\2016\2016-03-26 17.10.02.jpg,n:\Recovery\myPictures\Dropbox Backup\Camera Uploads\2016\2016-03-26 17.10.02.jpg,1994104,19a2ed1d8957326b9a00b95170608c104a1c518c9ffbfe071825acc74ef4f574
p:\myPictures\Dropbox Backup\Camera Uploads\2016\2016-02-17 14.30.33.jpg,n:\Recovery\myPictures\Dropbox Backup\Camera Uploads\2016\2016-02-17 14.30.33.jpg,1997833,f4e0d4637f894107fbad255de8bbbda0f0d65f614c935c6a826b341f722fd4f3
p:\myPictures\Dropbox Backup\Camera Uploads\2016\2016-06-25 04.16.59.jpg,n:\Recovery\myPictures\Dropbox Backup\Camera Uploads\2016\2016-06-25 04.16.59.jpg,2006459,1a91a22bdbb30ac9e307a41bdce8149dfee0a44218c2da490f2ba263b4044ee5
p:\myPictures\Dropbox Backup\Camera Uploads\2015\2015-11-21 16.45.43-1.jpg,n:\Recovery\myPictures\Dropbox Backup\Camera Uploads\2015\2015-11-21 16.45.43-1.jpg,2007734,208fad19b95573e8b8942941f0c602715d5a6ec6258d3098313ec30616b1cec7
p:\myPictures\Dropbox Backup\Camera Uploads\2016\2016-05-04 19.30.38.jpg,n:\Recovery\myPictures\Dropbox Backup\Camera Uploads\2016\2016-05-04 19.30.38.jpg,2007878,cda045d1ddcd5e7227d14e04ce84a446190fcd2357a86db9b370eddafd3874df
p:\myPictures\Dropbox Backup\Camera Uploads\2016\2016-11-22 12.10.31.jpg,n:\Recovery\myPictures\Dropbox Backup\Camera Uploads\2016\2016-11-22 12.10.31.jpg,2009030,ae539d7a9d6d0eeaf8744ddcd04694a6faef060520b03268f121b2a430798622
p:\myPictures\Dropbox Backup\Camera Uploads\2016\2016-05-04 19.32.03.jpg,n:\Recovery\myPictures\Dropbox Backup\Camera Uploads\2016\2016-05-04 19.32.03.jpg,2016732,19083a3ad0509e342cbc9e3cd89cf609648681e9a42f965167eb3cb2a12c5b2c
p:\myPictures\Dropbox Backup\Camera Uploads\2015\2015-11-21 16.49.14.jpg,n:\Recovery\myPictures\Dropbox Backup\Camera Uploads\2015\2015-11-21 16.49.14.jpg,2019211,117a4fa7da422e884c3312ce852cf414f153fba1c62114be05e6b7f00df0875f
p:\myPictures\Dropbox Backup\Camera Uploads\2016\2016-04-25 00.58.28.jpg,n:\Recovery\myPictures\Dropbox Backup\Camera Uploads\2016\2016-04-25 00.58.28.jpg,2019259,7b94d9b0dfb9185b40f16fefdaeff58c10c89a937e903075b2a0483735a4e239
p:\myPictures\Dropbox Backup\Camera Uploads\2015\2015-12-16 14.10.23.jpg,n:\Recovery\myPictures\Dropbox Backup\Camera Uploads\2015\2015-12-16 14.10.23.jpg,2023707,c1aa4c4ca1eaa144023c37413b5dc88e84786631300e46b6b871e5a0dfa0bbe9
p:\myPictures\Dropbox Backup\Camera Uploads\2016\2016-04-23 17.40.29.jpg,n:\Recovery\myPictures\Dropbox Backup\Camera Uploads\2016\2016-04-23 17.40.29.jpg,2026976,6e190dbf2ac09b5cc23a5f81397e0a30c0d97c78715bd744ac076e09f74c8059
p:\myPictures\Dropbox Backup\Camera Uploads\2015\2015-11-21 16.46.43-1.jpg,n:\Recovery\myPictures\Dropbox Backup\Camera Uploads\2015\2015-11-21 16.46.43-1.jpg,2044310,96e18c625acbcc3c1514f71e33234fe7a7b22cada6844ee3d2793376fd64bb53
p:\myPictures\Dropbox Backup\Camera Uploads\2016\2016-05-17 14.26.10.jpg,n:\Recovery\myPictures\Dropbox Backup\Camera Uploads\2016\2016-05-17 14.26.10.jpg,2045117,1520e0006cc1f7c9aa3fb6999b07cc50ed243223d7c3ec6d9d8fe6b2fbf830b3
p:\myPictures\Dropbox Backup\Camera Uploads\2016\2016-08-27 20.28.40.jpg,n:\Recovery\myPictures\Dropbox Backup\Camera Uploads\2016\2016-08-27 20.28.40.jpg,2046039,e08f53919187b2411efb91728b9360545b40c3490ae8e81dce21ad8a5a023b57
p:\myPictures\Dropbox Backup\Camera Uploads\2016\2016-09-17 14.06.20.jpg,n:\Recovery\myPictures\Dropbox Backup\Camera Uploads\2016\2016-09-17 14.06.20.jpg,2050997,e6b730dd1633cf6e5a1f8998e9cbfc792b45ce152d1d007960b30d0203328e54
p:\myPictures\Dropbox Backup\Camera Uploads\2015\2015-11-21 16.47.26.jpg,n:\Recovery\myPictures\Dropbox Backup\Camera Uploads\2015\2015-11-21 16.47.26.jpg,2056969,a65a3aa2abb901aca0357021d87fcd7f4d293b41033c3ebda3a67ca2a74f14b5
p:\myPictures\Dropbox Backup\Camera Uploads\2016\2016-02-17 14.30.39.jpg,n:\Recovery\myPictures\Dropbox Backup\Camera Uploads\2016\2016-02-17 14.30.39.jpg,2057906,5a74d7f3cde2077de404536e973f65001e3c0ccaac38399c88e9078a3a25ddf0
p:\myPictures\Dropbox Backup\Camera Uploads\2016\2016-10-09 14.41.30.jpg,n:\Recovery\myPictures\Dropbox Backup\Camera Uploads\2016\2016-10-09 14.41.30.jpg,2069099,d71c8a0269a7bbc6cf07d047dc77bd9f831f7ec61e3acb554237f1757857cc7a
p:\myPictures\Dropbox Backup\Camera Uploads\2016\2016-08-10 16.08.39-1.jpg,n:\Recovery\myPictures\Dropbox Backup\Camera Uploads\2016\2016-08-10 16.08.39-1.jpg,2084805,64ec511c46c980d25835a80dbf0338c8a617a32a1652f966a5af3f99e593692c
p:\myPictures\Dropbox Backup\Camera Uploads\2016\2016-05-17 14.28.48.jpg,n:\Recovery\myPictures\Dropbox Backup\Camera Uploads\2016\2016-05-17 14.28.48.jpg,2087905,afb91814c2cdba0729ff7d856be63492458c8279ef5991ae760dd924cfecdf8c
p:\myPictures\Dropbox Backup\Camera Uploads\2016\2016-04-23 15.39.36.jpg,n:\Recovery\myPictures\Dropbox Backup\Camera Uploads\2016\2016-04-23 15.39.36.jpg,2091575,02a5b747cc0921fc6dc632048a5160f6a84dc1745ae93adbdb77099f979c5251
p:\myPictures\Dropbox Backup\Camera Uploads\2016\2016-08-18 20.56.40.jpg,n:\Recovery\myPictures\Dropbox Backup\Camera Uploads\2016\2016-08-18 20.56.40.jpg,2093007,0ccdbd88216e09fa2f73cb2c9f8f2a095a37c2c1ab2aedbac1abf666c8f6ad1a
p:\myPictures\Dropbox Backup\Camera Uploads\2015\2015-11-28 16.00.02.jpg,n:\Recovery\myPictures\Dropbox Backup\Camera Uploads\2015\2015-11-28 16.00.02.jpg,2093528,0178b2bfee51f2c25473c8aaef90558920c435700cd62155ad559cfc32bb9fdc
p:\myPictures\Dropbox Backup\Camera Uploads\2015\2015-11-20 11.49.28.jpg,n:\Recovery\myPictures\Dropbox Backup\Camera Uploads\2015\2015-11-20 11.49.28.jpg,2095464,050d59aabee54fa15485cb51327382267e44021e3185317c3395179f8a0df5eb
p:\myPictures\Dropbox Backup\Camera Uploads\2016\2016-05-17 14.29.59.jpg,n:\Recovery\myPictures\Dropbox Backup\Camera Uploads\2016\2016-05-17 14.29.59.jpg,2104463,5d52e9fe8dcc52755ee92e0c2fb016c54559b8a9968ced7ccfa4f7b5b4554e1a
p:\myPictures\Dropbox Backup\Camera Uploads\2016\2016-06-03 16.40.12.jpg,n:\Recovery\myPictures\Dropbox Backup\Camera Uploads\2016\2016-06-03 16.40.12.jpg,2107895,72a1783a40120899e8c9865f9464a98d870f89431158c8c1e6765e97b46481c2
p:\myPictures\Dropbox Backup\Camera Uploads\2016\2016-05-17 14.35.09.jpg,n:\Recovery\myPictures\Dropbox Backup\Camera Uploads\2016\2016-05-17 14.35.09.jpg,2108193,0ee8998dd12c5d6cbd1d5dc13c173127a1856f1481c85ada3c06f8011695c06f
p:\myPictures\Dropbox Backup\Camera Uploads\2016\2016-04-23 17.40.13.jpg,n:\Recovery\myPictures\Dropbox Backup\Camera Uploads\2016\2016-04-23 17.40.13.jpg,2114223,0aa6dc19393c1c6e8cb18cb1baefab319509bc6d734adfd1300d12546d0c47e2
p:\myPictures\Dropbox Backup\Camera Uploads\2015\2015-11-21 16.47.18.jpg,n:\Recovery\myPictures\Dropbox Backup\Camera Uploads\2015\2015-11-21 16.47.18.jpg,2114398,8ef3390b2cdbbb25d25780104e3bc89ba75f090b7281064cc4492ce7c5381ebb
p:\myPictures\Dropbox Backup\Camera Uploads\2015\2015-11-21 16.48.51.jpg,n:\Recovery\myPictures\Dropbox Backup\Camera Uploads\2015\2015-11-21 16.48.51.jpg,2118907,fd5d96777978a081428fba99d0921c713bec2dc061bf21129ff3998ff9cd79ea
p:\myPictures\Dropbox Backup\Camera Uploads\2015\2015-11-21 16.07.25-1.jpg,n:\Recovery\myPictures\Dropbox Backup\Camera Uploads\2015\2015-11-21 16.07.25-1.jpg,2121091,70e5e8a103ce4a2ac04c90be5c20bc3732b6f147db3ef5c173966a69ffc9fa73
p:\myPictures\Dropbox Backup\Camera Uploads\2016\2016-06-25 04.15.14.jpg,n:\Recovery\myPictures\Dropbox Backup\Camera Uploads\2016\2016-06-25 04.15.14.jpg,2121464,4e7e4dae0b189f87f67f48b0531a2f6acb056e5e23d7ee5b6441987c2751f583
p:\myPictures\Dropbox Backup\Camera Uploads\2016\2016-05-05 22.15.43.jpg,n:\Recovery\myPictures\Dropbox Backup\Camera Uploads\2016\2016-05-05 22.15.43.jpg,2124094,9e0b96d4446d4a78a3107b98d9f47af85dcf2fa8285f70da9b1b733e32e45aa7
p:\myPictures\Dropbox Backup\Camera Uploads\2016\2016-04-23 19.10.23.jpg,n:\Recovery\myPictures\Dropbox Backup\Camera Uploads\2016\2016-04-23 19.10.23.jpg,2128195,58cfc41689592d827959050c9496a1dcfa948954b8e0772460c014007e723810
p:\myPictures\Dropbox Backup\Camera Uploads\2016\2016-02-20 15.37.07.jpg,n:\Recovery\myPictures\Dropbox Backup\Camera Uploads\2016\2016-02-20 15.37.07.jpg,2128563,0713b1b0ecb2c22aca4ec40facc8fb6a235cf851d5e7520b3822b31181f5448a
p:\myPictures\Dropbox Backup\Camera Uploads\2016\2016-04-23 19.12.45.jpg,n:\Recovery\myPictures\Dropbox Backup\Camera Uploads\2016\2016-04-23 19.12.45.jpg,2146878,8d2ba39710aca1259c0998ab7c37bbeea94e35b1f417efe57ace099a0f162646
p:\myPictures\Dropbox Backup\Camera Uploads\2015\2015-11-21 16.45.03.jpg,n:\Recovery\myPictures\Dropbox Backup\Camera Uploads\2015\2015-11-21 16.45.03.jpg,2148998,655fac29c2f88b8e50d78be8f4c7f9551249446be5e144e46ecd27024b29bb6e
p:\myPictures\Dropbox Backup\Camera Uploads\2016\2016-08-15 22.33.50.jpg,n:\Recovery\myPictures\Dropbox Backup\Camera Uploads\2016\2016-08-15 22.33.50.jpg,2170157,5a9cfbcb7b45aa2dc05a3b37880781e01431a13afb75cf1ba49c2b188f7de8bd
p:\myPictures\Dropbox Backup\Camera Uploads\2015\2015-11-21 16.45.00.jpg,n:\Recovery\myPictures\Dropbox Backup\Camera Uploads\2015\2015-11-21 16.45.00.jpg,2183422,e48e4fd09c90bd9838c9d4e97a573e7d9588b2a483a0c721bd1e0a05407ca2c0
p:\myPictures\Dropbox Backup\Camera Uploads\2015\2015-11-11 21.07.06.jpg,n:\Recovery\myPictures\Dropbox Backup\Camera Uploads\2015\2015-11-11 21.07.06.jpg,2190855,b33aacd50e3a65f05be4287a8fe584feaa0ba699be43b4c5607c5f755ceb0ec0
p:\myPictures\Dropbox Backup\Camera Uploads\2015\2015-11-21 15.35.37.jpg,n:\Recovery\myPictures\Dropbox Backup\Camera Uploads\2015\2015-11-21 15.35.37.jpg,2191041,355afbcf546b91e78039376dc5d705feebbd4fa845a3502f1c15caac836b1718
p:\myPictures\Dropbox Backup\Camera Uploads\2016\2016-05-17 14.35.48.jpg,n:\Recovery\myPictures\Dropbox Backup\Camera Uploads\2016\2016-05-17 14.35.48.jpg,2198980,c7d6e6cfbb1f49aad143d3fdf864dbdafc85e423255b35550e63e81b83765917
p:\myPictures\Dropbox Backup\Camera Uploads\2016\2016-08-15 22.33.52.jpg,n:\Recovery\myPictures\Dropbox Backup\Camera Uploads\2016\2016-08-15 22.33.52.jpg,2199787,66f183d909fccdcb801130d71a3a7d4dd902f71f591aa607fa5ea6f2d7d26bd7
p:\myPictures\Dropbox Backup\Camera Uploads\2016\2016-08-15 22.34.13.jpg,n:\Recovery\myPictures\Dropbox Backup\Camera Uploads\2016\2016-08-15 22.34.13.jpg,2200437,a9a2ead570668c147a6547dbd13cb36b3f799bd4c33dfc3bef854efa19f9043e
p:\myPictures\Dropbox Backup\Camera Uploads\2015\2015-11-21 16.46.34.jpg,n:\Recovery\myPictures\Dropbox Backup\Camera Uploads\2015\2015-11-21 16.46.34.jpg,2200817,53376d58c3015207983ed1ae0981aeed6eab5d40490e1d4a39f10ffea970098a
p:\myPictures\Dropbox Backup\Camera Uploads\2016\2016-05-17 14.30.12.jpg,n:\Recovery\myPictures\Dropbox Backup\Camera Uploads\2016\2016-05-17 14.30.12.jpg,2204650,8042b60fbf2506907ae45be63c724a2fff43236f541b7982d505e8ccd70b1a79
p:\myPictures\Dropbox Backup\Camera Uploads\2016\2016-08-15 22.34.15.jpg,n:\Recovery\myPictures\Dropbox Backup\Camera Uploads\2016\2016-08-15 22.34.15.jpg,2206578,7f41c9a5dc320c5f0c45fcace0783b1a7b0467784d0023b393fe12368508062d
p:\myPictures\Dropbox Backup\Camera Uploads\2015\2015-11-21 15.29.41.jpg,n:\Recovery\myPictures\Dropbox Backup\Camera Uploads\2015\2015-11-21 15.29.41.jpg,2215249,74291fa8ef04085f1aa2efda48811cc472ae17c95bc3f2dd22595f6e4747c3df
p:\myPictures\Dropbox Backup\Camera Uploads\2016\2016-05-17 14.26.47.jpg,n:\Recovery\myPictures\Dropbox Backup\Camera Uploads\2016\2016-05-17 14.26.47.jpg,2220010,6f96a77fe79a94d9a07919acc049b6ad1d65b118ac5754d920698b635b886729
p:\myPictures\Dropbox Backup\Camera Uploads\2016\2016-12-14 13.59.07.jpg,n:\Recovery\myPictures\Dropbox Backup\Camera Uploads\2016\2016-12-14 13.59.07.jpg,2228522,cd6f28b7cbd4dce22b8b31c071250bfc4235af590ed599a4dff5d06860e99f53
p:\myPictures\Dropbox Backup\Camera Uploads\2016\2016-05-31 21.24.33.jpg,n:\Recovery\myPictures\Dropbox Backup\Camera Uploads\2016\2016-05-31 21.24.33.jpg,2229872,b22033e466891039c1a5ba81ef8b94369dbe7bacbc5e26662b33b00233412e01
p:\myPictures\Dropbox Backup\Camera Uploads\2015\2015-12-26 17.28.02.jpg,n:\Recovery\myPictures\Dropbox Backup\Camera Uploads\2015\2015-12-26 17.28.02.jpg,2232812,96b9ed73ad9ae36ecabf92c3fb835a6161b4bf5af17a5c1ef5c89d57fa1b9178
p:\myPictures\Dropbox Backup\Camera Uploads\2016\2016-01-09 15.54.44-1.jpg,n:\Recovery\myPictures\Dropbox Backup\Camera Uploads\2016\2016-01-09 15.54.44-1.jpg,2236071,68ad5c812340f68d6853f74f36fbe7046434a37024b66760239d98e6a751fa4d
p:\myPictures\Dropbox Backup\Camera Uploads\2015\2015-12-09 14.58.27.jpg,n:\Recovery\myPictures\Dropbox Backup\Camera Uploads\2015\2015-12-09 14.58.27.jpg,2243123,089bb106ce256b882cd75a414651c2677f76fa220e55876c0b35c39ca75155d4
p:\myPictures\Dropbox Backup\Camera Uploads\2016\2016-05-17 14.35.37.jpg,n:\Recovery\myPictures\Dropbox Backup\Camera Uploads\2016\2016-05-17 14.35.37.jpg,2245948,b7127c80c7cb04a03c7809ffb4081dd52f6e5171419ef33a9add4ab2118767fd
p:\myPictures\Dropbox Backup\Camera Uploads\2016\2016-04-23 17.40.06.jpg,n:\Recovery\myPictures\Dropbox Backup\Camera Uploads\2016\2016-04-23 17.40.06.jpg,2245984,3e6bb71abe21d1454769718b010ac05c0bd2afef9122556bab4a8a59c53f2ffe
p:\myPictures\Dropbox Backup\Camera Uploads\2015\2015-12-26 17.28.06.jpg,n:\Recovery\myPictures\Dropbox Backup\Camera Uploads\2015\2015-12-26 17.28.06.jpg,2247973,e1ae150949c4c2d0ceed4f8728c73ab1aba21603e3de803f46bdee2129a496c4
p:\myPictures\Dropbox Backup\Camera Uploads\2015\2015-11-21 15.29.36.jpg,n:\Recovery\myPictures\Dropbox Backup\Camera Uploads\2015\2015-11-21 15.29.36.jpg,2249700,be6473f98264578574aa7676aa50e82a5e30d24fa5254ee19d42e112487dd5ff
p:\myPictures\Dropbox Backup\Camera Uploads\2015\2015-12-12 16.30.39.jpg,n:\Recovery\myPictures\Dropbox Backup\Camera Uploads\2015\2015-12-12 16.30.39.jpg,2250240,ed8b90b6f4bc389da131ed3bd7bf535f413de15182cb8a7d9acce2aa4f13b4ba
p:\myPictures\Dropbox Backup\Camera Uploads\2015\2015-12-03 14.39.32.jpg,n:\Recovery\myPictures\Dropbox Backup\Camera Uploads\2015\2015-12-03 14.39.32.jpg,2253891,a87699509e9ce555739dbad457941e57659526af6626b1e47b54e2937061fbcd
p:\myPictures\Dropbox Backup\Camera Uploads\2015\2015-11-21 16.45.38.jpg,n:\Recovery\myPictures\Dropbox Backup\Camera Uploads\2015\2015-11-21 16.45.38.jpg,2267257,24e5642ff67c886b98d1e2c2b6fd3369e9fe00e3559d8a458ce79dd6294eb053
p:\myPictures\Dropbox Backup\Camera Uploads\2016\2016-09-27 20.26.04.jpg,n:\Recovery\myPictures\Dropbox Backup\Camera Uploads\2016\2016-09-27 20.26.04.jpg,2274254,f19f05f3ee5e30687d85f4e4430199a56d7f597362e395b28dfc6f74d6280117
p:\myPictures\Dropbox Backup\Camera Uploads\2015\2015-11-21 15.36.40.jpg,n:\Recovery\myPictures\Dropbox Backup\Camera Uploads\2015\2015-11-21 15.36.40.jpg,2284224,8dc3678ee32d77fbf3a55750d9bf142d5369ccc0a84a261dadaf7bb4cdefac7f
p:\myPictures\Dropbox Backup\Camera Uploads\2015\2015-11-11 21.07.01.jpg,n:\Recovery\myPictures\Dropbox Backup\Camera Uploads\2015\2015-11-11 21.07.01.jpg,2286376,700edea08bf52a68987746a763d13cd195bd823163058d5170bae5eb732421ac
p:\myPictures\Dropbox Backup\Camera Uploads\2016\2016-09-07 05.27.27.png,n:\Recovery\myPictures\Dropbox Backup\Camera Uploads\2016\2016-09-07 05.27.27.png,2287155,4a8046dcd78820506bffa442dc2289db09fe1ce194cd7f63f507ad15208ecb87
p:\myPictures\Dropbox Backup\Camera Uploads\2016\2016-07-04 19.58.23.jpg,n:\Recovery\myPictures\Dropbox Backup\Camera Uploads\2016\2016-07-04 19.58.23.jpg,2290797,d5c6f1966e698ca5ca96bf292a24d0772733e0a60a75bee898a03da042b7523c
p:\myPictures\Dropbox Backup\Camera Uploads\2015\2015-12-06 09.50.44.jpg,n:\Recovery\myPictures\Dropbox Backup\Camera Uploads\2015\2015-12-06 09.50.44.jpg,2291157,c1947ae81ae3cfeaf0000cf2251566779d3ceb5d7e31862b3bd23d8a88fd3776
p:\myPictures\Dropbox Backup\Camera Uploads\2016\2016-05-17 14.29.44.jpg,n:\Recovery\myPictures\Dropbox Backup\Camera Uploads\2016\2016-05-17 14.29.44.jpg,2291242,75e36873953435d74d2b9e9859fc4224b6259c1a8b00d3a7205ff73d09969209
p:\myPictures\Dropbox Backup\Camera Uploads\2016\2016-05-04 19.31.52.jpg,n:\Recovery\myPictures\Dropbox Backup\Camera Uploads\2016\2016-05-04 19.31.52.jpg,2292337,fb69242f28843edf4f60bd1b6f8049ea8e44c8da007210793dfd8c3362c2ab27
p:\myPictures\Dropbox Backup\Camera Uploads\2016\2016-05-31 21.24.54.jpg,n:\Recovery\myPictures\Dropbox Backup\Camera Uploads\2016\2016-05-31 21.24.54.jpg,2293210,730f13c0a07fba085a87e437cf3b629092dff710b4bf3c9208885bbed4f63cff
p:\myPictures\Dropbox Backup\Camera Uploads\2015\2015-12-03 10.51.53.jpg,n:\Recovery\myPictures\Dropbox Backup\Camera Uploads\2015\2015-12-03 10.51.53.jpg,2295637,00196c432cfd6cef7f59337798f4dad5543e1596646efbe4ce577b5df8249f42
p:\myPictures\Dropbox Backup\Camera Uploads\2016\2016-09-21 16.53.08.jpg,n:\Recovery\myPictures\Dropbox Backup\Camera Uploads\2016\2016-09-21 16.53.08.jpg,2296037,79b4c3943f71bdf6eef937e1bd77631ab2e11914bc7243ce6a1b6705b8898d5a
p:\myPictures\Dropbox Backup\Camera Uploads\2016\2016-05-17 14.35.31.jpg,n:\Recovery\myPictures\Dropbox Backup\Camera Uploads\2016\2016-05-17 14.35.31.jpg,2298101,a272c07d36ad087fabe976a6472ab2b2b2d0cea38b0764af0101acfed53c3490
p:\myPictures\Dropbox Backup\Camera Uploads\2015\2015-11-21 15.37.38.jpg,n:\Recovery\myPictures\Dropbox Backup\Camera Uploads\2015\2015-11-21 15.37.38.jpg,2300220,355d518fa63dcb839ffd389e0550f7a395d23381b1547ddc29049c808fce7313
p:\myPictures\Dropbox Backup\Camera Uploads\2015\2015-11-21 15.35.40.jpg,n:\Recovery\myPictures\Dropbox Backup\Camera Uploads\2015\2015-11-21 15.35.40.jpg,2300942,938c351dbec8c180086d5906333dad1e7d4221dc21ca31b878b91fd511cf5cfd
p:\myPictures\Dropbox Backup\Camera Uploads\2015\2015-11-21 16.45.43.jpg,n:\Recovery\myPictures\Dropbox Backup\Camera Uploads\2015\2015-11-21 16.45.43.jpg,2301377,3a8e713400aaf0f45f829f4517b294707cb2ec393aad57974327847b9cf40a8f
p:\myPictures\Dropbox Backup\Camera Uploads\2016\2016-09-21 16.53.01.jpg,n:\Recovery\myPictures\Dropbox Backup\Camera Uploads\2016\2016-09-21 16.53.01.jpg,2312567,3f54ddbb1504acfeb00bcfbd9c1f537132592d5e2da1a982df407980a637732c
p:\myPictures\Dropbox Backup\Camera Uploads\2016\2016-05-17 14.32.22.jpg,n:\Recovery\myPictures\Dropbox Backup\Camera Uploads\2016\2016-05-17 14.32.22.jpg,2313788,6789976bd2cd6cb782882692676ce795d6283db4e1b13e03eacdbf72e4a854a8
p:\myPictures\Dropbox Backup\Camera Uploads\2016\2016-07-04 19.58.12.jpg,n:\Recovery\myPictures\Dropbox Backup\Camera Uploads\2016\2016-07-04 19.58.12.jpg,2320365,1f7cdf0f5fdf6f40e73ab921cc534dacbd64595057fe57669abe95cf635641fd
p:\myPictures\Dropbox Backup\Camera Uploads\2015\2015-12-12 16.25.43.jpg,n:\Recovery\myPictures\Dropbox Backup\Camera Uploads\2015\2015-12-12 16.25.43.jpg,2335116,b950b9d4e2e3c3b2812e19000bddb028eb1dba0f8b0b24d42ee41503204d787f
p:\myPictures\Dropbox Backup\Camera Uploads\2016\2016-05-17 14.34.45.jpg,n:\Recovery\myPictures\Dropbox Backup\Camera Uploads\2016\2016-05-17 14.34.45.jpg,2336993,33a930dd9a41f4802fd72fc5a0fed0decb5edf20cfb883c8c4b9bd3601dbd867
p:\myPictures\Dropbox Backup\Camera Uploads\2015\2015-11-21 16.46.43.jpg,n:\Recovery\myPictures\Dropbox Backup\Camera Uploads\2015\2015-11-21 16.46.43.jpg,2343394,c27d03f3f81b6a5e3551235391c85bd1cc39254c7b23b4d75a3ab29a9f52c1c4
p:\myPictures\Dropbox Backup\Camera Uploads\2016\2016-08-18 20.48.52.jpg,n:\Recovery\myPictures\Dropbox Backup\Camera Uploads\2016\2016-08-18 20.48.52.jpg,2353205,05fda4d6465275fdca2025945b5f57f9f3e7c2ce78e1a164d77f224b4a3113cd
p:\myPictures\Dropbox Backup\Camera Uploads\2016\2016-06-03 16.40.07.jpg,n:\Recovery\myPictures\Dropbox Backup\Camera Uploads\2016\2016-06-03 16.40.07.jpg,2354276,f579e0441be2d2b31c64ed0b79c6f6a6b0cd9f350d4355aa27e906c55b1ea49c
p:\myPictures\Dropbox Backup\Camera Uploads\2015\2015-12-12 16.30.09.jpg,n:\Recovery\myPictures\Dropbox Backup\Camera Uploads\2015\2015-12-12 16.30.09.jpg,2361045,41955cd694240ecf3e51a8d819e054ffe90efa90e08915e4fd8cbdd281d2e5a6
p:\myPictures\Dropbox Backup\Camera Uploads\2015\2015-11-21 15.36.45.jpg,n:\Recovery\myPictures\Dropbox Backup\Camera Uploads\2015\2015-11-21 15.36.45.jpg,2362431,2f5f84d9464ef7266ef04570c18ed114b4539863a4f76035ae04994e4c880284
p:\myPictures\Dropbox Backup\Camera Uploads\2016\2016-05-17 14.29.13.jpg,n:\Recovery\myPictures\Dropbox Backup\Camera Uploads\2016\2016-05-17 14.29.13.jpg,2370743,089b54accc989c1abe165814b97af14c3443b15a3ba407420c13e7f6e6c72190
p:\myPictures\Dropbox Backup\Camera Uploads\2015\2015-11-21 16.48.57.jpg,n:\Recovery\myPictures\Dropbox Backup\Camera Uploads\2015\2015-11-21 16.48.57.jpg,2372970,4f1e7decf7806df35329939c7406b97648b337608197cc1c08c742e5b2e7fe44
p:\myPictures\Dropbox Backup\Camera Uploads\2015\2015-11-21 16.07.25.jpg,n:\Recovery\myPictures\Dropbox Backup\Camera Uploads\2015\2015-11-21 16.07.25.jpg,2377946,5d8ce2de4fa46aee9a9db987b68707a272dc77984353d76c64f4e6e9210656a9
p:\myPictures\Dropbox Backup\Camera Uploads\2016\2016-07-04 19.58.40.jpg,n:\Recovery\myPictures\Dropbox Backup\Camera Uploads\2016\2016-07-04 19.58.40.jpg,2380141,b03985bf247a3fea1691f67300c8490b4bc430226203618df186d59ade30d4cb
p:\myPictures\Dropbox Backup\Camera Uploads\2016\2016-01-15 16.26.59.jpg,n:\Recovery\myPictures\Dropbox Backup\Camera Uploads\2016\2016-01-15 16.26.59.jpg,2381419,b935c4d2aabe06257a00163536cd39bf6aa10ab57f938351de46486a18791135
p:\myPictures\Dropbox Backup\Camera Uploads\2015\2015-11-21 16.04.29-1.jpg,n:\Recovery\myPictures\Dropbox Backup\Camera Uploads\2015\2015-11-21 16.04.29-1.jpg,2383363,575f2ae8aa97b9f5457b875fad8e28f03081f835486813097481e8a10518c54d
p:\myPictures\Dropbox Backup\Camera Uploads\2015\2015-11-21 15.36.33.jpg,n:\Recovery\myPictures\Dropbox Backup\Camera Uploads\2015\2015-11-21 15.36.33.jpg,2389269,c8f5e3d4c84174978922c01024f1ef0a55d0169f6aea1135c688a24ac92785c5
p:\myPictures\Dropbox Backup\Camera Uploads\2015\2015-11-07 15.04.43.jpg,n:\Recovery\myPictures\Dropbox Backup\Camera Uploads\2015\2015-11-07 15.04.43.jpg,2394914,9be331f10c32a10dba18e194fe5fbcd94adf69ae0b6cd8109a8f3b3e91100c18
p:\myPictures\Dropbox Backup\Camera Uploads\2016\2016-10-30 23.15.00.png,n:\Recovery\myPictures\Dropbox Backup\Camera Uploads\2016\2016-10-30 23.15.00.png,2406308,8539dfc3afe309aabb3fc251483e333cbb54749eea539e87b89c5e14f904e8d6
p:\myPictures\Dropbox Backup\Camera Uploads\2015\2015-12-09 14.58.22-1.jpg,n:\Recovery\myPictures\Dropbox Backup\Camera Uploads\2015\2015-12-09 14.58.22-1.jpg,2417488,ca97cc578b596b264b3e6d464ff9a1afcb7b0b51c1681adad38740976f609343
p:\myPictures\Dropbox Backup\Camera Uploads\2015\2015-11-21 15.37.34.jpg,n:\Recovery\myPictures\Dropbox Backup\Camera Uploads\2015\2015-11-21 15.37.34.jpg,2428564,9fcd0856ee49722e5c114691f6d919ede0065ae6d631da6b3c1e33e1f2bdf6f1
p:\myPictures\Dropbox Backup\Camera Uploads\2016\2016-06-03 16.41.42.jpg,n:\Recovery\myPictures\Dropbox Backup\Camera Uploads\2016\2016-06-03 16.41.42.jpg,2438251,420feeac1bf5ca50473d4372170008a96a555fe7465a32d6bcb5786621aae40c
p:\myPictures\Dropbox Backup\Camera Uploads\2015\2015-12-26 17.28.42.jpg,n:\Recovery\myPictures\Dropbox Backup\Camera Uploads\2015\2015-12-26 17.28.42.jpg,2442977,91dba5e3e3fe080654b53db3bd66668b10e72068e966bf308f796fdeeda7c8e4
p:\myPictures\Dropbox Backup\Camera Uploads\2015\2015-11-21 16.49.19.jpg,n:\Recovery\myPictures\Dropbox Backup\Camera Uploads\2015\2015-11-21 16.49.19.jpg,2447543,dd266d095071866e06a9635baf5ce39ef928acde4026068c0e65dafa8fadcdb0
p:\myPictures\Dropbox Backup\Camera Uploads\2015\2015-11-07 15.04.53.jpg,n:\Recovery\myPictures\Dropbox Backup\Camera Uploads\2015\2015-11-07 15.04.53.jpg,2452596,31eeb7535574e1b6a3f4df3910d92c12d93a53057ee646e2fc23adcebd9ddcfb
p:\myPictures\Dropbox Backup\Camera Uploads\2015\2015-12-12 16.35.41.jpg,n:\Recovery\myPictures\Dropbox Backup\Camera Uploads\2015\2015-12-12 16.35.41.jpg,2460393,363ce4fa2af949a65895a009e63ab98839a70140df780c19053b9a7d36c69729
p:\myPictures\Dropbox Backup\Camera Uploads\2015\2015-12-06 09.52.42.jpg,n:\Recovery\myPictures\Dropbox Backup\Camera Uploads\2015\2015-12-06 09.52.42.jpg,2462316,124fa60403f26bf749f55a064bc987e71e967e64c62ec8a76014b9faaf3f7d8f
p:\myPictures\Dropbox Backup\Camera Uploads\2016\2016-06-22 11.00.08.jpg,n:\Recovery\myPictures\Dropbox Backup\Camera Uploads\2016\2016-06-22 11.00.08.jpg,2474308,b66198a68ea63d393276d6fa75f148a754b14cd589797def0f2fec37c0a22b03
p:\myPictures\Dropbox Backup\Camera Uploads\2015\2015-12-12 16.35.14.jpg,n:\Recovery\myPictures\Dropbox Backup\Camera Uploads\2015\2015-12-12 16.35.14.jpg,2482270,2f50805b8643ea5bd86a27dcb36479f907e9bab6f9225288729cd0a08ec7b7fd
p:\myPictures\Dropbox Backup\Camera Uploads\2016\2016-09-27 20.12.36.jpg,n:\Recovery\myPictures\Dropbox Backup\Camera Uploads\2016\2016-09-27 20.12.36.jpg,2482931,aa9886b6059c1cdb90416bd43ed27e196f91dd2e42c885124843b95d51e403dd
p:\myPictures\Dropbox Backup\Camera Uploads\2016\2016-10-11 22.52.10.jpg,n:\Recovery\myPictures\Dropbox Backup\Camera Uploads\2016\2016-10-11 22.52.10.jpg,2484544,012f384fd40395076337576e3999cc6815a38dbed9505acd3314ac92425cbc75
p:\myPictures\Dropbox Backup\Camera Uploads\2016\2016-05-17 14.34.16.jpg,n:\Recovery\myPictures\Dropbox Backup\Camera Uploads\2016\2016-05-17 14.34.16.jpg,2486820,ef446de8902450433ceda17160bf5023a59a6869b2730c405f148b502ccf044a
p:\myPictures\Dropbox Backup\Camera Uploads\2016\2016-09-27 20.12.12.jpg,n:\Recovery\myPictures\Dropbox Backup\Camera Uploads\2016\2016-09-27 20.12.12.jpg,2489702,8e96f6614d97ea582b78cff705dd2edc875e495142379e49bcdbabac5b2fbbca
p:\myPictures\Dropbox Backup\Camera Uploads\2015\2015-11-07 15.05.12.jpg,n:\Recovery\myPictures\Dropbox Backup\Camera Uploads\2015\2015-11-07 15.05.12.jpg,2491794,bb7f71f8f11587c541951c213db7a18eafb21d16c743c649e91f3eda8c76b5a9
p:\myPictures\Dropbox Backup\Camera Uploads\2016\2016-06-22 10.59.51.jpg,n:\Recovery\myPictures\Dropbox Backup\Camera Uploads\2016\2016-06-22 10.59.51.jpg,2495635,3c6b64289757b217e294d2e9df788438a55b8aca38ff9934e90508e4ea7d65f7
p:\myPictures\Dropbox Backup\Camera Uploads\2016\2016-11-22 12.10.48.jpg,n:\Recovery\myPictures\Dropbox Backup\Camera Uploads\2016\2016-11-22 12.10.48.jpg,2495735,f77e28d0cae99139bb172a819b931479ec603b7bb4edb3edec9b23245fbcf4b8
p:\myPictures\Dropbox Backup\Camera Uploads\2015\2015-12-25 15.20.09.jpg,n:\Recovery\myPictures\Dropbox Backup\Camera Uploads\2015\2015-12-25 15.20.09.jpg,2496687,dfa2b121020be7a544e328249fa9c109c34216e11cb71394b698691910cbcb90
p:\myPictures\Dropbox Backup\Camera Uploads\2016\2016-10-11 15.02.54.jpg,n:\Recovery\myPictures\Dropbox Backup\Camera Uploads\2016\2016-10-11 15.02.54.jpg,2498448,650a8babf57be0c67b83b68cef1693c3357b942dcc74593aeda6dfc5c9bde688
p:\myPictures\Dropbox Backup\Camera Uploads\2016\2016-09-27 20.15.56.jpg,n:\Recovery\myPictures\Dropbox Backup\Camera Uploads\2016\2016-09-27 20.15.56.jpg,2499489,a34f183a0bed23de5fa6bb588143bb203a41aeaefe8a8389f96637abdf3b3c5d
p:\myPictures\Dropbox Backup\Camera Uploads\2016\2016-06-25 04.17.27.jpg,n:\Recovery\myPictures\Dropbox Backup\Camera Uploads\2016\2016-06-25 04.17.27.jpg,2502551,67f8fcae7ea305ed04c97f9a3f08dc0ca7185a1d826dc5cd01ec4e0f71ab481e
p:\myPictures\Dropbox Backup\Camera Uploads\2016\2016-10-04 18.02.51.jpg,n:\Recovery\myPictures\Dropbox Backup\Camera Uploads\2016\2016-10-04 18.02.51.jpg,2503402,9a8ad77d02a93ad78b748e59d3658be0e951dcbccbea2c16c12dfe3775d6ae07
p:\myPictures\Dropbox Backup\Camera Uploads\2015\2015-11-21 16.07.41.jpg,n:\Recovery\myPictures\Dropbox Backup\Camera Uploads\2015\2015-11-21 16.07.41.jpg,2507816,b447eb176fb0a24b70d8fd77b55319b9eab7f75569faec8ad1623df21053100c
p:\myPictures\Dropbox Backup\Camera Uploads\2015\2015-11-21 16.45.34.jpg,n:\Recovery\myPictures\Dropbox Backup\Camera Uploads\2015\2015-11-21 16.45.34.jpg,2508592,3db095bbaaa6153c8e15bfbfa64de88112a39f4462b8d218815a5da354e3f5b0
p:\myPictures\Dropbox Backup\Camera Uploads\2016\2016-09-27 20.28.18.jpg,n:\Recovery\myPictures\Dropbox Backup\Camera Uploads\2016\2016-09-27 20.28.18.jpg,2512558,6ed90f6d01ff03c029aba78becb4fba6dbf7cc98378f01977d721d6cf22c3379
p:\myPictures\Dropbox Backup\Camera Uploads\2015\2015-12-12 16.35.27.jpg,n:\Recovery\myPictures\Dropbox Backup\Camera Uploads\2015\2015-12-12 16.35.27.jpg,2517341,538d72157fd8bd8444f8fe0dfda40c53d9582b61e8bc2aa27194e0af5c70b6a7
p:\myPictures\Dropbox Backup\Camera Uploads\2015\2015-11-21 16.46.07.jpg,n:\Recovery\myPictures\Dropbox Backup\Camera Uploads\2015\2015-11-21 16.46.07.jpg,2525330,4ca472a6a394539de44f22e17163e857de06e7ad5bcfde26e3e26a58be2606ce
p:\myPictures\Dropbox Backup\Camera Uploads\2016\2016-10-24 09.36.44.jpg,n:\Recovery\myPictures\Dropbox Backup\Camera Uploads\2016\2016-10-24 09.36.44.jpg,2525824,719d6102a3b0ccebf28fa5c5225f2223123f4c6ec423e568b33eb8b7a72428fa
p:\myPictures\Dropbox Backup\Camera Uploads\2015\2015-11-07 15.05.42.jpg,n:\Recovery\myPictures\Dropbox Backup\Camera Uploads\2015\2015-11-07 15.05.42.jpg,2527145,dc00625e75307ca34dedfc27db6e0dd272fe71ffa42d64034bed21adae8bbfce
p:\myPictures\Dropbox Backup\Camera Uploads\2016\2016-09-27 20.09.26.jpg,n:\Recovery\myPictures\Dropbox Backup\Camera Uploads\2016\2016-09-27 20.09.26.jpg,2529686,148081f1c096d6aa15c4b4fddde300b32dec0158f34cc375c1efe64e30fb8652
p:\myPictures\Dropbox Backup\Camera Uploads\2016\2016-06-22 10.59.45.jpg,n:\Recovery\myPictures\Dropbox Backup\Camera Uploads\2016\2016-06-22 10.59.45.jpg,2530928,11174af660fd41120b412006669e208dd2b1e0f0664fd4747d4064810e575f13
p:\myPictures\Dropbox Backup\Camera Uploads\2016\2016-10-04 18.03.04.jpg,n:\Recovery\myPictures\Dropbox Backup\Camera Uploads\2016\2016-10-04 18.03.04.jpg,2532247,91e1543dfff8e0aed1f5aead1dadc867aa256f088eab0e199ff79e45373bae00
p:\myPictures\Dropbox Backup\Camera Uploads\2016\2016-10-24 12.13.20.jpg,n:\Recovery\myPictures\Dropbox Backup\Camera Uploads\2016\2016-10-24 12.13.20.jpg,2534815,96f10befa01d573d82350c59a0d126598e7faea788e7139a3a5dbac51d022f7c
p:\myPictures\Dropbox Backup\Camera Uploads\2016\2016-09-27 20.14.54.jpg,n:\Recovery\myPictures\Dropbox Backup\Camera Uploads\2016\2016-09-27 20.14.54.jpg,2534964,18503caff2853a30810c2ddd26914213014f71cbf98176ec5a599c23b40cea9e
p:\myPictures\Dropbox Backup\Camera Uploads\2016\2016-05-17 14.34.30.jpg,n:\Recovery\myPictures\Dropbox Backup\Camera Uploads\2016\2016-05-17 14.34.30.jpg,2542483,67dca9c07ad3a8aa440a5ea0c5d34e1b55fd854b7029f0deb758dc00eacb4995
p:\myPictures\Dropbox Backup\Camera Uploads\2015\2015-12-09 14.58.22.jpg,n:\Recovery\myPictures\Dropbox Backup\Camera Uploads\2015\2015-12-09 14.58.22.jpg,2544504,172e396f534bd94e93d38dabe6eaca4e015f2737b1d759142428b38b6eaa52f3
p:\myPictures\Dropbox Backup\Camera Uploads\2016\2016-09-27 20.01.13.jpg,n:\Recovery\myPictures\Dropbox Backup\Camera Uploads\2016\2016-09-27 20.01.13.jpg,2544797,3e6b4fef44f730e2be66f5844dd8ffdeb690d6083b3a999936725371a1c1ff41
p:\myPictures\Dropbox Backup\Camera Uploads\2015\2015-12-12 16.34.47.jpg,n:\Recovery\myPictures\Dropbox Backup\Camera Uploads\2015\2015-12-12 16.34.47.jpg,2547586,722f08fee0d9bbe3cd91751ea0ff8c2f581a0eb17e0ad9ab2125382172843fc0
p:\myPictures\Dropbox Backup\Camera Uploads\2016\2016-11-15 12.36.34.jpg,n:\Recovery\myPictures\Dropbox Backup\Camera Uploads\2016\2016-11-15 12.36.34.jpg,2554825,e71d90c7a8a3a38e12e31de274970d8ac3c7c3a7c804012cad1bb166573e848d
p:\myPictures\Dropbox Backup\Camera Uploads\2016\2016-09-27 20.13.43.jpg,n:\Recovery\myPictures\Dropbox Backup\Camera Uploads\2016\2016-09-27 20.13.43.jpg,2555886,7c3eab466fe800d4647c875401c71f224a569c90d34d4dc2e23a3054ce8630a7
p:\myPictures\Dropbox Backup\Camera Uploads\2016\2016-01-15 15.15.40.jpg,n:\Recovery\myPictures\Dropbox Backup\Camera Uploads\2016\2016-01-15 15.15.40.jpg,2558909,c599693dbd40affa93bd293518721fe3e7832003930b6820ebb583555c8eed2f
p:\myPictures\Dropbox Backup\Camera Uploads\2016\2016-05-17 14.36.07.jpg,n:\Recovery\myPictures\Dropbox Backup\Camera Uploads\2016\2016-05-17 14.36.07.jpg,2559819,5ece15311251a9443ed25e394af6a26ad9df3c810add0e40acc26f3eb4863dcd
p:\myPictures\Dropbox Backup\Camera Uploads\2015\2015-11-21 16.04.21.jpg,n:\Recovery\myPictures\Dropbox Backup\Camera Uploads\2015\2015-11-21 16.04.21.jpg,2560401,0e4d233958f8c6bcdcb1c17cdad29003bb550edbbb04e44dc88c242c2263404a
p:\myPictures\Dropbox Backup\Camera Uploads\2016\2016-11-19 14.58.52.jpg,n:\Recovery\myPictures\Dropbox Backup\Camera Uploads\2016\2016-11-19 14.58.52.jpg,2564068,e22d4e51b8ed3f7f98a5d80f207518d7e6c133448b25abb8fb5cd450a9edfbae
p:\myPictures\Dropbox Backup\Camera Uploads\2015\2015-11-21 16.04.35.jpg,n:\Recovery\myPictures\Dropbox Backup\Camera Uploads\2015\2015-11-21 16.04.35.jpg,2571756,619ba10d75756bc75afc6c56caea2c4373a6993f6c5a99a3ca51b36d28dca173
p:\myPictures\Dropbox Backup\Camera Uploads\2015\2015-12-06 10.24.43.jpg,n:\Recovery\myPictures\Dropbox Backup\Camera Uploads\2015\2015-12-06 10.24.43.jpg,2573068,c9c0a944dbbaadac865eb4d3ddfba5cab40b5e4541a7adfb5368e5a30d369b88
p:\myPictures\Dropbox Backup\Camera Uploads\2015\2015-11-21 16.06.09.jpg,n:\Recovery\myPictures\Dropbox Backup\Camera Uploads\2015\2015-11-21 16.06.09.jpg,2578988,86ed53b94ca944718cf28841f4d426ff8343288bf600bc7c2a5aa9d2394de796
p:\myPictures\Dropbox Backup\Camera Uploads\2015\2015-12-25 15.20.24.jpg,n:\Recovery\myPictures\Dropbox Backup\Camera Uploads\2015\2015-12-25 15.20.24.jpg,2580157,d030c27bec60206a572289ef5af317930b90bd54caba30cd9494b214d411038e
p:\myPictures\Dropbox Backup\Camera Uploads\2015\2015-10-31 14.35.24.jpg,n:\Recovery\myPictures\Dropbox Backup\Camera Uploads\2015\2015-10-31 14.35.24.jpg,2582662,8518b57c2dcb3e2b9dc9868a3d281f5e0a2dee21b29d6f64d5818e1916b49467
p:\myPictures\Dropbox Backup\Camera Uploads\2016\2016-07-09 02.29.46.jpg,n:\Recovery\myPictures\Dropbox Backup\Camera Uploads\2016\2016-07-09 02.29.46.jpg,2590544,fcc045a1c838515ec1580f7df0ac551910e6531ebd92d00bb2b06666d4e6f8a3
p:\myPictures\Dropbox Backup\Camera Uploads\2017\2017-02-19 12.20.23.jpg,n:\Recovery\myPictures\Dropbox Backup\Camera Uploads\2017\2017-02-19 12.20.23.jpg,2591181,0eb8b59782b94ba1c3c5d9a62bbd5c01a6461992184e051fb500bc70ee77a9f4
p:\myPictures\Dropbox Backup\Camera Uploads\2015\2015-11-21 16.45.28.jpg,n:\Recovery\myPictures\Dropbox Backup\Camera Uploads\2015\2015-11-21 16.45.28.jpg,2592540,6d4d78aab02783ef7734cc25b8cbca96cf069f14bb755536f738c01104d60263
p:\myPictures\Dropbox Backup\Camera Uploads\2016\2016-09-27 19.43.41.jpg,n:\Recovery\myPictures\Dropbox Backup\Camera Uploads\2016\2016-09-27 19.43.41.jpg,2602385,eabd58a3a8fcdd9757cb2ebbde9ae10d640da75046f40d4fec8bce99c2bcfe97
p:\myPictures\Dropbox Backup\Camera Uploads\2016\2016-09-27 20.13.50.jpg,n:\Recovery\myPictures\Dropbox Backup\Camera Uploads\2016\2016-09-27 20.13.50.jpg,2605794,0eb9b6108c9116a88b78ce226102732195c1cb76eccc72d21b54bf10a53088e6
p:\myPictures\Dropbox Backup\Camera Uploads\2016\2016-11-22 12.10.51.jpg,n:\Recovery\myPictures\Dropbox Backup\Camera Uploads\2016\2016-11-22 12.10.51.jpg,2609242,1cf0f84952f29950b500d0a2f0ee75a2254c99e63c3a59c3b44782ac8a7dbdcc
p:\myPictures\Dropbox Backup\Camera Uploads\2015\2015-11-07 15.04.39.jpg,n:\Recovery\myPictures\Dropbox Backup\Camera Uploads\2015\2015-11-07 15.04.39.jpg,2625402,92b42dbcb068a0f62a16889e521b8a85f9e21172a7ee96526bfb06e60fe7403c
p:\myPictures\Dropbox Backup\Camera Uploads\2016\2016-11-26 14.11.22.jpg,n:\Recovery\myPictures\Dropbox Backup\Camera Uploads\2016\2016-11-26 14.11.22.jpg,2626159,76030d259c34311e2749473ec6b1ef4a78a8085e1d40e85b32dc6c4c983669f1
p:\myPictures\Dropbox Backup\Camera Uploads\2016\2016-09-27 19.52.12.jpg,n:\Recovery\myPictures\Dropbox Backup\Camera Uploads\2016\2016-09-27 19.52.12.jpg,2640277,f3198bdb408792519dfa6d809c48f7aa1fb30d1e44a978413394250b5086aad8
p:\myPictures\Dropbox Backup\Camera Uploads\2015\2015-11-21 16.46.39.jpg,n:\Recovery\myPictures\Dropbox Backup\Camera Uploads\2015\2015-11-21 16.46.39.jpg,2644493,799b29575bd7f058f2f663a626fced313b19879ec298a3e2c3a1fa5eddbdf4ec
p:\myPictures\Dropbox Backup\Camera Uploads\2016\2016-08-18 20.58.04.jpg,n:\Recovery\myPictures\Dropbox Backup\Camera Uploads\2016\2016-08-18 20.58.04.jpg,2645429,9c6b82080189c4393e725c5450b17662f04b2d3ea3e818cc9c3e951ca8289065
p:\myPictures\Dropbox Backup\Camera Uploads\2016\2016-10-04 18.02.48.jpg,n:\Recovery\myPictures\Dropbox Backup\Camera Uploads\2016\2016-10-04 18.02.48.jpg,2650049,0d45985c16a9ad33957e903c46e3419a449b019a6bf54b526f98f2712386e23c
p:\myPictures\Dropbox Backup\Camera Uploads\2016\2016-09-27 20.19.49.jpg,n:\Recovery\myPictures\Dropbox Backup\Camera Uploads\2016\2016-09-27 20.19.49.jpg,2652692,a85a9a2cccedfba5a08f206fa1404854a87035821e28f64bc295fe3714acc77b
p:\myPictures\Dropbox Backup\Camera Uploads\2015\2015-11-21 16.04.29.jpg,n:\Recovery\myPictures\Dropbox Backup\Camera Uploads\2015\2015-11-21 16.04.29.jpg,2658876,ef4f0fb4c608125d3b8c94bc39fb3191018694ece750e193c378f1b65ca852f2
p:\myPictures\Dropbox Backup\Camera Uploads\2015\2015-11-21 16.46.18.jpg,n:\Recovery\myPictures\Dropbox Backup\Camera Uploads\2015\2015-11-21 16.46.18.jpg,2668016,ddaf3c791b8af97d6c36b6e6ec34ded0eb3511d65d0738a67ed18f3025b09758
p:\myPictures\Dropbox Backup\Camera Uploads\2016\2016-05-18 17.39.12.jpg,n:\Recovery\myPictures\Dropbox Backup\Camera Uploads\2016\2016-05-18 17.39.12.jpg,2673419,697164942529af6cfb4f21c6dfaf81645ccece23e96d51276a152c6fc9443669
p:\myPictures\Dropbox Backup\Camera Uploads\2016\2016-09-27 19.50.45.jpg,n:\Recovery\myPictures\Dropbox Backup\Camera Uploads\2016\2016-09-27 19.50.45.jpg,2675136,79a7af6eda27508563005da67bb66617e3cb750a7b30db4b5c42017684da1c07
p:\myPictures\Dropbox Backup\Camera Uploads\2015\2015-11-07 15.05.09.jpg,n:\Recovery\myPictures\Dropbox Backup\Camera Uploads\2015\2015-11-07 15.05.09.jpg,2676241,0504e7e6b238c7a866109e50dfc86b71a9c4365da40843447173ee8b0ef288b6
p:\myPictures\Dropbox Backup\Camera Uploads\2016\2016-09-27 20.24.50.jpg,n:\Recovery\myPictures\Dropbox Backup\Camera Uploads\2016\2016-09-27 20.24.50.jpg,2679616,569394dfa3591b7b442b4825366a6768a27641f3e8dae32aa1da32bfe5409ba5
p:\myPictures\Dropbox Backup\Camera Uploads\2016\2016-10-24 09.36.36.jpg,n:\Recovery\myPictures\Dropbox Backup\Camera Uploads\2016\2016-10-24 09.36.36.jpg,2701698,cf74928d6b9bb4d27f3b57195146c9766e71bc5c39dec379d0474e58bbf33738
p:\myPictures\Dropbox Backup\Camera Uploads\2016\2016-07-07 21.32.31.jpg,n:\Recovery\myPictures\Dropbox Backup\Camera Uploads\2016\2016-07-07 21.32.31.jpg,2705978,0d234158521cfa26e420887afdeefe042adebb835c1155f30eaf7110706f5878
p:\myPictures\Dropbox Backup\Camera Uploads\2015\2015-12-25 15.20.04.jpg,n:\Recovery\myPictures\Dropbox Backup\Camera Uploads\2015\2015-12-25 15.20.04.jpg,2709803,b634404dadfeec4acc6b4a2b019eb8335a12853434428f03c8d42e0e5d1843d6
p:\myPictures\Dropbox Backup\Camera Uploads\2015\2015-11-20 11.49.05.jpg,n:\Recovery\myPictures\Dropbox Backup\Camera Uploads\2015\2015-11-20 11.49.05.jpg,2722384,1fd4f719cbb08cb869874822661214f4c31b60485a9df3533a8fba66e0278a20
p:\myPictures\Dropbox Backup\Camera Uploads\2017\2017-02-19 12.20.36.jpg,n:\Recovery\myPictures\Dropbox Backup\Camera Uploads\2017\2017-02-19 12.20.36.jpg,2729011,7266c0e0c63441ab90f4fb47c79d715b32b420bcd0fd89d8b5cd5ac739ea6cee
p:\myPictures\Dropbox Backup\Camera Uploads\2015\2015-11-07 15.05.03.jpg,n:\Recovery\myPictures\Dropbox Backup\Camera Uploads\2015\2015-11-07 15.05.03.jpg,2729327,4adbd0edb960c6197bd7da2eb144b50a1fcca4710c9c64602a559f0dd5eae188
p:\myPictures\Dropbox Backup\Camera Uploads\2016\2016-09-10 18.50.23.jpg,n:\Recovery\myPictures\Dropbox Backup\Camera Uploads\2016\2016-09-10 18.50.23.jpg,2732156,a663d2b421231a890fe4300a2da8fbd8adf964afae6f8d5e9c28e2ecb11ae7d4
p:\myPictures\Dropbox Backup\Camera Uploads\2015\2015-12-06 09.50.49.jpg,n:\Recovery\myPictures\Dropbox Backup\Camera Uploads\2015\2015-12-06 09.50.49.jpg,2751599,682bc83a1e30535202acb544d2c1eea524bdc74d57607c0948c245fdba3887ac
p:\myPictures\Dropbox Backup\Camera Uploads\2015\2015-11-21 16.04.52.jpg,n:\Recovery\myPictures\Dropbox Backup\Camera Uploads\2015\2015-11-21 16.04.52.jpg,2758501,55d6431b9e5e5db8ea8aa63afba458f14ac2b05c4f0209a57ca46d2350d21704
p:\myPictures\Dropbox Backup\Camera Uploads\2016\2016-08-12 19.20.12.jpg,n:\Recovery\myPictures\Dropbox Backup\Camera Uploads\2016\2016-08-12 19.20.12.jpg,2760624,8ea5cc41556088d62edd1586bbd4abd39a2d8c737573a73bec5f3e9c67333099
p:\myPictures\Dropbox Backup\Camera Uploads\2016\2016-09-27 19.38.00.jpg,n:\Recovery\myPictures\Dropbox Backup\Camera Uploads\2016\2016-09-27 19.38.00.jpg,2767103,0eb18d2cac87568aeb669fcdc220db3a96f91cc3569a405b6b704e637e65c98f
p:\myPictures\Dropbox Backup\Camera Uploads\2016\2016-08-12 19.20.16.jpg,n:\Recovery\myPictures\Dropbox Backup\Camera Uploads\2016\2016-08-12 19.20.16.jpg,2769085,a1f49fd661e66a371504161f0f8f11a8d523713bd2144f9ef09bfcff7d6a88ac
p:\myPictures\Dropbox Backup\Camera Uploads\2015\2015-11-21 16.07.30.jpg,n:\Recovery\myPictures\Dropbox Backup\Camera Uploads\2015\2015-11-21 16.07.30.jpg,2778581,4b9d70b38b386e8b5047b1402e0dce6cbb0c7a44879db43dea72b79713990d1e
p:\myPictures\Dropbox Backup\Camera Uploads\2016\2016-08-12 19.20.18.jpg,n:\Recovery\myPictures\Dropbox Backup\Camera Uploads\2016\2016-08-12 19.20.18.jpg,2779103,3196d1e7114a0a5523a8395e668b57ebcae6b474a37d003d17278da73a5c3cec
p:\myPictures\Dropbox Backup\Camera Uploads\2016\2016-09-27 19.54.06.jpg,n:\Recovery\myPictures\Dropbox Backup\Camera Uploads\2016\2016-09-27 19.54.06.jpg,2802903,e5fda87a1bf66df75ade7283bcf607f5a39acc0c9778e711a14982ad46153c49
p:\myPictures\Dropbox Backup\Camera Uploads\2016\2016-07-12 23.47.24.jpg,n:\Recovery\myPictures\Dropbox Backup\Camera Uploads\2016\2016-07-12 23.47.24.jpg,2804042,9a00f3dffdadf92df2902cd6706e3db610901072c67f25c4e48f88a4c689828e
p:\myPictures\Dropbox Backup\Camera Uploads\2016\2016-10-24 12.12.44.jpg,n:\Recovery\myPictures\Dropbox Backup\Camera Uploads\2016\2016-10-24 12.12.44.jpg,2819310,fffc518a2daa46a45a06e814459ff8c41549ef7c1c9dd4d91cdeca9db935085e
p:\myPictures\Dropbox Backup\Camera Uploads\2016\2016-01-15 15.15.35.jpg,n:\Recovery\myPictures\Dropbox Backup\Camera Uploads\2016\2016-01-15 15.15.35.jpg,2822321,85e42b3094c3044fed6f87a12a27a7dd470d46cfb16d55f70a14362dd41a958a
p:\myPictures\Dropbox Backup\Camera Uploads\2015\2015-12-19 16.36.11.jpg,n:\Recovery\myPictures\Dropbox Backup\Camera Uploads\2015\2015-12-19 16.36.11.jpg,2826929,0308f78c8967570c65a258daf5a107b240d54c125b7d721602793fea215cff3d
p:\myPictures\Dropbox Backup\Camera Uploads\2016\2016-07-27 00.12.59.jpg,n:\Recovery\myPictures\Dropbox Backup\Camera Uploads\2016\2016-07-27 00.12.59.jpg,2827768,30692643a1a68be25e9c2bd94224a0aefaebcf734d5623c6bdab493df34a0c02
p:\myPictures\Dropbox Backup\Camera Uploads\2016\2016-09-27 20.21.27.jpg,n:\Recovery\myPictures\Dropbox Backup\Camera Uploads\2016\2016-09-27 20.21.27.jpg,2834609,6b18561e02be6bec0e4c918fb165a5a8d05c4dc41e74bb721f6a0612840892f1
p:\myPictures\Dropbox Backup\Camera Uploads\2016\2016-10-24 12.12.35.jpg,n:\Recovery\myPictures\Dropbox Backup\Camera Uploads\2016\2016-10-24 12.12.35.jpg,2835941,aa6a8b80be524280e928691bac995c355496137e2ba90ec53c054693fa8f8576
p:\myPictures\Dropbox Backup\Camera Uploads\2016\2016-09-09 18.53.12.jpg,n:\Recovery\myPictures\Dropbox Backup\Camera Uploads\2016\2016-09-09 18.53.12.jpg,2844369,cd0e917a57f3a8a5a373acb96b26b85e8badd7669acee37f8cda5916a3f2664e
p:\myPictures\Dropbox Backup\Camera Uploads\2017\2017-02-04 18.14.26.jpg,n:\Recovery\myPictures\Dropbox Backup\Camera Uploads\2017\2017-02-04 18.14.26.jpg,2858583,d62fd17673ff83cad03af7b3298a51a138b1df82da2279ac9c8b24169625b02e
p:\myPictures\Dropbox Backup\Camera Uploads\2015\2015-11-20 11.49.22.jpg,n:\Recovery\myPictures\Dropbox Backup\Camera Uploads\2015\2015-11-20 11.49.22.jpg,2865900,068c53a13ec174cf9a8bc362988a500932636ce330be71ec0f586a352626ecad
p:\myPictures\Dropbox Backup\Camera Uploads\2017\2017-02-04 18.14.20.jpg,n:\Recovery\myPictures\Dropbox Backup\Camera Uploads\2017\2017-02-04 18.14.20.jpg,2866797,42808449e2f6a81b3bd9aed6fe1e916139c1c235d55b4c226b7dc47d7e119d19
p:\myPictures\Dropbox Backup\Camera Uploads\2015\2015-12-06 09.52.32.jpg,n:\Recovery\myPictures\Dropbox Backup\Camera Uploads\2015\2015-12-06 09.52.32.jpg,2869879,1ff993dc9c11a1a8690948aa23e3f195c8b57dc8c1fd1349477a4013501d7668
p:\myPictures\Dropbox Backup\Camera Uploads\2016\2016-09-27 19.52.55.jpg,n:\Recovery\myPictures\Dropbox Backup\Camera Uploads\2016\2016-09-27 19.52.55.jpg,2873457,9f22e6246244bad6fd5336822aa87429321f059b1c1edf4ca6a1f02367061404
p:\myPictures\Dropbox Backup\Camera Uploads\2016\2016-09-27 20.23.48.jpg,n:\Recovery\myPictures\Dropbox Backup\Camera Uploads\2016\2016-09-27 20.23.48.jpg,2879039,8d471ef2659d85c42a347c26a93cce02e133965a288c42b389cc360673928625
p:\myPictures\Dropbox Backup\Camera Uploads\2016\2016-09-10 18.50.26.jpg,n:\Recovery\myPictures\Dropbox Backup\Camera Uploads\2016\2016-09-10 18.50.26.jpg,2915604,b062631bc5a3601567f1c7e2b6a23b115e2b4cd608ec9f25f5694fba5aba181f
p:\myPictures\Dropbox Backup\Camera Uploads\2017\2017-02-11 17.17.38.jpg,n:\Recovery\myPictures\Dropbox Backup\Camera Uploads\2017\2017-02-11 17.17.38.jpg,2928308,c2b1c76746eb9de4c575bbb200c1fd2a2ccd2a8c6b27e043130e2615fe066fdc
p:\myPictures\Dropbox Backup\Camera Uploads\2016\2016-09-27 20.15.27.jpg,n:\Recovery\myPictures\Dropbox Backup\Camera Uploads\2016\2016-09-27 20.15.27.jpg,2929372,e136be1e4ac551750f1549e11384e5a44a75b910a4eff9e631b321800bf11179
p:\myPictures\Dropbox Backup\Camera Uploads\2015\2015-12-12 16.36.16.jpg,n:\Recovery\myPictures\Dropbox Backup\Camera Uploads\2015\2015-12-12 16.36.16.jpg,2936849,be824aa2cdcc1d225fdacce1786402e265143f48f7b9617d06bdf62efe8d502c
p:\myPictures\Dropbox Backup\Camera Uploads\2015\2015-10-25 11.33.04.jpg,n:\Recovery\myPictures\Dropbox Backup\Camera Uploads\2015\2015-10-25 11.33.04.jpg,2939044,eb3d4fdf0cfda2afe7e4d7120c90275aac62516c27b136cc300d35bf7ae2b3f7
p:\myPictures\Dropbox Backup\Camera Uploads\2016\2016-09-27 20.18.54.jpg,n:\Recovery\myPictures\Dropbox Backup\Camera Uploads\2016\2016-09-27 20.18.54.jpg,2945716,dce123e9ab0a95abf5f5e063775a5fed08631c2dba003df4981e24f25053ef32
p:\myPictures\Dropbox Backup\Camera Uploads\2015\2015-12-12 16.36.05.jpg,n:\Recovery\myPictures\Dropbox Backup\Camera Uploads\2015\2015-12-12 16.36.05.jpg,2950831,844ecfa565050ed6ecd93857ab4ba9af69c2c48035c7d48826e1ece063fb0fd9
p:\myPictures\Dropbox Backup\Camera Uploads\2017\2017-02-04 18.14.39.jpg,n:\Recovery\myPictures\Dropbox Backup\Camera Uploads\2017\2017-02-04 18.14.39.jpg,2957696,e07dc609c023b67f49df59dc022b2e0056565ce59e6abc8efacd6f993fbdad59
p:\myPictures\Dropbox Backup\Camera Uploads\2016\2016-08-19 19.19.36.jpg,n:\Recovery\myPictures\Dropbox Backup\Camera Uploads\2016\2016-08-19 19.19.36.jpg,2966765,21a82cbf3c99660d60c8146b4aaf2ef759da3c4fcbf55a660dfb06828030648c
p:\myPictures\Dropbox Backup\Camera Uploads\2015\2015-12-06 10.24.56.jpg,n:\Recovery\myPictures\Dropbox Backup\Camera Uploads\2015\2015-12-06 10.24.56.jpg,2975864,d2b9e77f87fcb93dbd160e7e184c13b6223355b1f036184ddd99f4100fe608b4
p:\myPictures\Dropbox Backup\Camera Uploads\2016\2016-09-27 19.52.52.jpg,n:\Recovery\myPictures\Dropbox Backup\Camera Uploads\2016\2016-09-27 19.52.52.jpg,2980334,8c2b2db48337cfd14f8ed836991003ff9bd7202a7e2d0b67372b76ec99a40be5
p:\myPictures\Dropbox Backup\Camera Uploads\2016\2016-09-09 18.53.18.jpg,n:\Recovery\myPictures\Dropbox Backup\Camera Uploads\2016\2016-09-09 18.53.18.jpg,2989901,e169609763aa4dee53b044bbe0af7712c7530db62aaefa36593eaa650fa174b8
p:\myPictures\Dropbox Backup\Camera Uploads\2016\2016-09-27 19.52.18.jpg,n:\Recovery\myPictures\Dropbox Backup\Camera Uploads\2016\2016-09-27 19.52.18.jpg,3002978,3eb90d309a82337f7d12d422bc2e47a3e6c20bc87dbd79b76b73a06b9050c8be
p:\myPictures\Dropbox Backup\Camera Uploads\2015\2015-12-12 16.25.51.jpg,n:\Recovery\myPictures\Dropbox Backup\Camera Uploads\2015\2015-12-12 16.25.51.jpg,3010508,a4f089f1fef401df87477d8188e5e6816483a006c0d5c80f71469a6b26456a67
p:\myPictures\Dropbox Backup\Camera Uploads\2016\2016-12-29 16.25.15.jpg,n:\Recovery\myPictures\Dropbox Backup\Camera Uploads\2016\2016-12-29 16.25.15.jpg,3010654,8ec7ae18726b0187298265bbb8308ea11c5fde0b5a123bcddcaddaec77efb79b
p:\myPictures\Dropbox Backup\Camera Uploads\2016\2016-07-15 20.15.52.jpg,n:\Recovery\myPictures\Dropbox Backup\Camera Uploads\2016\2016-07-15 20.15.52.jpg,3010707,9c77b94e0a5dcf21c87e6b2ad934092bbd9fc722cc67089d54527c023eb7b492
p:\myPictures\Dropbox Backup\Camera Uploads\2015\2015-12-06 09.52.30.jpg,n:\Recovery\myPictures\Dropbox Backup\Camera Uploads\2015\2015-12-06 09.52.30.jpg,3015496,23806fd749294ff1c16b7397ff4eee6181eca6b0af1425c30cc0081540442d7e
p:\myPictures\Dropbox Backup\Camera Uploads\2016\2016-09-27 20.28.29.jpg,n:\Recovery\myPictures\Dropbox Backup\Camera Uploads\2016\2016-09-27 20.28.29.jpg,3023011,a0f20c1354a60aa6cbf6a6a69d80ce7f85dcf7e4ae43af20b4b8c3ac7d9c0b21
p:\myPictures\Dropbox Backup\Camera Uploads\2016\2016-09-27 19.58.35.jpg,n:\Recovery\myPictures\Dropbox Backup\Camera Uploads\2016\2016-09-27 19.58.35.jpg,3039023,98d73fa1b8ceb76d8bb9be941aca86e180b69e8757c7635b77a534da182ace0e
p:\myPictures\Dropbox Backup\Camera Uploads\2016\2016-11-22 15.05.07.jpg,n:\Recovery\myPictures\Dropbox Backup\Camera Uploads\2016\2016-11-22 15.05.07.jpg,3050331,13371efd415563d934dad05310b5fdd8efb7c559d08df30e84e885c29c9cdb69
p:\myPictures\Dropbox Backup\Camera Uploads\2016\2016-09-27 20.23.33.jpg,n:\Recovery\myPictures\Dropbox Backup\Camera Uploads\2016\2016-09-27 20.23.33.jpg,3054209,90b95f1aa8241fbf1a52876411c46b363ed6d94bb493ee18e0043a4d7f211313
p:\myPictures\Dropbox Backup\Camera Uploads\2017\2017-02-04 18.14.07.jpg,n:\Recovery\myPictures\Dropbox Backup\Camera Uploads\2017\2017-02-04 18.14.07.jpg,3057760,8a5722d39e781e399ca742202552a93d166db2d96e808f51ec3af889c4bfcc7c
p:\myPictures\Dropbox Backup\Camera Uploads\2016\2016-09-27 19.51.19.jpg,n:\Recovery\myPictures\Dropbox Backup\Camera Uploads\2016\2016-09-27 19.51.19.jpg,3071497,92c0986cd6df0f50f21538c3e37cb44bc440b6088a444081e6091ed3ef866944
p:\myPictures\Dropbox Backup\Camera Uploads\2016\2016-09-27 20.25.37.jpg,n:\Recovery\myPictures\Dropbox Backup\Camera Uploads\2016\2016-09-27 20.25.37.jpg,3079672,f53c8e567a72d37a52d39b9a7b29e1876e8b1e0cddf2affe8c1c04597c588329
p:\myPictures\Dropbox Backup\Camera Uploads\2016\2016-02-05 14.54.54.jpg,n:\Recovery\myPictures\Dropbox Backup\Camera Uploads\2016\2016-02-05 14.54.54.jpg,3084480,8ab3604b7ce503940bfc13b22a1631475b0552764278951028ac53fc2e481290
p:\myPictures\Dropbox Backup\Camera Uploads\2016\2016-09-27 19.47.51.jpg,n:\Recovery\myPictures\Dropbox Backup\Camera Uploads\2016\2016-09-27 19.47.51.jpg,3086301,68526bc97776aafa3f32b6e9b6a10c0ebab3e570265f6ab104ad65ad976e8fa1
p:\myPictures\Dropbox Backup\Camera Uploads\2016\2016-09-27 20.18.24.jpg,n:\Recovery\myPictures\Dropbox Backup\Camera Uploads\2016\2016-09-27 20.18.24.jpg,3086890,9c797eb39bf44a9f6bd1075fff7ec4bf042e49414fa62c7846b54bb9318e38ce
p:\myPictures\Dropbox Backup\Camera Uploads\2015\2015-12-12 16.35.48.jpg,n:\Recovery\myPictures\Dropbox Backup\Camera Uploads\2015\2015-12-12 16.35.48.jpg,3101084,a4e396114fb41c721a3ebcd1496c9fb57afa0ac624ee4a31a611d6fb8c233beb
p:\myPictures\Dropbox Backup\Camera Uploads\2016\2016-09-27 20.08.10.jpg,n:\Recovery\myPictures\Dropbox Backup\Camera Uploads\2016\2016-09-27 20.08.10.jpg,3102540,be45f1331fac5760b2665c4f2e7450a6bb7c31db208457288c14387103b1f864
p:\myPictures\Dropbox Backup\Camera Uploads\2016\2016-09-27 19.47.53.jpg,n:\Recovery\myPictures\Dropbox Backup\Camera Uploads\2016\2016-09-27 19.47.53.jpg,3113257,3b97cf9a1da7025729edada74ae7a1cede6be8a359654ce78ed0cf916eec80ca
p:\myPictures\Dropbox Backup\Camera Uploads\2016\2016-09-27 19.58.57.jpg,n:\Recovery\myPictures\Dropbox Backup\Camera Uploads\2016\2016-09-27 19.58.57.jpg,3117253,303f8dc3ef51afc71dd616ac1ca75463d9b27d060bce8a141a792ef967930011
p:\myPictures\Dropbox Backup\Camera Uploads\2016\2016-07-07 21.32.16.jpg,n:\Recovery\myPictures\Dropbox Backup\Camera Uploads\2016\2016-07-07 21.32.16.jpg,3126572,7e61d3113e12d1b426fa4dc17041b104d21e1964f7aaab4ea2db02bea6c89bcd
p:\myPictures\Dropbox Backup\Camera Uploads\2016\2016-09-08 15.58.47.jpg,n:\Recovery\myPictures\Dropbox Backup\Camera Uploads\2016\2016-09-08 15.58.47.jpg,3128979,1d21de5bf016125761712e269153f959f8d3799332abc9ca6951c8eb627459a8
p:\myPictures\Dropbox Backup\Camera Uploads\2016\2016-11-22 15.05.42.jpg,n:\Recovery\myPictures\Dropbox Backup\Camera Uploads\2016\2016-11-22 15.05.42.jpg,3144131,75c5d54e2979d30ee6e8862a2526db119bbfeefaf09dc7c9c2634df4cdf92c52
p:\myPictures\Dropbox Backup\Camera Uploads\2017\2017-01-27 18.01.17.jpg,n:\Recovery\myPictures\Dropbox Backup\Camera Uploads\2017\2017-01-27 18.01.17.jpg,3149661,2a39cd6de10da6a67162ad1a67c8248937ed62a0f72eb217d74e08ca82f70475
p:\myPictures\Dropbox Backup\Camera Uploads\2016\2016-09-27 19.48.50.jpg,n:\Recovery\myPictures\Dropbox Backup\Camera Uploads\2016\2016-09-27 19.48.50.jpg,3152275,ebfa735e4677e8dd0ab2299bee332c13beb716a4389a478473023445dacfd2ae
p:\myPictures\Dropbox Backup\Camera Uploads\2016\2016-08-19 19.23.30.jpg,n:\Recovery\myPictures\Dropbox Backup\Camera Uploads\2016\2016-08-19 19.23.30.jpg,3152323,1e0071c2d6cb782abed54f7111e1dc3433fcf2a561676c1e0ea88b72daf4abb8
p:\myPictures\Dropbox Backup\Camera Uploads\2017\2017-02-16 10.33.54.jpg,n:\Recovery\myPictures\Dropbox Backup\Camera Uploads\2017\2017-02-16 10.33.54.jpg,3152579,1fdb191b8066d7938b9d83f4b6a7c1dc37c44e431a3fd0c1f893dc2409c721ad
p:\myPictures\Dropbox Backup\Camera Uploads\2016\2016-09-27 19.48.57.jpg,n:\Recovery\myPictures\Dropbox Backup\Camera Uploads\2016\2016-09-27 19.48.57.jpg,3159124,4f212017cb0f44aad11b10926993103e18319ac81b97f5600ceae0b9e2d01161
p:\myPictures\Dropbox Backup\Camera Uploads\2016\2016-09-27 20.17.48.jpg,n:\Recovery\myPictures\Dropbox Backup\Camera Uploads\2016\2016-09-27 20.17.48.jpg,3165082,3236cfb1a2069532b2d39a3d8456786a059876e6db4980e9be8e96a0b954fa76
p:\myPictures\Dropbox Backup\Camera Uploads\2016\2016-01-05 11.39.21.jpg,n:\Recovery\myPictures\Dropbox Backup\Camera Uploads\2016\2016-01-05 11.39.21.jpg,3166379,0ec1ce06266d0fd36ea4fd1d7e00343ad313c9b0eceaa9e2125d951c97a64027
p:\myPictures\Dropbox Backup\Camera Uploads\2016\2016-11-22 15.05.36.jpg,n:\Recovery\myPictures\Dropbox Backup\Camera Uploads\2016\2016-11-22 15.05.36.jpg,3168190,b18fc688ddb4ce0527577520a6b25d54bc331a7559dda747989059e70f0a6baf
p:\myPictures\Dropbox Backup\Camera Uploads\2016\2016-11-22 15.06.38.jpg,n:\Recovery\myPictures\Dropbox Backup\Camera Uploads\2016\2016-11-22 15.06.38.jpg,3172603,68e2d663475c589ad2c624ee0823025046f28725d05b2d62b80354d4cc47d126
p:\myPictures\Dropbox Backup\Camera Uploads\2015\2015-12-12 16.36.30.jpg,n:\Recovery\myPictures\Dropbox Backup\Camera Uploads\2015\2015-12-12 16.36.30.jpg,3179723,e586493e8d907d896d81bfec305e930d1cc34c35cc7390b1da00aeacac97690c
p:\myPictures\Dropbox Backup\Camera Uploads\2017\2017-02-19 14.18.45.jpg,n:\Recovery\myPictures\Dropbox Backup\Camera Uploads\2017\2017-02-19 14.18.45.jpg,3181082,27bf244e766546870e4177636a0d40c524f3bb4a27b5b612a3d9852d2623d466
p:\myPictures\Dropbox Backup\Camera Uploads\2016\2016-11-22 15.05.13.jpg,n:\Recovery\myPictures\Dropbox Backup\Camera Uploads\2016\2016-11-22 15.05.13.jpg,3182373,8dc12c384f7fa0432889285eca7a8323bb962ba9a8179d572268c4ff4a0970b7
p:\myPictures\Dropbox Backup\Camera Uploads\2016\2016-08-14 18.25.44.jpg,n:\Recovery\myPictures\Dropbox Backup\Camera Uploads\2016\2016-08-14 18.25.44.jpg,3186831,474c7265afcdd4a28be311eddd64a96660a8437a9ce5181792085bf93d1496c0
p:\myPictures\Dropbox Backup\Camera Uploads\2017\2017-02-21 11.37.48.png,n:\Recovery\myPictures\Dropbox Backup\Camera Uploads\2017\2017-02-21 11.37.48.png,3190837,6464b8dead34a74fe5fafd780392805758c563e7f219630da255d56b63375387
p:\myPictures\Dropbox Backup\Camera Uploads\2016\2016-12-14 14.23.26.jpg,n:\Recovery\myPictures\Dropbox Backup\Camera Uploads\2016\2016-12-14 14.23.26.jpg,3200140,91ce46119f73ac01af862116dc0f9bd7840909c7d513ff7f53d08eb8e528f0c5
p:\myPictures\Dropbox Backup\Camera Uploads\2015\2015-12-19 16.36.06.jpg,n:\Recovery\myPictures\Dropbox Backup\Camera Uploads\2015\2015-12-19 16.36.06.jpg,3213403,31cbf282c6b52933848ad6b5172b116269583b03ce9b1212f59802e348805b56
p:\myPictures\Dropbox Backup\Camera Uploads\2015\2015-12-19 16.35.09.jpg,n:\Recovery\myPictures\Dropbox Backup\Camera Uploads\2015\2015-12-19 16.35.09.jpg,3218257,bad57dc4667ccc42482fbbd90833095b13c4b5fdc2b20d3cf42b728ff0376384
p:\myPictures\Dropbox Backup\Camera Uploads\2017\2017-01-04 11.17.35.jpg,n:\Recovery\myPictures\Dropbox Backup\Camera Uploads\2017\2017-01-04 11.17.35.jpg,3222222,204ed8da67485169eac4dce08d13f8f70d01ba0bbaf672c0bd44c65298fa3e20
p:\myPictures\Dropbox Backup\Camera Uploads\2015\2015-12-12 16.26.32.jpg,n:\Recovery\myPictures\Dropbox Backup\Camera Uploads\2015\2015-12-12 16.26.32.jpg,3223345,f5eff3bba32ca1ab9835bf22a825df719a522b1550d7ed36d5f73235fb1ddbc3
p:\myPictures\Dropbox Backup\Camera Uploads\2015\2015-11-26 13.13.39.jpg,n:\Recovery\myPictures\Dropbox Backup\Camera Uploads\2015\2015-11-26 13.13.39.jpg,3232604,0dd0c3c28aaace163d7ffea72db1d6212d64419442bd067f290604fd12a46c3c
p:\myPictures\Dropbox Backup\Camera Uploads\2017\2017-02-21 19.02.02.jpg,n:\Recovery\myPictures\Dropbox Backup\Camera Uploads\2017\2017-02-21 19.02.02.jpg,3238973,bc528251a82b5179fb1f5d28cb1ec5f654a9f17208c514c83c2b14d9b818fed9
p:\myPictures\Dropbox Backup\Camera Uploads\2015\2015-12-12 16.27.32.jpg,n:\Recovery\myPictures\Dropbox Backup\Camera Uploads\2015\2015-12-12 16.27.32.jpg,3244061,390981d73d463424b162d97ec5ff2d56492f9ce21e768a1a9fa5270386bf02cf
p:\myPictures\Dropbox Backup\Camera Uploads\2016\2016-12-29 16.25.11.jpg,n:\Recovery\myPictures\Dropbox Backup\Camera Uploads\2016\2016-12-29 16.25.11.jpg,3244582,06235774f649725ba2bfb81bef970b4915832d867571a006637382d21ee1e471
p:\myPictures\Dropbox Backup\Camera Uploads\2016\2016-12-22 16.21.07.jpg,n:\Recovery\myPictures\Dropbox Backup\Camera Uploads\2016\2016-12-22 16.21.07.jpg,3247437,815ad39a703e6e3e1e0c4e202522824c4e37dee79dad9d2a82ee2a6dcc85b32b
p:\myPictures\Dropbox Backup\Camera Uploads\2016\2016-08-18 20.58.18.jpg,n:\Recovery\myPictures\Dropbox Backup\Camera Uploads\2016\2016-08-18 20.58.18.jpg,3248110,0e673a5156c9264cef7cfdfe4a581fa54341a3e399116af10898739e0c19da47
p:\myPictures\Dropbox Backup\Camera Uploads\2016\2016-11-15 12.38.11.jpg,n:\Recovery\myPictures\Dropbox Backup\Camera Uploads\2016\2016-11-15 12.38.11.jpg,3253909,c6008f04493d9773c42e3cdd0341f0fd1e2422f600be8e231eb9e7f144dcde24
p:\myPictures\Dropbox Backup\Camera Uploads\2016\2016-08-19 19.23.36.jpg,n:\Recovery\myPictures\Dropbox Backup\Camera Uploads\2016\2016-08-19 19.23.36.jpg,3257264,0fceb9fe80fda0a752a98daf4302f66b4e4732cd0835f373ea0fa50ecce83f6c
p:\myPictures\Dropbox Backup\Camera Uploads\2015\2015-12-12 16.26.41.jpg,n:\Recovery\myPictures\Dropbox Backup\Camera Uploads\2015\2015-12-12 16.26.41.jpg,3259994,e115c1b2f6354abbaebb299f914460a030b1507233f85208b919ac7a69b96e2c
p:\myPictures\Dropbox Backup\Camera Uploads\2015\2015-12-19 16.35.03.jpg,n:\Recovery\myPictures\Dropbox Backup\Camera Uploads\2015\2015-12-19 16.35.03.jpg,3262253,bc3a734284dd9d0dba2be134725aee34af319ad5d7bbdf386df9e0f06faaf0d4
p:\myPictures\Dropbox Backup\Camera Uploads\2016\2016-12-14 14.03.27.jpg,n:\Recovery\myPictures\Dropbox Backup\Camera Uploads\2016\2016-12-14 14.03.27.jpg,3268176,13269c000ded1b8a5316867533c941cfe1da1f5bbbc0448a6f62c512884f86ca
p:\myPictures\Dropbox Backup\Camera Uploads\2016\2016-09-27 19.48.27.jpg,n:\Recovery\myPictures\Dropbox Backup\Camera Uploads\2016\2016-09-27 19.48.27.jpg,3268597,1456034455c8767ed45db1fbb9aaabf75401d4e1eb8d65e2241dd697979c8de8
p:\myPictures\Dropbox Backup\Camera Uploads\2016\2016-12-14 14.03.30.jpg,n:\Recovery\myPictures\Dropbox Backup\Camera Uploads\2016\2016-12-14 14.03.30.jpg,3269619,69c20d5c815b34e9de1e3f6495290a013bbf29321e015eb9374ec8870079c831
p:\myPictures\Dropbox Backup\Camera Uploads\2016\2016-11-22 15.05.50.jpg,n:\Recovery\myPictures\Dropbox Backup\Camera Uploads\2016\2016-11-22 15.05.50.jpg,3276619,890ea2390b30e6fbb286c63ee166d0cc6ffee2d83e8e8fd6d83be263f6193815
p:\myPictures\Dropbox Backup\Camera Uploads\2016\2016-09-27 20.09.45.jpg,n:\Recovery\myPictures\Dropbox Backup\Camera Uploads\2016\2016-09-27 20.09.45.jpg,3285725,9a54d57f75fa042fea99bee454dd03b7e26a0721e2c3501ec34d13a7b9309ba0
p:\myPictures\Dropbox Backup\Camera Uploads\2016\2016-09-27 19.47.34.jpg,n:\Recovery\myPictures\Dropbox Backup\Camera Uploads\2016\2016-09-27 19.47.34.jpg,3287764,f516d7160fcd3f3230f98aa1e7c0426b41d43c8dfa19d4de82e5bafdbbdf92ef
p:\myPictures\Dropbox Backup\Camera Uploads\2016\2016-07-30 08.11.36.jpg,n:\Recovery\myPictures\Dropbox Backup\Camera Uploads\2016\2016-07-30 08.11.36.jpg,3297428,2c399d636e4702cf21e202838d29520983611d83b16628e6cbda1045e5e855f0
p:\myPictures\Dropbox Backup\Camera Uploads\2017\2017-02-07 02.34.04.jpg,n:\Recovery\myPictures\Dropbox Backup\Camera Uploads\2017\2017-02-07 02.34.04.jpg,3307003,3f7e9591ec9aed9b9349e3037ccadc503705f9c3e2e0cdbde79f51efc56e80c0
p:\myPictures\Dropbox Backup\Camera Uploads\2017\2017-02-07 02.33.42.jpg,n:\Recovery\myPictures\Dropbox Backup\Camera Uploads\2017\2017-02-07 02.33.42.jpg,3335403,ab275bc21051c45863873b5080334c74fcc73193dae108bd07652ec0205101a1
p:\myPictures\Dropbox Backup\Camera Uploads\2017\2017-02-19 14.08.05.jpg,n:\Recovery\myPictures\Dropbox Backup\Camera Uploads\2017\2017-02-19 14.08.05.jpg,3345341,b605693cb9c37b23f5b0e880ec93643dc4daeabc362d484a61f81b6aee6932de
p:\myPictures\Dropbox Backup\Camera Uploads\2017\2017-03-18 13.39.03.jpg,n:\Recovery\myPictures\Dropbox Backup\Camera Uploads\2017\2017-03-18 13.39.03.jpg,3355467,0acf8f372b4400464af1135d207c9c28d71ae685c5fac6f7f9d5483a88e5d0d0
p:\myPictures\Dropbox Backup\Camera Uploads\2016\2016-06-23 12.04.27.jpg,n:\Recovery\myPictures\Dropbox Backup\Camera Uploads\2016\2016-06-23 12.04.27.jpg,3359114,ec1465ecd7373f2238794ae3f75196c3b6ba74fb6d83b5cf831fcbbb53f9841f
p:\myPictures\Dropbox Backup\Camera Uploads\2016\2016-11-22 15.07.14.jpg,n:\Recovery\myPictures\Dropbox Backup\Camera Uploads\2016\2016-11-22 15.07.14.jpg,3360845,981f54716783eb64753d6e3d757bda57e06972b31bc53cba4523e83bbb9c5e24
p:\myPictures\Dropbox Backup\Camera Uploads\2017\2017-02-16 10.22.02.jpg,n:\Recovery\myPictures\Dropbox Backup\Camera Uploads\2017\2017-02-16 10.22.02.jpg,3369092,1654d111bbbf94fea2b41645d78ca30be6a884a56019123ae21257df61fda41e
p:\myPictures\Dropbox Backup\Camera Uploads\2015\2015-12-12 16.36.20.jpg,n:\Recovery\myPictures\Dropbox Backup\Camera Uploads\2015\2015-12-12 16.36.20.jpg,3381822,fe5c315533e972c5cbf01088e07ccb11c2782de9ac19a12c3ab1731711b32fa4
p:\myPictures\Dropbox Backup\Camera Uploads\2017\2017-02-07 02.33.47.jpg,n:\Recovery\myPictures\Dropbox Backup\Camera Uploads\2017\2017-02-07 02.33.47.jpg,3391276,67816bd173cac01c8f0913649c7fbf1fcb6f8f67836e3bc890a0beb8f4c32976
p:\myPictures\Dropbox Backup\Camera Uploads\2016\2016-09-27 20.21.14.jpg,n:\Recovery\myPictures\Dropbox Backup\Camera Uploads\2016\2016-09-27 20.21.14.jpg,3396914,203682035ef11da8e1142fa2ac4ae2a56cf652eefca786f6d6705e4b994df3f0
p:\myPictures\Dropbox Backup\Camera Uploads\2017\2017-02-07 02.33.45.jpg,n:\Recovery\myPictures\Dropbox Backup\Camera Uploads\2017\2017-02-07 02.33.45.jpg,3402486,20f73f08118603147b278bf4fc7c6c1cb3492fac5ae9eb86726185721775b260
p:\myPictures\Dropbox Backup\Camera Uploads\2016\2016-09-27 20.28.55.jpg,n:\Recovery\myPictures\Dropbox Backup\Camera Uploads\2016\2016-09-27 20.28.55.jpg,3413963,d242e823b5201ee539f39d75f53c10151b61b88c08416133cecbf4ad25ef2280
p:\myPictures\Dropbox Backup\Camera Uploads\2015\2015-12-12 16.25.37.jpg,n:\Recovery\myPictures\Dropbox Backup\Camera Uploads\2015\2015-12-12 16.25.37.jpg,3421082,fe97557e0ce11a0a996a5d5966875375241b2030727d9a33ed6005d17aa03bd6
p:\myPictures\Dropbox Backup\Camera Uploads\2017\2017-01-04 11.17.20.jpg,n:\Recovery\myPictures\Dropbox Backup\Camera Uploads\2017\2017-01-04 11.17.20.jpg,3421997,979d1ab3f237b830988d54abd160949b77288550eb8c0d87e32848e4d66918e8
p:\myPictures\Dropbox Backup\Camera Uploads\2016\2016-08-27 18.54.34.jpg,n:\Recovery\myPictures\Dropbox Backup\Camera Uploads\2016\2016-08-27 18.54.34.jpg,3425123,61563d1df2d3748da2cbed47980cb1f579be54c71d32323fbf6bcad87e3952b1
p:\myPictures\Dropbox Backup\Camera Uploads\2015\2015-12-12 16.27.10.jpg,n:\Recovery\myPictures\Dropbox Backup\Camera Uploads\2015\2015-12-12 16.27.10.jpg,3432322,7d29f322fb5f054822478e8141618d67cce4a16182cc518db0d59ac465519658
p:\myPictures\Dropbox Backup\Camera Uploads\2017\2017-02-11 17.20.30.jpg,n:\Recovery\myPictures\Dropbox Backup\Camera Uploads\2017\2017-02-11 17.20.30.jpg,3440097,5e1fe0343d24f174035672eaeab85971c993708b7dfd85b60e8a2861b8491db0
p:\myPictures\Dropbox Backup\Camera Uploads\2015\2015-12-12 16.39.06.jpg,n:\Recovery\myPictures\Dropbox Backup\Camera Uploads\2015\2015-12-12 16.39.06.jpg,3447495,c8d806eeafdc9dda61541eaefaf1ee11d5fecc71c8adb92f002d816d3b674674
p:\myPictures\Dropbox Backup\Camera Uploads\2017\2017-02-16 11.41.18.jpg,n:\Recovery\myPictures\Dropbox Backup\Camera Uploads\2017\2017-02-16 11.41.18.jpg,3453049,2d03bfa0cf692427ea666f2fd5c605c72d981a1a813fa4bffd821987e24f6dc8
p:\myPictures\Dropbox Backup\Camera Uploads\2016\2016-12-14 14.03.51.jpg,n:\Recovery\myPictures\Dropbox Backup\Camera Uploads\2016\2016-12-14 14.03.51.jpg,3474551,587113071e23a24b6f4c00f4d7fa2252b688aafce869d89e4119a183de8abfc3
p:\myPictures\Dropbox Backup\Camera Uploads\2016\2016-12-14 14.03.55.jpg,n:\Recovery\myPictures\Dropbox Backup\Camera Uploads\2016\2016-12-14 14.03.55.jpg,3486051,cce7058a62736bb9b8b49d05f2781c327f5452f57952da6e2d6921568ad67461
p:\myPictures\Dropbox Backup\Camera Uploads\2015\2015-11-26 13.13.27.jpg,n:\Recovery\myPictures\Dropbox Backup\Camera Uploads\2015\2015-11-26 13.13.27.jpg,3513017,ee125d4fea2e4fc5b6e2b6286019d73741c72663ea7a49d08ca8ca1d77dcabdc
p:\myPictures\Dropbox Backup\Camera Uploads\2016\2016-10-11 15.04.28.jpg,n:\Recovery\myPictures\Dropbox Backup\Camera Uploads\2016\2016-10-11 15.04.28.jpg,3529355,0969680e14bb7ca69a7be012347aa0f18500e60db7ed41e5d118f9b1a4411a93
p:\myPictures\Dropbox Backup\Camera Uploads\2016\2016-05-07 11.46.54.jpg,n:\Recovery\myPictures\Dropbox Backup\Camera Uploads\2016\2016-05-07 11.46.54.jpg,3538750,8119090ea262890b49b91ec1fdb6bb825df6abc87f52db22d39ee7cdd2edf44e
p:\myPictures\Dropbox Backup\Camera Uploads\2016\2016-11-22 15.05.32.jpg,n:\Recovery\myPictures\Dropbox Backup\Camera Uploads\2016\2016-11-22 15.05.32.jpg,3545346,5ce4611b8ac5abaa99d724e8f4ed9ac46fca79b7d734a2c9f6edb3b686fc86d4
p:\myPictures\Dropbox Backup\Camera Uploads\2016\2016-08-14 18.25.48.jpg,n:\Recovery\myPictures\Dropbox Backup\Camera Uploads\2016\2016-08-14 18.25.48.jpg,3558846,72c760b09a212754e8ab772a9c033b6e68ac30e12c34854eda9b93f94b91aa4b
p:\myPictures\Dropbox Backup\Camera Uploads\2016\2016-12-07 15.03.28.jpg,n:\Recovery\myPictures\Dropbox Backup\Camera Uploads\2016\2016-12-07 15.03.28.jpg,3562101,d01105a5c25b18d4ca30d0bf21ba14b37237f2b9137d605dc8129cce8023e54d
p:\myPictures\Dropbox Backup\Camera Uploads\2017\2017-02-16 11.41.33.jpg,n:\Recovery\myPictures\Dropbox Backup\Camera Uploads\2017\2017-02-16 11.41.33.jpg,3574549,f93611e720c7a8e47b2d2b073cc094edb303004e8a1aeccf08a078f0604e6d11
p:\myPictures\Dropbox Backup\Camera Uploads\2016\2016-12-14 13.59.04.jpg,n:\Recovery\myPictures\Dropbox Backup\Camera Uploads\2016\2016-12-14 13.59.04.jpg,3583825,4defe74b2b8b5c8f778a14c83598c566dd82210bdf7719241e086b4a9e9f99ca
p:\myPictures\Dropbox Backup\Camera Uploads\2016\2016-10-23 02.35.35.jpg,n:\Recovery\myPictures\Dropbox Backup\Camera Uploads\2016\2016-10-23 02.35.35.jpg,3588037,fb823568c7d710fbde2c7d20e559ea460d1f8571cad7d48befe7d9eab08cbf9e
p:\myPictures\Dropbox Backup\Camera Uploads\2015\2015-12-12 16.25.13.jpg,n:\Recovery\myPictures\Dropbox Backup\Camera Uploads\2015\2015-12-12 16.25.13.jpg,3590795,82753dc48bfff51a9d5db8da041aef2031991ece17d691e95c2966a5ea47e3ff
p:\myPictures\Dropbox Backup\Camera Uploads\2015\2015-11-26 13.13.23.jpg,n:\Recovery\myPictures\Dropbox Backup\Camera Uploads\2015\2015-11-26 13.13.23.jpg,3600422,38f150d99b057b51b825ad89f5779e07e9209d873d8917689c2c0629ceeff584
p:\myPictures\Dropbox Backup\Camera Uploads\2017\2017-02-11 17.18.20.jpg,n:\Recovery\myPictures\Dropbox Backup\Camera Uploads\2017\2017-02-11 17.18.20.jpg,3630126,3d2a7b6e968d3b115fd7c9a1ff7e06d2d2e0010cf3ccdf3d2cea638c6f30f105
p:\myPictures\Dropbox Backup\Camera Uploads\2016\2016-10-20 16.35.30.jpg,n:\Recovery\myPictures\Dropbox Backup\Camera Uploads\2016\2016-10-20 16.35.30.jpg,3638032,88cbee9a4102c330d8d013d48c82adfe5248da8282637ab484ded943d0eec79c
p:\myPictures\Dropbox Backup\Camera Uploads\2016\2016-08-15 15.18.50.jpg,n:\Recovery\myPictures\Dropbox Backup\Camera Uploads\2016\2016-08-15 15.18.50.jpg,3648802,9ee46e3a4ee649662ad916e96454abaa4b80711db9b1aca3d8f45a12dd65541f
p:\myPictures\Dropbox Backup\Camera Uploads\2016\2016-09-23 12.24.53.jpg,n:\Recovery\myPictures\Dropbox Backup\Camera Uploads\2016\2016-09-23 12.24.53.jpg,3686938,a477ebc8e986d6d7cfd606b502693f36f8c9717d6331d1b3dc378fd35a2a90a7
p:\myPictures\Dropbox Backup\Camera Uploads\2016\2016-12-01 15.45.53.jpg,n:\Recovery\myPictures\Dropbox Backup\Camera Uploads\2016\2016-12-01 15.45.53.jpg,3687340,791f896e0d6889bfe4d573ed37a5171a3f7505b130deda090e77f82d342d6f70
p:\myPictures\Dropbox Backup\Camera Uploads\2016\2016-06-06 09.30.44.jpg,n:\Recovery\myPictures\Dropbox Backup\Camera Uploads\2016\2016-06-06 09.30.44.jpg,3692618,32eb8b2556bbb99f1393e770f9e1657862e174f582db4372013b758627e59bd1
p:\myPictures\Dropbox Backup\Camera Uploads\2017\2017-02-11 17.18.09.jpg,n:\Recovery\myPictures\Dropbox Backup\Camera Uploads\2017\2017-02-11 17.18.09.jpg,3704474,8242904daf4d9c0e13a6af1c318dd523af0655776183cd5cc5778e3d9cfabcae
p:\myPictures\Dropbox Backup\Camera Uploads\2017\2017-02-18 12.44.04.jpg,n:\Recovery\myPictures\Dropbox Backup\Camera Uploads\2017\2017-02-18 12.44.04.jpg,3705481,14a3f56f10ceafe599969f137b8dc79458baa84e41d2b9827497acab086b8fff
p:\myPictures\Dropbox Backup\Camera Uploads\2016\2016-05-07 11.30.26.jpg,n:\Recovery\myPictures\Dropbox Backup\Camera Uploads\2016\2016-05-07 11.30.26.jpg,3707334,9bea3e24c27889f112fc9c31249697cb4177ccd9173b24733df4f9d964c2e433
p:\myPictures\Dropbox Backup\Camera Uploads\2015\2015-12-12 16.25.26.jpg,n:\Recovery\myPictures\Dropbox Backup\Camera Uploads\2015\2015-12-12 16.25.26.jpg,3713042,8d3bba5c23a119fbf368079e1cddcddc32bbce8cf537dee36651a3f1b2c47b65
p:\myPictures\Dropbox Backup\Camera Uploads\2016\2016-09-21 16.56.26.jpg,n:\Recovery\myPictures\Dropbox Backup\Camera Uploads\2016\2016-09-21 16.56.26.jpg,3734277,0af5828f287c8b451d96e48e16fca9af4297ad59a8472f9b8f8c6e2616691cdf
p:\myPictures\Dropbox Backup\Camera Uploads\2017\2017-02-16 10.22.07.jpg,n:\Recovery\myPictures\Dropbox Backup\Camera Uploads\2017\2017-02-16 10.22.07.jpg,3736201,0c5d1de797563ef3b0353de7ce0c1ffda57544d08e8896370c139b52a45c6be6
p:\myPictures\Dropbox Backup\Camera Uploads\2016\2016-11-22 15.06.11.jpg,n:\Recovery\myPictures\Dropbox Backup\Camera Uploads\2016\2016-11-22 15.06.11.jpg,3751366,1ac2998616678d6ab4fd3b844ec854e92b42b11c3d0257590752a17339a6f0fc
p:\myPictures\Dropbox Backup\Camera Uploads\2016\2016-09-27 20.02.34.jpg,n:\Recovery\myPictures\Dropbox Backup\Camera Uploads\2016\2016-09-27 20.02.34.jpg,3754967,2588b17f6ed98a8cd0c1d8c59a81867a242439ce290d6242d35feb6e2004c47c
p:\myPictures\Dropbox Backup\Camera Uploads\2016\2016-11-22 12.52.11.jpg,n:\Recovery\myPictures\Dropbox Backup\Camera Uploads\2016\2016-11-22 12.52.11.jpg,3758639,f16991adc7992d7c73ab7b46ea3a5f1525899ef26cf8b94ed17e9112573ea6e7
p:\myPictures\Dropbox Backup\Camera Uploads\2016\2016-07-07 02.39.01.jpg,n:\Recovery\myPictures\Dropbox Backup\Camera Uploads\2016\2016-07-07 02.39.01.jpg,3760424,dcd4597c35046f1b3276ac2eef28c3460cb540bf52671d2469ddc148c7843241
p:\myPictures\Dropbox Backup\Camera Uploads\2017\2017-02-18 12.44.14.jpg,n:\Recovery\myPictures\Dropbox Backup\Camera Uploads\2017\2017-02-18 12.44.14.jpg,3761284,1b20ca76970a53cff464744ea5fa4062c19e9c4939287ac891ba93a5a318fc03
p:\myPictures\Dropbox Backup\Camera Uploads\2016\2016-07-31 11.22.39.jpg,n:\Recovery\myPictures\Dropbox Backup\Camera Uploads\2016\2016-07-31 11.22.39.jpg,3765835,0c28b5c691083012a1258bee50382915b389214d42a556770741edceea26dda6
p:\myPictures\Dropbox Backup\Camera Uploads\2016\2016-10-11 15.03.08.jpg,n:\Recovery\myPictures\Dropbox Backup\Camera Uploads\2016\2016-10-11 15.03.08.jpg,3771048,509b690cb323a9be8f195bf3eb726988bdcb65fe97422804deefc8bcc5c4d304
p:\myPictures\Dropbox Backup\Camera Uploads\2016\2016-06-06 09.30.58.jpg,n:\Recovery\myPictures\Dropbox Backup\Camera Uploads\2016\2016-06-06 09.30.58.jpg,3785829,22f1b47d70fdb866611061e9139365bacd7f2c063dbc2b85b14188c0a736c3a1
p:\myPictures\Dropbox Backup\Camera Uploads\2017\2017-03-13 15.46.42.jpg,n:\Recovery\myPictures\Dropbox Backup\Camera Uploads\2017\2017-03-13 15.46.42.jpg,3794119,84a0285754d76d0a94ec32cb1066e47e56897a225a2e2640f6b348dd088571d6
p:\myPictures\Dropbox Backup\Camera Uploads\2016\2016-08-07 13.00.05.jpg,n:\Recovery\myPictures\Dropbox Backup\Camera Uploads\2016\2016-08-07 13.00.05.jpg,3801160,f8ebe630f8165d8d367d7b35ae00535764f74c4e98a61163269a6d37abc836da
p:\myPictures\Dropbox Backup\Camera Uploads\2016\2016-10-11 15.04.35.jpg,n:\Recovery\myPictures\Dropbox Backup\Camera Uploads\2016\2016-10-11 15.04.35.jpg,3801199,0a30214d0f7a0a1401891fe81121be3457c9d5c80b20b933f080a7f1970b73e2
p:\myPictures\Dropbox Backup\Camera Uploads\2016\2016-11-22 15.05.03.jpg,n:\Recovery\myPictures\Dropbox Backup\Camera Uploads\2016\2016-11-22 15.05.03.jpg,3801832,fc2ec179aab88635bdcb240b5612204b4137f1bbb58e82fcd79180fdfc4c1229
p:\myPictures\Dropbox Backup\Camera Uploads\2017\2017-01-31 22.49.58.jpg,n:\Recovery\myPictures\Dropbox Backup\Camera Uploads\2017\2017-01-31 22.49.58.jpg,3811167,967b37e606484d52b08078a46bcbc495bb00ab70206b29249557d33c81e3d297
p:\myPictures\Dropbox Backup\Camera Uploads\2016\2016-12-18 22.15.47.jpg,n:\Recovery\myPictures\Dropbox Backup\Camera Uploads\2016\2016-12-18 22.15.47.jpg,3813256,56f447433cb937d24b7ed9e2c27283245bb2e4f5cc351f11885cac9d3fe1042c
p:\myPictures\Dropbox Backup\Camera Uploads\2017\2017-03-13 15.46.45.jpg,n:\Recovery\myPictures\Dropbox Backup\Camera Uploads\2017\2017-03-13 15.46.45.jpg,3814539,9fa117d2b3c4cf7898e06cc3d6cd321f3622d4de78e96b5c2a9ae8efabdbdff4
p:\myPictures\Dropbox Backup\Camera Uploads\2016\2016-09-08 15.59.20.jpg,n:\Recovery\myPictures\Dropbox Backup\Camera Uploads\2016\2016-09-08 15.59.20.jpg,3817862,a0b0bdb3fbe0798b485c68e2caf4bef4e92e519d2080b85b7c5107d31ad5dda1
p:\myPictures\Dropbox Backup\Camera Uploads\2016\2016-07-20 12.01.48.jpg,n:\Recovery\myPictures\Dropbox Backup\Camera Uploads\2016\2016-07-20 12.01.48.jpg,3822646,15fe5ae2cf179413ad6186446a9974f4c6b93e92d0058a4ab8164a1e33d27631
p:\myPictures\Dropbox Backup\Camera Uploads\2016\2016-12-18 22.15.49.jpg,n:\Recovery\myPictures\Dropbox Backup\Camera Uploads\2016\2016-12-18 22.15.49.jpg,3826180,6a5f172bf09dcbbb97d0dd9062b9a43d82cdc5fc2ef60b7f2c0dbf287ea99452
p:\myPictures\Dropbox Backup\Camera Uploads\2017\2017-02-18 12.44.03.jpg,n:\Recovery\myPictures\Dropbox Backup\Camera Uploads\2017\2017-02-18 12.44.03.jpg,3826575,0564be0631e1fe110cfd13832b4ae61482df6166560210538589a66dbf20cbc8
p:\myPictures\Dropbox Backup\Camera Uploads\2016\2016-08-18 19.51.18.jpg,n:\Recovery\myPictures\Dropbox Backup\Camera Uploads\2016\2016-08-18 19.51.18.jpg,3828400,693e2fc87626bfe5e82b1200dfcc52116edae098552cb09e13866d4eaa970930
p:\myPictures\Dropbox Backup\Camera Uploads\2016\2016-08-27 18.54.16.jpg,n:\Recovery\myPictures\Dropbox Backup\Camera Uploads\2016\2016-08-27 18.54.16.jpg,3829290,f407abfbdba13b3b5cf3d8196d98c000ff0659daca37fac39ba65e844b6ca644
p:\myPictures\Dropbox Backup\Camera Uploads\2016\2016-11-22 15.07.00.jpg,n:\Recovery\myPictures\Dropbox Backup\Camera Uploads\2016\2016-11-22 15.07.00.jpg,3834147,3720219d636cc627b6d4f12a82f4d56fc03e36f7a080359c57af53b9fcb3cf2f
p:\myPictures\Dropbox Backup\Camera Uploads\2017\2017-02-11 17.19.11.jpg,n:\Recovery\myPictures\Dropbox Backup\Camera Uploads\2017\2017-02-11 17.19.11.jpg,3862042,8d0546a4a3fcb2f10ff39228536a6fa26df47253c5da6fd472032aa3bd1817ec
p:\myPictures\Dropbox Backup\Camera Uploads\2016\2016-07-20 12.01.39.jpg,n:\Recovery\myPictures\Dropbox Backup\Camera Uploads\2016\2016-07-20 12.01.39.jpg,3871993,25bd455fa6bdeac8b80e4ab0d6538b0756337ad1811dfd969a6637d4963eaa93
p:\myPictures\Dropbox Backup\Camera Uploads\2016\2016-08-06 18.31.37.jpg,n:\Recovery\myPictures\Dropbox Backup\Camera Uploads\2016\2016-08-06 18.31.37.jpg,3883240,820d6519a5cd4338912449dc867fbc388e0ab45bd72155631822d3f113a846a5
p:\myPictures\Dropbox Backup\Camera Uploads\2016\2016-08-27 18.54.13.jpg,n:\Recovery\myPictures\Dropbox Backup\Camera Uploads\2016\2016-08-27 18.54.13.jpg,3892517,944902868b287c6a513cca0b330d70664147e7f86a0daf48f656434f475c0cd7
p:\myPictures\Dropbox Backup\Camera Uploads\2017\2017-01-31 22.45.50.jpg,n:\Recovery\myPictures\Dropbox Backup\Camera Uploads\2017\2017-01-31 22.45.50.jpg,3897847,a75fb047047bb6726e6dc19c3d2adaf5873ff9c61707bd0eb86272789dfbdbc8
p:\myPictures\Dropbox Backup\Camera Uploads\2017\2017-01-31 22.51.05.jpg,n:\Recovery\myPictures\Dropbox Backup\Camera Uploads\2017\2017-01-31 22.51.05.jpg,3901809,ddd747b2d2f2d205a44f47e5191f4185266dfe3a308d0a78e4c2f8de1a26a96c
p:\myPictures\Dropbox Backup\Camera Uploads\2017\2017-02-04 18.17.33.jpg,n:\Recovery\myPictures\Dropbox Backup\Camera Uploads\2017\2017-02-04 18.17.33.jpg,3905216,f07c3cc51fdb97f881b2828d3340284afe829eb17aa1444fc2dab0be8a4d730b
p:\myPictures\Dropbox Backup\Camera Uploads\2016\2016-07-15 19.46.58.jpg,n:\Recovery\myPictures\Dropbox Backup\Camera Uploads\2016\2016-07-15 19.46.58.jpg,3914042,3f3742e96bb1604ddea784725f20ddcde0783910c0b05325cb9c23d8bd094b19
p:\myPictures\Dropbox Backup\Camera Uploads\2016\2016-09-09 14.08.28.jpg,n:\Recovery\myPictures\Dropbox Backup\Camera Uploads\2016\2016-09-09 14.08.28.jpg,3918539,3515625ae60c9ec0191169503716cbf8cd5954ff019821b598f790f49d0e6c3a
p:\myPictures\Dropbox Backup\Camera Uploads\2017\2017-03-13 15.46.21.jpg,n:\Recovery\myPictures\Dropbox Backup\Camera Uploads\2017\2017-03-13 15.46.21.jpg,3924531,51e2cccb59082b3e7bd1d38fa76b49f7d41b31f6b7620f37f7cf8fd9aa4e707f
p:\myPictures\Dropbox Backup\Camera Uploads\2017\2017-02-16 15.45.04.jpg,n:\Recovery\myPictures\Dropbox Backup\Camera Uploads\2017\2017-02-16 15.45.04.jpg,3929169,7c9d7283dfcda95e882a1d6a2cd932a0a5f70f8341056fd2b52fd0d50fc4fa3f
p:\myPictures\Dropbox Backup\Camera Uploads\2016\2016-08-11 18.07.12.jpg,n:\Recovery\myPictures\Dropbox Backup\Camera Uploads\2016\2016-08-11 18.07.12.jpg,3940736,fb6274774ea3de2f18a8699da4190094bc9e86274c6445806426678d68f178a5
p:\myPictures\Dropbox Backup\Camera Uploads\2017\2017-01-31 22.50.02.jpg,n:\Recovery\myPictures\Dropbox Backup\Camera Uploads\2017\2017-01-31 22.50.02.jpg,3941476,953491a59515a8e079ea224886543af1e102ae402fe7b12fab8a9157b42ade63
p:\myPictures\Dropbox Backup\Camera Uploads\2016\2016-11-17 16.34.15.jpg,n:\Recovery\myPictures\Dropbox Backup\Camera Uploads\2016\2016-11-17 16.34.15.jpg,3966743,70bbd7fc7e6ab228ca7ae131ad6c079b12a663f6f0c05a39aff55c5681db6d37
p:\myPictures\Dropbox Backup\Camera Uploads\2017\2017-03-25 15.53.48.jpg,n:\Recovery\myPictures\Dropbox Backup\Camera Uploads\2017\2017-03-25 15.53.48.jpg,3975103,a274d45e93806d1cd5aeefc064934f9dd3ae249a44577a05d2e6f04042553767
p:\myPictures\Dropbox Backup\Camera Uploads\2017\2017-03-31 14.23.15.jpg,n:\Recovery\myPictures\Dropbox Backup\Camera Uploads\2017\2017-03-31 14.23.15.jpg,3999892,b4de62b2d39866e6647b48505369fd29a19f417afc0c5f77c56031e0c8e6308e
p:\myPictures\Dropbox Backup\Camera Uploads\2017\2017-03-25 15.53.46.jpg,n:\Recovery\myPictures\Dropbox Backup\Camera Uploads\2017\2017-03-25 15.53.46.jpg,4012403,bc680f757f12e7657a45d89c19c6bafa04ed97abdfc7c55eaad7f74fe2fa3918
p:\myPictures\Dropbox Backup\Camera Uploads\2016\2016-08-07 13.05.27.jpg,n:\Recovery\myPictures\Dropbox Backup\Camera Uploads\2016\2016-08-07 13.05.27.jpg,4022875,2715c0d559ed8c68e69e0b9732dc40996273624f901abc4c2350ce84dcd23214
p:\myPictures\Dropbox Backup\Camera Uploads\2016\2016-07-07 02.40.57.jpg,n:\Recovery\myPictures\Dropbox Backup\Camera Uploads\2016\2016-07-07 02.40.57.jpg,4023877,56477f1a081ad26ee2507843f2b96309ad8658657f9490bce7f027bf9b5488bd
p:\myPictures\Dropbox Backup\Camera Uploads\2016\2016-11-22 15.06.03.jpg,n:\Recovery\myPictures\Dropbox Backup\Camera Uploads\2016\2016-11-22 15.06.03.jpg,4032072,2cad7a08bf7df27319049052468e44dcb6523a378a244de44a14b6f9465bbd1c
p:\myPictures\Dropbox Backup\Camera Uploads\2016\2016-08-20 20.39.21.jpg,n:\Recovery\myPictures\Dropbox Backup\Camera Uploads\2016\2016-08-20 20.39.21.jpg,4036644,9a8749106f2abd540a7313c6f43711db0c5773b865cdb34a37e6c6f2ea7c6e0a
p:\myPictures\Dropbox Backup\Camera Uploads\2016\2016-09-23 12.24.46.jpg,n:\Recovery\myPictures\Dropbox Backup\Camera Uploads\2016\2016-09-23 12.24.46.jpg,4037427,3e827c6dd6acb5fa633ac0efc2a97c09e9c4d402cf0cb41f7f9e8de8af7a8f9f
p:\myPictures\Dropbox Backup\Camera Uploads\2016\2016-10-20 16.35.50.jpg,n:\Recovery\myPictures\Dropbox Backup\Camera Uploads\2016\2016-10-20 16.35.50.jpg,4040745,eb788de30e885c355d281494753651b8c11221b452bc29d7f91263e0147731e9
p:\myPictures\Dropbox Backup\Camera Uploads\2016\2016-11-20 13.16.53.jpg,n:\Recovery\myPictures\Dropbox Backup\Camera Uploads\2016\2016-11-20 13.16.53.jpg,4050609,11ce8992e03b68020785c3f66de6286d3ceeb9eb9b5078b02d68a4fa1bba6500
p:\myPictures\Dropbox Backup\Camera Uploads\2017\2017-02-21 19.02.26.jpg,n:\Recovery\myPictures\Dropbox Backup\Camera Uploads\2017\2017-02-21 19.02.26.jpg,4057257,38dc010ec143c937254f63e67edc64b6be4accc0a39d165bfdbba15401ca5cff
p:\myPictures\Dropbox Backup\Camera Uploads\2016\2016-12-24 21.26.01.jpg,n:\Recovery\myPictures\Dropbox Backup\Camera Uploads\2016\2016-12-24 21.26.01.jpg,4061750,a6dd872272e486db85d936e33f4a8363951a970b74ecbb3c00ea220c0ec97d56
p:\myPictures\Dropbox Backup\Camera Uploads\2016\2016-10-30 22.21.06.jpg,n:\Recovery\myPictures\Dropbox Backup\Camera Uploads\2016\2016-10-30 22.21.06.jpg,4065983,f49f25a468aa6945826494a7c9c2427a863425476bb83f8b79ec1e88bf4dedef
p:\myPictures\Dropbox Backup\Camera Uploads\2016\2016-11-22 12.50.43.jpg,n:\Recovery\myPictures\Dropbox Backup\Camera Uploads\2016\2016-11-22 12.50.43.jpg,4099738,2fca596c9455bb1fee1997e07eba82ff77d7a049a56a0989acab79f99b6ad238
p:\myPictures\Dropbox Backup\Camera Uploads\2016\2016-10-30 22.21.17.jpg,n:\Recovery\myPictures\Dropbox Backup\Camera Uploads\2016\2016-10-30 22.21.17.jpg,4112962,5723ba0c62ce90534c3cab35a46c791a50ae4f15c7d59500fa9989c2180f5867
p:\myPictures\Dropbox Backup\Camera Uploads\2017\2017-02-18 12.44.11.jpg,n:\Recovery\myPictures\Dropbox Backup\Camera Uploads\2017\2017-02-18 12.44.11.jpg,4134956,13c4a54ec0550619ed46e056726375663b606fbd9149c8c050915dfb4c819138
p:\myPictures\Dropbox Backup\Camera Uploads\2016\2016-10-11 15.03.12.jpg,n:\Recovery\myPictures\Dropbox Backup\Camera Uploads\2016\2016-10-11 15.03.12.jpg,4137988,ed296bf4e572095b1974bd26c3e0869d0960d8a95e810e412c343e892646154d
p:\myPictures\Dropbox Backup\Camera Uploads\2017\2017-02-18 12.44.10.jpg,n:\Recovery\myPictures\Dropbox Backup\Camera Uploads\2017\2017-02-18 12.44.10.jpg,4138252,700ea1c5db93e0a9dc9b528be0645b9b59b9468f4fa1b3ba02423aadca5bfcf0
p:\myPictures\Dropbox Backup\Camera Uploads\2016\2016-11-22 12.51.41.jpg,n:\Recovery\myPictures\Dropbox Backup\Camera Uploads\2016\2016-11-22 12.51.41.jpg,4138296,592db7f05026509fdc89f76c52550380e78364f52f6878b747ae95de82b4fb17
p:\myPictures\Dropbox Backup\Camera Uploads\2016\2016-09-01 16.08.37.jpg,n:\Recovery\myPictures\Dropbox Backup\Camera Uploads\2016\2016-09-01 16.08.37.jpg,4150625,e21dc33e8ccd29f91fd5a41ef6b432be6b94ac8a7fc70c54392b6e27a2277e6b
p:\myPictures\Dropbox Backup\Camera Uploads\2016\2016-12-06 22.53.07.jpg,n:\Recovery\myPictures\Dropbox Backup\Camera Uploads\2016\2016-12-06 22.53.07.jpg,4170398,23e718d51e7d4c5054d6c8a63a5be7aa42c96a9c2769aefe0e36b31285ac018d
p:\myPictures\Dropbox Backup\Camera Uploads\2016\2016-11-22 22.06.13.jpg,n:\Recovery\myPictures\Dropbox Backup\Camera Uploads\2016\2016-11-22 22.06.13.jpg,4181521,1c3c6a7ff8605e12126327cb283fa0c1e1ee432d3b524376b168305553864369
p:\myPictures\Dropbox Backup\Camera Uploads\2016\2016-11-22 12.09.43.jpg,n:\Recovery\myPictures\Dropbox Backup\Camera Uploads\2016\2016-11-22 12.09.43.jpg,4193979,d380701ef7912cbfd01c6fc1eab509522f7eacaa092e34012ed5e97dfb20e2e7
p:\myPictures\Dropbox Backup\Camera Uploads\2016\2016-08-11 18.06.55.jpg,n:\Recovery\myPictures\Dropbox Backup\Camera Uploads\2016\2016-08-11 18.06.55.jpg,4217944,5626ffb6b80ab9b333e1d41d44a812dea357af15fc612bfc96c56655706aefe1
p:\myPictures\Dropbox Backup\Camera Uploads\2016\2016-09-01 16.08.39.jpg,n:\Recovery\myPictures\Dropbox Backup\Camera Uploads\2016\2016-09-01 16.08.39.jpg,4222862,b8383ae71d2ef8c5a80ad37c190d79568e7897e6d6309da163a1ba0a879b9083
p:\myPictures\Dropbox Backup\Camera Uploads\2016\2016-08-14 18.25.55.jpg,n:\Recovery\myPictures\Dropbox Backup\Camera Uploads\2016\2016-08-14 18.25.55.jpg,4229916,a54a88ffdbeab88f91f49b7b5546f9309674295c2c5a0e6de19fa5bae7a8cbb4
p:\myPictures\Dropbox Backup\Camera Uploads\2017\2017-03-25 15.27.06.jpg,n:\Recovery\myPictures\Dropbox Backup\Camera Uploads\2017\2017-03-25 15.27.06.jpg,4231330,6e661cb95bc509b4f4342b0af2496278d25e99cfe1af966c28c36e7ebfb0ade9
p:\myPictures\Dropbox Backup\Camera Uploads\2016\2016-07-15 19.46.57.jpg,n:\Recovery\myPictures\Dropbox Backup\Camera Uploads\2016\2016-07-15 19.46.57.jpg,4241954,4eebb2c7bacc43bdac2a354f33a08eec2a174cb6a1a99cc4f7b8d5e1e5eba752
p:\myPictures\Dropbox Backup\Camera Uploads\2016\2016-12-22 16.21.22.jpg,n:\Recovery\myPictures\Dropbox Backup\Camera Uploads\2016\2016-12-22 16.21.22.jpg,4255950,a06d5ed4bb26e51b70ca9e7ae3d951bc62430be665dce9b407e5a5da4cfe9e18
p:\myPictures\Dropbox Backup\Camera Uploads\2016\2016-08-14 18.25.52.jpg,n:\Recovery\myPictures\Dropbox Backup\Camera Uploads\2016\2016-08-14 18.25.52.jpg,4264720,97e5604510a83c676476a59c0b92a8430a737e9121242eecd6dba6c4fa3d1940
p:\myPictures\Dropbox Backup\Camera Uploads\2016\2016-01-05 11.39.21-1.jpg,n:\Recovery\myPictures\Dropbox Backup\Camera Uploads\2016\2016-01-05 11.39.21-1.jpg,4269564,0552447fb71e4702c4a576a4c6b8b326f904a1805b3a7db28433c0c2424b7be5
p:\myPictures\Dropbox Backup\Camera Uploads\2016\2016-10-11 21.23.58.jpg,n:\Recovery\myPictures\Dropbox Backup\Camera Uploads\2016\2016-10-11 21.23.58.jpg,4282399,b3926b4c7817998f3da18dc113208c8266662b707051bc836a462e278f2e9c92
p:\myPictures\Dropbox Backup\Camera Uploads\2016\2016-09-01 16.07.17.jpg,n:\Recovery\myPictures\Dropbox Backup\Camera Uploads\2016\2016-09-01 16.07.17.jpg,4292735,551e84585309cd3b3ea948d66dee7a523a8d3a1636b93dccb9b4996a5ed56322
p:\myPictures\Dropbox Backup\Camera Uploads\2016\2016-12-03 22.23.03.jpg,n:\Recovery\myPictures\Dropbox Backup\Camera Uploads\2016\2016-12-03 22.23.03.jpg,4293059,4cf6e7c21c38ea38c4968435233008c3389705cc72dc70066e68a9dee6bbaf4c
p:\myPictures\Dropbox Backup\Camera Uploads\2016\2016-11-22 12.13.28.jpg,n:\Recovery\myPictures\Dropbox Backup\Camera Uploads\2016\2016-11-22 12.13.28.jpg,4316610,29f2ae109afa2e0d627ede4d0d60d8ec053a30d570cbe4e94876049bb811e1f9
p:\myPictures\Dropbox Backup\Camera Uploads\2017\2017-03-25 15.53.28.jpg,n:\Recovery\myPictures\Dropbox Backup\Camera Uploads\2017\2017-03-25 15.53.28.jpg,4325337,636e1e948d85ee87e72c5923fda1c33a9ff523ebef67cb43577043c8b0cac868
p:\myPictures\Dropbox Backup\Camera Uploads\2016\2016-11-22 15.05.26.jpg,n:\Recovery\myPictures\Dropbox Backup\Camera Uploads\2016\2016-11-22 15.05.26.jpg,4326854,427e00c172d3164e4ca29612887d84b944f96e997a20e617fe7140b3fb452c57
p:\myPictures\Dropbox Backup\Camera Uploads\2016\2016-07-23 16.37.51.jpg,n:\Recovery\myPictures\Dropbox Backup\Camera Uploads\2016\2016-07-23 16.37.51.jpg,4330122,073dbb603ed8c274662973ce0ea498f17bfda4d9d2cc4e6c6e46a2d0960e0979
p:\myPictures\Dropbox Backup\Camera Uploads\2017\2017-03-25 15.24.35.jpg,n:\Recovery\myPictures\Dropbox Backup\Camera Uploads\2017\2017-03-25 15.24.35.jpg,4343939,9dbfd06ce67ff929b079bcfe9bcec4c0155bb1b59c0add8d5302b94398d4bbbc
p:\myPictures\Dropbox Backup\Camera Uploads\2017\2017-02-16 15.46.24.jpg,n:\Recovery\myPictures\Dropbox Backup\Camera Uploads\2017\2017-02-16 15.46.24.jpg,4344207,c271a6661c0f99efb628df78d242b4eb8986e89f6e9c06fa222ff943ffd1f6d0
p:\myPictures\Dropbox Backup\Camera Uploads\2016\2016-09-01 16.07.21.jpg,n:\Recovery\myPictures\Dropbox Backup\Camera Uploads\2016\2016-09-01 16.07.21.jpg,4363417,b0c514975881693b7bcc03725f2b1821ece4d9d42e90ef0465530c8826cca996
p:\myPictures\Dropbox Backup\Camera Uploads\2016\2016-09-27 20.53.27.jpg,n:\Recovery\myPictures\Dropbox Backup\Camera Uploads\2016\2016-09-27 20.53.27.jpg,4368861,1ecc582d0a2ebff5e25a75b8370c0aabeb87e1c5a11e9476718ff845e20463c0
p:\myPictures\Dropbox Backup\Camera Uploads\2016\2016-11-22 22.06.17.jpg,n:\Recovery\myPictures\Dropbox Backup\Camera Uploads\2016\2016-11-22 22.06.17.jpg,4369000,e05b50cf527a4b510c939f936c3b915f0b912bac7c815e294e31fcb70be85180
p:\myPictures\Dropbox Backup\Camera Uploads\2016\2016-08-11 18.49.59.jpg,n:\Recovery\myPictures\Dropbox Backup\Camera Uploads\2016\2016-08-11 18.49.59.jpg,4371333,0fe8c668b3fe50804cea658221c573f0b827128b88427d34c4ee59a8065332c2
p:\myPictures\Dropbox Backup\Camera Uploads\2016\2016-12-06 22.53.19.jpg,n:\Recovery\myPictures\Dropbox Backup\Camera Uploads\2016\2016-12-06 22.53.19.jpg,4382574,c383685acd0e318a1e5a6ae70964fbb6d2b30543b4c9c9a51353755373351576
p:\myPictures\Dropbox Backup\Camera Uploads\2016\2016-11-05 18.22.17.jpg,n:\Recovery\myPictures\Dropbox Backup\Camera Uploads\2016\2016-11-05 18.22.17.jpg,4384385,fb770521f48eaf5598c72df95d556dc7ba7d05c72d37ed38599d34f5b6a1d605
p:\myPictures\Dropbox Backup\Camera Uploads\2016\2016-07-11 18.00.05.jpg,n:\Recovery\myPictures\Dropbox Backup\Camera Uploads\2016\2016-07-11 18.00.05.jpg,4385039,4c449acb86a2b2d4bacd0f1f2c517941da1efb6d74c274c3134a29a7b73c3470
p:\myPictures\Dropbox Backup\Camera Uploads\2017\2017-03-13 15.12.48.jpg,n:\Recovery\myPictures\Dropbox Backup\Camera Uploads\2017\2017-03-13 15.12.48.jpg,4390756,c7e1674344ec3881ad8c6aa3c7bc7d60d28ea6f672f8355899348dfbb9e0be8f
p:\myPictures\Dropbox Backup\Camera Uploads\2016\2016-12-21 23.24.30.jpg,n:\Recovery\myPictures\Dropbox Backup\Camera Uploads\2016\2016-12-21 23.24.30.jpg,4391113,d236567b321eedbb7ef7ec01b9eacdce0e0c2cec49cc77bd39f62db50a3132c6
p:\myPictures\Dropbox Backup\Camera Uploads\2016\2016-07-12 19.21.44.jpg,n:\Recovery\myPictures\Dropbox Backup\Camera Uploads\2016\2016-07-12 19.21.44.jpg,4396769,4ad6f8292eaafb08b8ffd80da08b0ab73d6db2d1b8deee1cd26e160fcf6575c8
p:\myPictures\Dropbox Backup\Camera Uploads\2017\2017-03-25 15.51.33.jpg,n:\Recovery\myPictures\Dropbox Backup\Camera Uploads\2017\2017-03-25 15.51.33.jpg,4409186,0573bfb46dc7b1d719d29ef107ce715249b12dbcb3ccba62662ddd0cd009bc2e
p:\myPictures\Dropbox Backup\Camera Uploads\2016\2016-11-22 20.46.18.jpg,n:\Recovery\myPictures\Dropbox Backup\Camera Uploads\2016\2016-11-22 20.46.18.jpg,4412019,8997b0404e1e0d8bb90d1421605e7b3f3b816da584c3cc9bbf16f7c1c1ae5d79
p:\myPictures\Dropbox Backup\Camera Uploads\2016\2016-12-07 15.03.13.jpg,n:\Recovery\myPictures\Dropbox Backup\Camera Uploads\2016\2016-12-07 15.03.13.jpg,4418044,350d0ef437108bf055fa9e2d55a58fb24c80811edd6089c8c3ca56d9bc4ee8eb
p:\myPictures\Dropbox Backup\Camera Uploads\2016\2016-07-10 14.05.26.jpg,n:\Recovery\myPictures\Dropbox Backup\Camera Uploads\2016\2016-07-10 14.05.26.jpg,4423718,5c4bb5f467fcb58a3d81df7583f90151f5ba13bc926a4e14e1b323259bd32e5a
p:\myPictures\Dropbox Backup\Camera Uploads\2016\2016-07-23 17.12.36.jpg,n:\Recovery\myPictures\Dropbox Backup\Camera Uploads\2016\2016-07-23 17.12.36.jpg,4434619,b76354a309475e8f7269e9dc3f126606a072949ca5d09fc23d976a2ed4306e81
p:\myPictures\Dropbox Backup\Camera Uploads\2016\2016-07-23 17.12.38.jpg,n:\Recovery\myPictures\Dropbox Backup\Camera Uploads\2016\2016-07-23 17.12.38.jpg,4454346,30405c7b2e7f80eeab038960dace30f9b54e77b149779fdb7a3450c903452e20
p:\myPictures\Dropbox Backup\Camera Uploads\2016\2016-12-11 22.03.08.jpg,n:\Recovery\myPictures\Dropbox Backup\Camera Uploads\2016\2016-12-11 22.03.08.jpg,4454725,e42d8b3f8d27ca563dbd5a8ab57f5148977409d128871ad2fc1f859ea5e5ee49
p:\myPictures\Dropbox Backup\Camera Uploads\2016\2016-11-22 20.43.11.jpg,n:\Recovery\myPictures\Dropbox Backup\Camera Uploads\2016\2016-11-22 20.43.11.jpg,4462208,028b6554d7d3aa50d24b2c26a62ab659c592e11d5bc1af2eb1a8b687fd2b89a8
p:\myPictures\Dropbox Backup\Camera Uploads\2016\2016-11-12 16.21.22.jpg,n:\Recovery\myPictures\Dropbox Backup\Camera Uploads\2016\2016-11-12 16.21.22.jpg,4480841,70f990f6f0e2c4393793e0b40491bd8119b04009863d384700b9a24576c07ac0
p:\myPictures\Dropbox Backup\Camera Uploads\2015\2015-12-09 14.58.22-2.jpg,n:\Recovery\myPictures\Dropbox Backup\Camera Uploads\2015\2015-12-09 14.58.22-2.jpg,4486978,4a4fc27931ef7068f69da5f169b96ff60bc08f3c25e83b14fd1d0f0f0e8b5ce1
p:\myPictures\Dropbox Backup\Camera Uploads\2016\2016-11-05 18.22.22.jpg,n:\Recovery\myPictures\Dropbox Backup\Camera Uploads\2016\2016-11-05 18.22.22.jpg,4495476,07ff74204100968d9551fa72e49ef014ae3ff0219c983155f2e3a87d24b8629d
p:\myPictures\Dropbox Backup\Camera Uploads\2016\2016-09-21 16.53.52.jpg,n:\Recovery\myPictures\Dropbox Backup\Camera Uploads\2016\2016-09-21 16.53.52.jpg,4512048,d7ff11ab196e806785007ac14beb713d5f51adf2b04f50301ba67f78b2b32793
p:\myPictures\Dropbox Backup\Camera Uploads\2017\2017-03-22 18.23.18.jpg,n:\Recovery\myPictures\Dropbox Backup\Camera Uploads\2017\2017-03-22 18.23.18.jpg,4517993,96eb4738ceebea6b25e67bc95206d3e5e7e171640bd9a4ccc5b8cc051595feb4
p:\myPictures\Dropbox Backup\Camera Uploads\2016\2016-11-22 20.44.00.jpg,n:\Recovery\myPictures\Dropbox Backup\Camera Uploads\2016\2016-11-22 20.44.00.jpg,4522902,4b2ec2604d8821678c5737e8c069c59a379d717cc5cfd68b2236910806831254
p:\myPictures\Dropbox Backup\Camera Uploads\2016\2016-10-20 16.35.35.jpg,n:\Recovery\myPictures\Dropbox Backup\Camera Uploads\2016\2016-10-20 16.35.35.jpg,4526858,23ffe94668ab129a70faca79ce6de363145bf526ab712bbb331dba12ad55d457
p:\myPictures\Dropbox Backup\Camera Uploads\2016\2016-12-01 15.45.59.jpg,n:\Recovery\myPictures\Dropbox Backup\Camera Uploads\2016\2016-12-01 15.45.59.jpg,4550341,74a123a522b41fda1e9946ebcab1b72a95bdccc2095914fe52814e904fd5ec56
p:\myPictures\Dropbox Backup\Camera Uploads\2017\2017-03-13 15.06.13.jpg,n:\Recovery\myPictures\Dropbox Backup\Camera Uploads\2017\2017-03-13 15.06.13.jpg,4558186,39cdc4e9aa9fbdb9370f7ded3e7014e25398f603dc7b8942b39a286d7b847907
p:\myPictures\Dropbox Backup\Camera Uploads\2016\2016-11-22 20.43.36.jpg,n:\Recovery\myPictures\Dropbox Backup\Camera Uploads\2016\2016-11-22 20.43.36.jpg,4560666,74df1885beea232e4d65e98aff189e56cfeb1762a91e3d556631ccfe3dbe2b8c
p:\myPictures\Dropbox Backup\Camera Uploads\2016\2016-09-09 16.50.23.jpg,n:\Recovery\myPictures\Dropbox Backup\Camera Uploads\2016\2016-09-09 16.50.23.jpg,4562258,cdb2c856a5bfc5374bf18582d653354405ea54fd0f6268c1063928dda8fece6b
p:\myPictures\Dropbox Backup\Camera Uploads\2016\2016-11-26 13.58.38.jpg,n:\Recovery\myPictures\Dropbox Backup\Camera Uploads\2016\2016-11-26 13.58.38.jpg,4590530,e2a967ce72157e2481ba732a1bd711ec1649a10c632dd0435cde5d8251283a29
p:\myPictures\Dropbox Backup\Camera Uploads\2016\2016-11-22 15.06.07.jpg,n:\Recovery\myPictures\Dropbox Backup\Camera Uploads\2016\2016-11-22 15.06.07.jpg,4605628,fdddbace03dca470606525dd45d3152baa00d9fe645a95b73c5d1c725efb52c4
p:\myPictures\Dropbox Backup\Camera Uploads\2016\2016-08-24 12.58.24.jpg,n:\Recovery\myPictures\Dropbox Backup\Camera Uploads\2016\2016-08-24 12.58.24.jpg,4611212,be9a4cb6276839c69ee66df46e5b9cab2b7db114117694d86f763fc288075b2e
p:\myPictures\Dropbox Backup\Camera Uploads\2016\2016-11-12 16.21.21.jpg,n:\Recovery\myPictures\Dropbox Backup\Camera Uploads\2016\2016-11-12 16.21.21.jpg,4617825,227c329b2333f321fc7667690be96a4e5a25b747ac2756c51284e842618ad34a
p:\myPictures\Dropbox Backup\Camera Uploads\2016\2016-11-22 12.09.58.jpg,n:\Recovery\myPictures\Dropbox Backup\Camera Uploads\2016\2016-11-22 12.09.58.jpg,4648764,eeb3a5d88fc2a7192c9b10ef0b12828a77053c49a934e4ef1136c67f8910269b
p:\myPictures\Dropbox Backup\Camera Uploads\2017\2017-03-25 15.25.18.jpg,n:\Recovery\myPictures\Dropbox Backup\Camera Uploads\2017\2017-03-25 15.25.18.jpg,4667221,ccfd8374f428c1c838210877aae79774c8d70d480cd781c948d7f5a6a1cebb97
p:\myPictures\Dropbox Backup\Camera Uploads\2017\2017-03-22 18.23.15.jpg,n:\Recovery\myPictures\Dropbox Backup\Camera Uploads\2017\2017-03-22 18.23.15.jpg,4673153,12bf7202a3aa35dd9a1ece2a68f94da228084e3ba1ba6c89dcfee861914cd41d
p:\myPictures\Dropbox Backup\Camera Uploads\2016\2016-08-15 21.39.35.jpg,n:\Recovery\myPictures\Dropbox Backup\Camera Uploads\2016\2016-08-15 21.39.35.jpg,4676510,b23d26cbcadb72275fda3ac87ce989e3b7258475676e930a5e7cebfcd04edb79
p:\myPictures\Dropbox Backup\Camera Uploads\2016\2016-12-01 17.17.58.jpg,n:\Recovery\myPictures\Dropbox Backup\Camera Uploads\2016\2016-12-01 17.17.58.jpg,4702943,5554fe6130f79f45021be72776b4a4395168b3ddc7b10d83700602904da29e1b
p:\myPictures\Dropbox Backup\Camera Uploads\2016\2016-08-18 20.57.37.jpg,n:\Recovery\myPictures\Dropbox Backup\Camera Uploads\2016\2016-08-18 20.57.37.jpg,4706640,ac89fd389e2c4c39df3988514a75c7a5bae3149265f8031451793a51c07c3dbe
p:\myPictures\Dropbox Backup\Camera Uploads\2016\2016-08-13 01.17.32.jpg,n:\Recovery\myPictures\Dropbox Backup\Camera Uploads\2016\2016-08-13 01.17.32.jpg,4713385,3ad717abb18369ca16d23f06403840e83739be5bb09575615d8bc3154b04493a
p:\myPictures\Dropbox Backup\Camera Uploads\2016\2016-08-19 20.23.13.jpg,n:\Recovery\myPictures\Dropbox Backup\Camera Uploads\2016\2016-08-19 20.23.13.jpg,4731254,b5ce64d2f4ef225f6af9a5eeb752614cf46fb96d3838a23e8966f7b26db0e695
p:\myPictures\Dropbox Backup\Camera Uploads\2016\2016-08-12 16.42.40.jpg,n:\Recovery\myPictures\Dropbox Backup\Camera Uploads\2016\2016-08-12 16.42.40.jpg,4741687,fbfd6f31297137a78a9783917be1b9a8dbf2579b32add8ee64a2dd2a77ac1f59
p:\myPictures\Dropbox Backup\Camera Uploads\2017\2017-03-22 10.06.48.jpg,n:\Recovery\myPictures\Dropbox Backup\Camera Uploads\2017\2017-03-22 10.06.48.jpg,4742639,6c08fc9c7e07e1687e1602a873f95b735e9d8b5ee9eee72bce6131dd30c99c90
p:\myPictures\Dropbox Backup\Camera Uploads\2016\2016-12-01 17.18.07.jpg,n:\Recovery\myPictures\Dropbox Backup\Camera Uploads\2016\2016-12-01 17.18.07.jpg,4768380,c87ff9077b96c4414266365438f4a235a4d75da363c06a1ac421df54d23441fd
p:\myPictures\Dropbox Backup\Camera Uploads\2016\2016-11-20 11.50.49.jpg,n:\Recovery\myPictures\Dropbox Backup\Camera Uploads\2016\2016-11-20 11.50.49.jpg,4769579,5c523449cb6dc2b60b6f045001e4bafe86d88db3b941a962aafb8c7947c2944a
p:\myPictures\Dropbox Backup\Camera Uploads\2016\2016-11-20 11.50.40.jpg,n:\Recovery\myPictures\Dropbox Backup\Camera Uploads\2016\2016-11-20 11.50.40.jpg,4787143,7395e66e4af1d88fbdcf9e1b986a699f799c33fba88ec5d9be797017753eb049
p:\myPictures\Dropbox Backup\Camera Uploads\2016\2016-07-06 21.36.53.jpg,n:\Recovery\myPictures\Dropbox Backup\Camera Uploads\2016\2016-07-06 21.36.53.jpg,4798008,fd4b7f8d9f8b7780ab7d4e2e28ef22b9c48f0e060e2bb1c16131dba0e34a2b0f
p:\myPictures\Dropbox Backup\Camera Uploads\2016\2016-11-22 22.06.20.jpg,n:\Recovery\myPictures\Dropbox Backup\Camera Uploads\2016\2016-11-22 22.06.20.jpg,4798851,f9ce21771bdb1b0ff0f3703022d05917c07c16b0b085f1d04e79befda082b2ad
p:\myPictures\Dropbox Backup\Camera Uploads\2016\2016-10-27 13.14.53.jpg,n:\Recovery\myPictures\Dropbox Backup\Camera Uploads\2016\2016-10-27 13.14.53.jpg,4807182,aeafa65572d4d916f69221965f3fd06e15f7df7a43990ecd21b780863ff2244c
p:\myPictures\Dropbox Backup\Camera Uploads\2016\2016-08-18 20.57.12.jpg,n:\Recovery\myPictures\Dropbox Backup\Camera Uploads\2016\2016-08-18 20.57.12.jpg,4821441,7339c3f17e5dfd07deee00392b1149185570f85970e4bd72a88949a77db0dc1f
p:\myPictures\Dropbox Backup\Camera Uploads\2016\2016-11-22 15.05.58.jpg,n:\Recovery\myPictures\Dropbox Backup\Camera Uploads\2016\2016-11-22 15.05.58.jpg,4826725,824bd04341f55cb5d938bd0f0fe1d06df07e38497ece422396c0377da9d68d0b
p:\myPictures\Dropbox Backup\Camera Uploads\2016\2016-08-24 12.58.22.jpg,n:\Recovery\myPictures\Dropbox Backup\Camera Uploads\2016\2016-08-24 12.58.22.jpg,4833537,a0e38eb7ada87a83859551f3cc24c5577270fdebf808248ca93009f796767d83
p:\myPictures\Dropbox Backup\Camera Uploads\2017\2017-01-27 13.37.09.jpg,n:\Recovery\myPictures\Dropbox Backup\Camera Uploads\2017\2017-01-27 13.37.09.jpg,4834128,0b09cecdb557d4e9f3e021bbf86d4ce9808044500cbf397fd38ace24d9ef1f59
p:\myPictures\Dropbox Backup\Camera Uploads\2016\2016-07-15 19.46.09.jpg,n:\Recovery\myPictures\Dropbox Backup\Camera Uploads\2016\2016-07-15 19.46.09.jpg,4853965,b007b82b9a624dab924caeb2db2865a94497b85640e7834ac4b8b9fc78bc47cd
p:\myPictures\Dropbox Backup\Camera Uploads\2016\2016-12-06 22.53.25.jpg,n:\Recovery\myPictures\Dropbox Backup\Camera Uploads\2016\2016-12-06 22.53.25.jpg,4860218,1c75e752fdd238f3ae0a0ff7d3d75679ffa673152fb2df5b05496f2b0a8c27e3
p:\myPictures\Dropbox Backup\Camera Uploads\2017\2017-03-25 15.49.50.jpg,n:\Recovery\myPictures\Dropbox Backup\Camera Uploads\2017\2017-03-25 15.49.50.jpg,4862258,afa783b947b74c5188e3e487f6dfa8b3a3eabe34616fc7c6820503d9d7c70bc1
p:\myPictures\Dropbox Backup\Camera Uploads\2016\2016-12-12 09.51.39.jpg,n:\Recovery\myPictures\Dropbox Backup\Camera Uploads\2016\2016-12-12 09.51.39.jpg,4866546,746214de960a9453c6624485962f643a549ced5065c9c1f07b757eec6e5ccfc4
p:\myPictures\Dropbox Backup\Camera Uploads\2016\2016-12-07 15.06.23.jpg,n:\Recovery\myPictures\Dropbox Backup\Camera Uploads\2016\2016-12-07 15.06.23.jpg,4867325,34f40660c3295e0db811a5ed5862e1fe9a825c46345de874fa00953f32623c53
p:\myPictures\Dropbox Backup\Camera Uploads\2017\2017-01-27 13.42.58.jpg,n:\Recovery\myPictures\Dropbox Backup\Camera Uploads\2017\2017-01-27 13.42.58.jpg,4867686,2d4ea828d9637880ddde817b944d2054856ba3e1fd3c71a48d04d6665e23e59a
p:\myPictures\Dropbox Backup\Camera Uploads\2017\2017-03-13 16.15.48.jpg,n:\Recovery\myPictures\Dropbox Backup\Camera Uploads\2017\2017-03-13 16.15.48.jpg,4874627,359ef47ba5fd656194c6ac807b0edea2cfaa0b2624d5b6f1f888ff8759a838be
p:\myPictures\Dropbox Backup\Camera Uploads\2017\2017-01-22 13.37.35.jpg,n:\Recovery\myPictures\Dropbox Backup\Camera Uploads\2017\2017-01-22 13.37.35.jpg,4883564,98b7af843e1d9497cbb03001e11c2d2dd5ab3caa6b60a474adaf87b9474931ea
p:\myPictures\Dropbox Backup\Camera Uploads\2016\2016-11-12 16.21.29.jpg,n:\Recovery\myPictures\Dropbox Backup\Camera Uploads\2016\2016-11-12 16.21.29.jpg,4900920,383878a020c55b7fad40d61f87c506f5f5f2ff5f4f98b181ae1e7923d497867b
p:\myPictures\Dropbox Backup\Camera Uploads\2016\2016-08-06 19.49.05.jpg,n:\Recovery\myPictures\Dropbox Backup\Camera Uploads\2016\2016-08-06 19.49.05.jpg,4904814,5827c6a8bfe02dc752be23ef6107c2816d6d0bc10364a03b22260a154aba2588
p:\myPictures\Dropbox Backup\Camera Uploads\2016\2016-08-24 12.58.20.jpg,n:\Recovery\myPictures\Dropbox Backup\Camera Uploads\2016\2016-08-24 12.58.20.jpg,4932503,8368b2578569599728660110255713a21890acb5b75e0e38384d47419f097f74
p:\myPictures\Dropbox Backup\Camera Uploads\2016\2016-07-10 14.05.20.jpg,n:\Recovery\myPictures\Dropbox Backup\Camera Uploads\2016\2016-07-10 14.05.20.jpg,4944909,2f5bf51b2e06e12db5c4791a953ba7eab3b930b913085e9d995d6fa55cc58682
p:\myPictures\Dropbox Backup\Camera Uploads\2017\2017-02-15 20.19.54.jpg,n:\Recovery\myPictures\Dropbox Backup\Camera Uploads\2017\2017-02-15 20.19.54.jpg,4946822,5b2df5325de9f43fa34959a973a386580895644f19a1e9d750a123a0be03f758
p:\myPictures\Dropbox Backup\Camera Uploads\2017\2017-02-11 17.19.26.jpg,n:\Recovery\myPictures\Dropbox Backup\Camera Uploads\2017\2017-02-11 17.19.26.jpg,4951233,c0a51764d3c9e49c189f8ae0edce9a4540f0d0d0300ed0a25fa5c4e835cf1ab3
p:\myPictures\Dropbox Backup\Camera Uploads\2016\2016-07-10 14.16.30.jpg,n:\Recovery\myPictures\Dropbox Backup\Camera Uploads\2016\2016-07-10 14.16.30.jpg,4962550,89487e1301243d37ba41eaabf3358c8f677ad4dffd3ddb88ec179fac3f4c8034
p:\myPictures\Dropbox Backup\Camera Uploads\2016\2016-07-15 19.46.02.jpg,n:\Recovery\myPictures\Dropbox Backup\Camera Uploads\2016\2016-07-15 19.46.02.jpg,4965644,2be645aa2d87e4afaf5ef01fbc45abef828e9157e57e6935345f16950094535f
p:\myPictures\Dropbox Backup\Camera Uploads\2015\2015-12-04 21.47.10.jpg,n:\Recovery\myPictures\Dropbox Backup\Camera Uploads\2015\2015-12-04 21.47.10.jpg,4973669,a0918c27a1af7b349a5a236375585c6b930deb2309b556e63c9a9ace88fd9545
p:\myPictures\Dropbox Backup\Camera Uploads\2017\2017-03-31 14.23.17.jpg,n:\Recovery\myPictures\Dropbox Backup\Camera Uploads\2017\2017-03-31 14.23.17.jpg,4977700,ebe3ee5397595593ce2aecf2ed9395cf456bdda5eaf64f606a4b78613bbb7417
p:\myPictures\Dropbox Backup\Camera Uploads\2016\2016-07-23 16.35.54.jpg,n:\Recovery\myPictures\Dropbox Backup\Camera Uploads\2016\2016-07-23 16.35.54.jpg,4978613,81abdfc5fb0ac1e154299c69c94dcd096a799ce6cb5fea136012df7d5d3ff2be
p:\myPictures\Dropbox Backup\Camera Uploads\2016\2016-10-17 18.08.42.jpg,n:\Recovery\myPictures\Dropbox Backup\Camera Uploads\2016\2016-10-17 18.08.42.jpg,4988390,bc785c031b98de9fa70ebe6382724c896dc20a693efba9ce695ff577061002cb
p:\myPictures\Dropbox Backup\Camera Uploads\2016\2016-07-19 10.41.35.jpg,n:\Recovery\myPictures\Dropbox Backup\Camera Uploads\2016\2016-07-19 10.41.35.jpg,4989957,2a594f5db6ec5c59c86c69419c6a61a9e52895daf3ea1d652bcc7062129c204a
p:\myPictures\Dropbox Backup\Camera Uploads\2016\2016-07-15 19.46.07.jpg,n:\Recovery\myPictures\Dropbox Backup\Camera Uploads\2016\2016-07-15 19.46.07.jpg,5003398,ff25e40b77e33fbf65ce70c755838a9ed15a69c521622c3a5971f84e90f6ad05
p:\myPictures\Dropbox Backup\Camera Uploads\2017\2017-02-11 17.19.30.jpg,n:\Recovery\myPictures\Dropbox Backup\Camera Uploads\2017\2017-02-11 17.19.30.jpg,5011600,cf353d118d41141bfc04d7d6292fc61636a7b766f30b8438ef2e84d751367b6c
p:\myPictures\Dropbox Backup\Camera Uploads\2016\2016-08-18 20.54.21.jpg,n:\Recovery\myPictures\Dropbox Backup\Camera Uploads\2016\2016-08-18 20.54.21.jpg,5018515,a846023c556195fa6de26e88b192b79660a939f8ef45a91dc26e0fb139b4e621
p:\myPictures\Dropbox Backup\Camera Uploads\2017\2017-03-18 16.14.25.jpg,n:\Recovery\myPictures\Dropbox Backup\Camera Uploads\2017\2017-03-18 16.14.25.jpg,5024852,cba3334e1936b9ee7c49114ec9074064ad92d1087b50c84bcc571047aa22d71f
p:\myPictures\Dropbox Backup\Camera Uploads\2016\2016-11-22 14.59.28.jpg,n:\Recovery\myPictures\Dropbox Backup\Camera Uploads\2016\2016-11-22 14.59.28.jpg,5027856,fada9b4f872397ed8ed37bbab73d0d51e55e6aa0996685660e9ef66992d28fc3
p:\myPictures\Dropbox Backup\Camera Uploads\2016\2016-07-15 19.46.44.jpg,n:\Recovery\myPictures\Dropbox Backup\Camera Uploads\2016\2016-07-15 19.46.44.jpg,5030703,1c8685ac326b9b26f83e43e36e49b42510e47089ad0e40e26e99698b83c02047
p:\myPictures\Dropbox Backup\Camera Uploads\2016\2016-07-11 18.01.16.jpg,n:\Recovery\myPictures\Dropbox Backup\Camera Uploads\2016\2016-07-11 18.01.16.jpg,5033394,4536c4c9a0f9d1c5bf7bbb93b332c97ad080e3a45e2a05f6c9957b495d05d24d
p:\myPictures\Dropbox Backup\Camera Uploads\2017\2017-02-07 23.04.31.jpg,n:\Recovery\myPictures\Dropbox Backup\Camera Uploads\2017\2017-02-07 23.04.31.jpg,5049673,6cb45afcb5bcb779a758a67042efb80ba3b8d1d03e00f7456814d29993028027
p:\myPictures\Dropbox Backup\Camera Uploads\2016\2016-10-20 16.35.41.jpg,n:\Recovery\myPictures\Dropbox Backup\Camera Uploads\2016\2016-10-20 16.35.41.jpg,5064886,9dc2a89046bc3f471113efcd98cbb0d233f8040612683ccab60fbfc371514576
p:\myPictures\Dropbox Backup\Camera Uploads\2016\2016-11-22 15.06.44.jpg,n:\Recovery\myPictures\Dropbox Backup\Camera Uploads\2016\2016-11-22 15.06.44.jpg,5065465,ed67ea7e3d95d620a0a3454af7fc9d7b8dbcc1c82dbcaeaaa29e0508842fac9f
p:\myPictures\Dropbox Backup\Camera Uploads\2016\2016-07-23 16.38.05.jpg,n:\Recovery\myPictures\Dropbox Backup\Camera Uploads\2016\2016-07-23 16.38.05.jpg,5069457,5f1e49ba830b8928f362a2f8611b81c11151d8a0acba2e7200805828519183fe
p:\myPictures\Dropbox Backup\Camera Uploads\2016\2016-12-22 21.59.08.jpg,n:\Recovery\myPictures\Dropbox Backup\Camera Uploads\2016\2016-12-22 21.59.08.jpg,5070798,f1973514b9ea53943d2264e9caeebc84220310f4bda0bf3d834a73412816fd92
p:\myPictures\Dropbox Backup\Camera Uploads\2016\2016-11-12 16.21.16.jpg,n:\Recovery\myPictures\Dropbox Backup\Camera Uploads\2016\2016-11-12 16.21.16.jpg,5076490,39ab998fb31a73e62cab9b77b3b29de9b00bbfdd90a8916d8e7371cbaf3f9bcf
p:\myPictures\Dropbox Backup\Camera Uploads\2016\2016-09-09 18.52.46.jpg,n:\Recovery\myPictures\Dropbox Backup\Camera Uploads\2016\2016-09-09 18.52.46.jpg,5077253,cea144ebed3ac37e1ecb3b8c4eb79cbde3333698420d3d2a5e368e040d31e30a
p:\myPictures\Dropbox Backup\Camera Uploads\2016\2016-12-12 09.51.42.jpg,n:\Recovery\myPictures\Dropbox Backup\Camera Uploads\2016\2016-12-12 09.51.42.jpg,5085764,0af150799964e3f9d8fe1ee8354a9d97c6669ef9897b8a52b6342e8e14cf9064
p:\myPictures\Dropbox Backup\Camera Uploads\2017\2017-03-22 13.06.59.jpg,n:\Recovery\myPictures\Dropbox Backup\Camera Uploads\2017\2017-03-22 13.06.59.jpg,5098030,9b8f3f0103c28c1b124c6bd2c773425c1fb86402b2a51cb729722c96fb01e93f
p:\myPictures\Dropbox Backup\Camera Uploads\2016\2016-07-12 14.58.02.jpg,n:\Recovery\myPictures\Dropbox Backup\Camera Uploads\2016\2016-07-12 14.58.02.jpg,5117934,e6f78ce87c0b586098db59307b8e4d58da3838b59a86c467900c0809c0d5abbc
p:\myPictures\Dropbox Backup\Camera Uploads\2017\2017-02-11 17.17.30.jpg,n:\Recovery\myPictures\Dropbox Backup\Camera Uploads\2017\2017-02-11 17.17.30.jpg,5123048,2e04e52a4decb3be415db6fc06ca6cb9557242fd4409c205e40547a6ab038abb
p:\myPictures\Dropbox Backup\Camera Uploads\2016\2016-12-17 22.39.14.jpg,n:\Recovery\myPictures\Dropbox Backup\Camera Uploads\2016\2016-12-17 22.39.14.jpg,5130482,c894a52b3afc58df06e382288d5b1b067b82242e1a04ba4bfeeeba63e725aa95
p:\myPictures\Dropbox Backup\Camera Uploads\2016\2016-08-18 20.57.58.jpg,n:\Recovery\myPictures\Dropbox Backup\Camera Uploads\2016\2016-08-18 20.57.58.jpg,5171712,d86ffad667796b8eae6e4f4885e75d135200812da6baed7c0704e4cf68f36108
p:\myPictures\Dropbox Backup\Camera Uploads\2016\2016-11-22 21.40.16.jpg,n:\Recovery\myPictures\Dropbox Backup\Camera Uploads\2016\2016-11-22 21.40.16.jpg,5174790,633ec417b6a1338b56357a7797546417b057bf1a350880fea07ee85045cdcb5c
p:\myPictures\Dropbox Backup\Camera Uploads\2016\2016-08-08 17.10.09.jpg,n:\Recovery\myPictures\Dropbox Backup\Camera Uploads\2016\2016-08-08 17.10.09.jpg,5181938,c94851763c1f9e8866c191efc0316fc24765280c9f7b223cee32b9f606df2a84
p:\myPictures\Dropbox Backup\Camera Uploads\2016\2016-11-22 14.59.12.jpg,n:\Recovery\myPictures\Dropbox Backup\Camera Uploads\2016\2016-11-22 14.59.12.jpg,5195906,c29f1bfdd92a459ebb7890cf98261fe4408c0eabd72108ba12a600bfc65c0405
p:\myPictures\Dropbox Backup\Camera Uploads\2016\2016-10-29 14.08.24.jpg,n:\Recovery\myPictures\Dropbox Backup\Camera Uploads\2016\2016-10-29 14.08.24.jpg,5200587,7d918a41de3bb4d2c8b295536c9fb70221362af2328fe522d18c6635425aee61
p:\myPictures\Dropbox Backup\Camera Uploads\2016\2016-07-11 18.00.20.jpg,n:\Recovery\myPictures\Dropbox Backup\Camera Uploads\2016\2016-07-11 18.00.20.jpg,5209216,d74e9f04fcad73715f6fd80817299e5f365b4b74ea0ab30cf9289b0001d51dd7
p:\myPictures\Dropbox Backup\Camera Uploads\2016\2016-08-06 19.49.33.jpg,n:\Recovery\myPictures\Dropbox Backup\Camera Uploads\2016\2016-08-06 19.49.33.jpg,5211111,fef16ef07fc6a05953fc0ed4b8f6aecdd6f937394e889cd4ad9845f2e7364aec
p:\myPictures\Dropbox Backup\Camera Uploads\2016\2016-07-13 11.18.59.jpg,n:\Recovery\myPictures\Dropbox Backup\Camera Uploads\2016\2016-07-13 11.18.59.jpg,5211938,bd0e7431a6c15b9e2bdba942f92d99ce9a1b15cf510e9cfb5dacf5e0a1ef11ef
p:\myPictures\Dropbox Backup\Camera Uploads\2017\2017-01-26 21.08.28.jpg,n:\Recovery\myPictures\Dropbox Backup\Camera Uploads\2017\2017-01-26 21.08.28.jpg,5218486,ffcc8f901851f5ae17bcbdb23ceb798d7f5c0dada824551e4641a43a37e58eb2
p:\myPictures\Dropbox Backup\Camera Uploads\2016\2016-08-15 21.36.15.jpg,n:\Recovery\myPictures\Dropbox Backup\Camera Uploads\2016\2016-08-15 21.36.15.jpg,5239687,cde1f77d42e4abf2aa6bdabdca9a32b3f66cfcf73992c077a7dee735044ded27
p:\myPictures\Dropbox Backup\Camera Uploads\2017\2017-02-16 11.22.15.jpg,n:\Recovery\myPictures\Dropbox Backup\Camera Uploads\2017\2017-02-16 11.22.15.jpg,5243997,c2dd57d28e393c22a0903dd1430ce1c494da66617e43b4f7eae1b2186d4d8569
p:\myPictures\Dropbox Backup\Camera Uploads\2017\2017-03-16 00.39.59.jpg,n:\Recovery\myPictures\Dropbox Backup\Camera Uploads\2017\2017-03-16 00.39.59.jpg,5254493,c1a1b49c93b016fa63ec571670ab05593884f5b9e3ff59dc9f0da42c083bfd2f
p:\myPictures\Dropbox Backup\Camera Uploads\2016\2016-08-06 19.49.30.jpg,n:\Recovery\myPictures\Dropbox Backup\Camera Uploads\2016\2016-08-06 19.49.30.jpg,5256070,6c2e89ed4fed920e505a4802833dae786574449a7d631eafcceebb6ca09c1933
p:\myPictures\Dropbox Backup\Camera Uploads\2016\2016-12-22 21.58.12.jpg,n:\Recovery\myPictures\Dropbox Backup\Camera Uploads\2016\2016-12-22 21.58.12.jpg,5277830,cd6bf6fda33879f5f45db8337af16811e9edc5c45e555f21ab433cff2d634374
p:\myPictures\Dropbox Backup\Camera Uploads\2016\2016-08-12 16.42.46.jpg,n:\Recovery\myPictures\Dropbox Backup\Camera Uploads\2016\2016-08-12 16.42.46.jpg,5281401,1a25a834d291a8f691b5fbdcd4ff2c6f610043909f9a8bbcd5dc1c755c7ff107
p:\myPictures\Dropbox Backup\Camera Uploads\2016\2016-08-03 11.02.48.jpg,n:\Recovery\myPictures\Dropbox Backup\Camera Uploads\2016\2016-08-03 11.02.48.jpg,5291543,a3fa549817179877e1d3fa45d600aee67b8990b64fa7ebc0552a88330c371f72
p:\myPictures\Dropbox Backup\Camera Uploads\2016\2016-12-22 21.58.11.jpg,n:\Recovery\myPictures\Dropbox Backup\Camera Uploads\2016\2016-12-22 21.58.11.jpg,5296586,91493ae3985e9ab25a31c8c52e11df2d3e0d97a19f393d0f97bfbe3fb949cf0b
p:\myPictures\Dropbox Backup\Camera Uploads\2016\2016-12-22 21.58.19.jpg,n:\Recovery\myPictures\Dropbox Backup\Camera Uploads\2016\2016-12-22 21.58.19.jpg,5305300,731ab7b926b407cbe9a662686902a619840027cc1c27104a37027832a64811cb
p:\myPictures\Dropbox Backup\Camera Uploads\2016\2016-11-26 13.55.12.jpg,n:\Recovery\myPictures\Dropbox Backup\Camera Uploads\2016\2016-11-26 13.55.12.jpg,5315568,b6164ba4c88d36399116ec0879402232ff446dc44213e162efe382cd4611ebf1
p:\myPictures\Dropbox Backup\Camera Uploads\2016\2016-08-31 11.42.47.jpg,n:\Recovery\myPictures\Dropbox Backup\Camera Uploads\2016\2016-08-31 11.42.47.jpg,5340232,3988e0223193bdc0a5344156caabe27724e452967c337611d52a17d55aa4768b
p:\myPictures\Dropbox Backup\Camera Uploads\2016\2016-07-12 14.58.09.jpg,n:\Recovery\myPictures\Dropbox Backup\Camera Uploads\2016\2016-07-12 14.58.09.jpg,5352636,ba0f48e560c9cddb292922e6cc79c4903c20d0aef8f24ab78ab56a0236f1e5f9
p:\myPictures\Dropbox Backup\Camera Uploads\2017\2017-01-27 18.01.11.jpg,n:\Recovery\myPictures\Dropbox Backup\Camera Uploads\2017\2017-01-27 18.01.11.jpg,5359164,75c75724c9ae221490e94a30a8aaf6c7f087caba7e359d19b2657f4d19b3af45
p:\myPictures\Dropbox Backup\Camera Uploads\2017\2017-03-13 16.33.22.jpg,n:\Recovery\myPictures\Dropbox Backup\Camera Uploads\2017\2017-03-13 16.33.22.jpg,5374722,32ba0d19f4aa8b4143ea3405c7d16efc46149618debe4c200ee21b854dca9528
p:\myPictures\Dropbox Backup\Camera Uploads\2016\2016-07-15 19.46.00.jpg,n:\Recovery\myPictures\Dropbox Backup\Camera Uploads\2016\2016-07-15 19.46.00.jpg,5388502,0b3d90487b7ba6d6350a14cdb294175277b3fa3a5abb1da6f15b3e3062ea5800
p:\myPictures\Dropbox Backup\Camera Uploads\2016\2016-08-15 15.19.30.jpg,n:\Recovery\myPictures\Dropbox Backup\Camera Uploads\2016\2016-08-15 15.19.30.jpg,5399119,0f1882de9eafb89449f12a4140685c8b0d801dc97057c14472f332233e78a519
p:\myPictures\Dropbox Backup\Camera Uploads\2017\2017-01-27 18.01.07.jpg,n:\Recovery\myPictures\Dropbox Backup\Camera Uploads\2017\2017-01-27 18.01.07.jpg,5413205,d8a3e02647bbff9814ee0f2df17d7623eeacb08b9fedfc0154aca1643f3b5729
p:\myPictures\Dropbox Backup\Camera Uploads\2016\2016-10-20 16.36.07.jpg,n:\Recovery\myPictures\Dropbox Backup\Camera Uploads\2016\2016-10-20 16.36.07.jpg,5414610,21779f7695024261185ecf97ee601835d8633be39d362d735cc4ccecfe74b6fd
p:\myPictures\Dropbox Backup\Camera Uploads\2016\2016-08-18 20.56.26.jpg,n:\Recovery\myPictures\Dropbox Backup\Camera Uploads\2016\2016-08-18 20.56.26.jpg,5425659,4e8e387feef18865a88407b4b81839255fd61bb13567fb338edf51ac21d816b8
p:\myPictures\Dropbox Backup\Camera Uploads\2016\2016-08-18 20.56.25-3.jpg,n:\Recovery\myPictures\Dropbox Backup\Camera Uploads\2016\2016-08-18 20.56.25-3.jpg,5435798,c9d18edab91d03808cb7dbd98028dc7cf15fc95763c88448613d1bb346c1fec9
p:\myPictures\Dropbox Backup\Camera Uploads\2017\2017-01-27 18.01.28.jpg,n:\Recovery\myPictures\Dropbox Backup\Camera Uploads\2017\2017-01-27 18.01.28.jpg,5448088,6db715e50e6e0fb1e28778be47254211bf5c270f62883eec611e480f916c7e65
p:\myPictures\Dropbox Backup\Camera Uploads\2016\2016-09-09 18.52.49.jpg,n:\Recovery\myPictures\Dropbox Backup\Camera Uploads\2016\2016-09-09 18.52.49.jpg,5454016,cd9aa981f787b1aa6dd7b51625e156e653ad3c7914babd0301c6e9ec2bc764d5
p:\myPictures\Dropbox Backup\Camera Uploads\2016\2016-11-20 14.44.51.jpg,n:\Recovery\myPictures\Dropbox Backup\Camera Uploads\2016\2016-11-20 14.44.51.jpg,5461887,84816c9c6dd18bd4d620c26e372526e6be28c578676f8797fda4447012d5cad0
p:\myPictures\Dropbox Backup\Camera Uploads\2016\2016-12-22 21.58.42.jpg,n:\Recovery\myPictures\Dropbox Backup\Camera Uploads\2016\2016-12-22 21.58.42.jpg,5463192,00f238fcd6aec205069b7f15eff1bc78fa247d639814f1e52a781bf780a65fb7
p:\myPictures\Dropbox Backup\Camera Uploads\2016\2016-11-20 14.44.45.jpg,n:\Recovery\myPictures\Dropbox Backup\Camera Uploads\2016\2016-11-20 14.44.45.jpg,5471975,5aeeeaf39140afe2da033d8cebc8ab2cc70dc491c0a46e51d97d9d91df6b3679
p:\myPictures\Dropbox Backup\Camera Uploads\2017\2017-03-13 16.15.55.jpg,n:\Recovery\myPictures\Dropbox Backup\Camera Uploads\2017\2017-03-13 16.15.55.jpg,5479267,a16ec6f02d79effb7458b894639363640b85cc2e85bef0a5d42006cc28490514
p:\myPictures\Dropbox Backup\Camera Uploads\2017\2017-03-29 11.10.57.jpg,n:\Recovery\myPictures\Dropbox Backup\Camera Uploads\2017\2017-03-29 11.10.57.jpg,5479353,6a8d84b2af32da24cbaa6b686c1876d0c5729d7d781b5f63afa2dc892bfd6fae
p:\myPictures\Dropbox Backup\Camera Uploads\2016\2016-12-22 21.57.57.jpg,n:\Recovery\myPictures\Dropbox Backup\Camera Uploads\2016\2016-12-22 21.57.57.jpg,5480910,b0e209f26d265560c1c77cf2749e13aab94592c4bb2ce38122cadc4e5467fef1
p:\myPictures\Dropbox Backup\Camera Uploads\2016\2016-07-13 11.19.16.jpg,n:\Recovery\myPictures\Dropbox Backup\Camera Uploads\2016\2016-07-13 11.19.16.jpg,5491325,8824bb36913d4c037fcce2dca4db293d547cb9fda749909ff36ca0ae88e4891b
p:\myPictures\Dropbox Backup\Camera Uploads\2016\2016-10-20 16.36.00.jpg,n:\Recovery\myPictures\Dropbox Backup\Camera Uploads\2016\2016-10-20 16.36.00.jpg,5496096,b116874fe5f82c4371466186bcfb705bd96063b6430e5f0122e412a3c68bd6ff
p:\myPictures\Dropbox Backup\Camera Uploads\2016\2016-12-25 23.38.01.jpg,n:\Recovery\myPictures\Dropbox Backup\Camera Uploads\2016\2016-12-25 23.38.01.jpg,5497674,811b2f582582415749f01d784c471768b34b607a0138fc65a834a7426ab67336
p:\myPictures\Dropbox Backup\Camera Uploads\2016\2016-08-03 11.01.46.jpg,n:\Recovery\myPictures\Dropbox Backup\Camera Uploads\2016\2016-08-03 11.01.46.jpg,5499169,9dc385cea073e45cf90427ccbaf3740e07e516c2fe4f1c1e22dc82f39515b23f
p:\myPictures\Dropbox Backup\Camera Uploads\2017\2017-02-02 20.46.38.jpg,n:\Recovery\myPictures\Dropbox Backup\Camera Uploads\2017\2017-02-02 20.46.38.jpg,5507426,33f47b49395edd2c41c47068281250dd2b9ba670cb8916bf2d546723da6d60bb
p:\myPictures\Dropbox Backup\Camera Uploads\2016\2016-08-12 16.42.45.jpg,n:\Recovery\myPictures\Dropbox Backup\Camera Uploads\2016\2016-08-12 16.42.45.jpg,5513779,232ab235b6fff69ee714e765bcc93590b93466d3ac2af256cbda675da8dbb5cc
p:\myPictures\Dropbox Backup\Camera Uploads\2016\2016-08-06 19.48.59.jpg,n:\Recovery\myPictures\Dropbox Backup\Camera Uploads\2016\2016-08-06 19.48.59.jpg,5517669,81545f24d5061389324b91bc01135ac059fb013270cb88e6ff6fe158a413e4e9
p:\myPictures\Dropbox Backup\Camera Uploads\2016\2016-07-15 20.15.36.jpg,n:\Recovery\myPictures\Dropbox Backup\Camera Uploads\2016\2016-07-15 20.15.36.jpg,5520473,61e949b4c617bedbafba043246405dde1d64f3c9852759b25983899268d69590
p:\myPictures\Dropbox Backup\Camera Uploads\2016\2016-12-03 22.28.50.jpg,n:\Recovery\myPictures\Dropbox Backup\Camera Uploads\2016\2016-12-03 22.28.50.jpg,5521148,148e9faefe2107d9de646358646dc55b4b4f3482498e42fb8f2eb388b8e489c1
p:\myPictures\Dropbox Backup\Camera Uploads\2016\2016-08-18 20.56.25-2.jpg,n:\Recovery\myPictures\Dropbox Backup\Camera Uploads\2016\2016-08-18 20.56.25-2.jpg,5524779,d0bf37adf12c660c905e672e43fc53047ba24751c86b2f992a2a0f1b12912acd
p:\myPictures\Dropbox Backup\Camera Uploads\2016\2016-11-22 12.07.18.jpg,n:\Recovery\myPictures\Dropbox Backup\Camera Uploads\2016\2016-11-22 12.07.18.jpg,5530993,60c2fe7d019e4008dd13e79aa8cbff37ec14a193915cfe55f06f2b160f87946f
p:\myPictures\Dropbox Backup\Camera Uploads\2016\2016-08-08 17.10.56.jpg,n:\Recovery\myPictures\Dropbox Backup\Camera Uploads\2016\2016-08-08 17.10.56.jpg,5546140,476c93f875e83926cd81913e231a4a60822d497d8d45d79e71b7a39b7bb436c6
p:\myPictures\Dropbox Backup\Camera Uploads\2016\2016-07-15 20.15.39.jpg,n:\Recovery\myPictures\Dropbox Backup\Camera Uploads\2016\2016-07-15 20.15.39.jpg,5563477,18c196fe9a8f39459463f2765f71886ff416c0786e5cce6ff58aca1eb799eefc
p:\myPictures\Dropbox Backup\Camera Uploads\2017\2017-03-13 18.25.59.jpg,n:\Recovery\myPictures\Dropbox Backup\Camera Uploads\2017\2017-03-13 18.25.59.jpg,5564302,14460a6fc1db88ae89521982bd69e03af8196289ca4b5ef65cdaf3f854cff723
p:\myPictures\Dropbox Backup\Camera Uploads\2017\2017-01-27 18.01.18.jpg,n:\Recovery\myPictures\Dropbox Backup\Camera Uploads\2017\2017-01-27 18.01.18.jpg,5564397,11e3d2862aee5b3bdc371fdf7744e6b27bb2936803588b3870c9f4fe6a76e098
p:\myPictures\Dropbox Backup\Camera Uploads\2016\2016-08-31 11.42.37.jpg,n:\Recovery\myPictures\Dropbox Backup\Camera Uploads\2016\2016-08-31 11.42.37.jpg,5569988,9fc5873a262ad29245a1cff00b2ba46fe7b16e6353fce1d476521b5fa9b09675
p:\myPictures\Dropbox Backup\Camera Uploads\2016\2016-12-24 21.33.39.jpg,n:\Recovery\myPictures\Dropbox Backup\Camera Uploads\2016\2016-12-24 21.33.39.jpg,5575086,bb67a5d532df1850f3f2f504b8bc55d816ff3a1b81472234b9fab10632008140
p:\myPictures\Dropbox Backup\Camera Uploads\2016\2016-12-23 17.55.24.jpg,n:\Recovery\myPictures\Dropbox Backup\Camera Uploads\2016\2016-12-23 17.55.24.jpg,5583619,1345aea8b76999b04e4c3577984f72bb61c0854e35a6c64a3ddb8989f48afc1e
p:\myPictures\Dropbox Backup\Camera Uploads\2016\2016-11-05 19.00.19.jpg,n:\Recovery\myPictures\Dropbox Backup\Camera Uploads\2016\2016-11-05 19.00.19.jpg,5586407,f5a02019071fdf0ff13f6358512c6cb7f88311c03345066de526712eb70e9de7
p:\myPictures\Dropbox Backup\Camera Uploads\2017\2017-03-18 16.13.54.jpg,n:\Recovery\myPictures\Dropbox Backup\Camera Uploads\2017\2017-03-18 16.13.54.jpg,5592086,21a1150ea3a4d8f6ca27d862beb84d9084d33d35caed64eb4bf7460027dcb7b2
p:\myPictures\Dropbox Backup\Camera Uploads\2016\2016-11-22 14.59.55.jpg,n:\Recovery\myPictures\Dropbox Backup\Camera Uploads\2016\2016-11-22 14.59.55.jpg,5599283,5db0e1d67c01e0c2b79f5d026cfea9ee57b676d5975fb0822509e59411510274
p:\myPictures\Dropbox Backup\Camera Uploads\2016\2016-11-22 12.51.06.jpg,n:\Recovery\myPictures\Dropbox Backup\Camera Uploads\2016\2016-11-22 12.51.06.jpg,5599403,efaf988b76465b04d96c5b3fece2b58081c46d85ed2adcd6aee7d247b8bf951e
p:\myPictures\Dropbox Backup\Camera Uploads\2017\2017-01-12 19.44.39.jpg,n:\Recovery\myPictures\Dropbox Backup\Camera Uploads\2017\2017-01-12 19.44.39.jpg,5601166,78ce6b464e8bea6da2fcff0b16c01a87ab92053d07b0012cd4aa8022404b6814
p:\myPictures\Dropbox Backup\Camera Uploads\2016\2016-11-22 12.07.58.jpg,n:\Recovery\myPictures\Dropbox Backup\Camera Uploads\2016\2016-11-22 12.07.58.jpg,5602740,2c06903bd53a2c423bc2eb7f22b1e170633867a86136fb1350a7aa41931f71ce
p:\myPictures\Dropbox Backup\Camera Uploads\2016\2016-10-31 13.22.57.jpg,n:\Recovery\myPictures\Dropbox Backup\Camera Uploads\2016\2016-10-31 13.22.57.jpg,5604282,280fc1cd544bb4243bbd84383b2013707f57463602cde57232359192e1c8ec34
p:\myPictures\Dropbox Backup\Camera Uploads\2016\2016-12-10 16.32.54.jpg,n:\Recovery\myPictures\Dropbox Backup\Camera Uploads\2016\2016-12-10 16.32.54.jpg,5608965,4e439fa628fb6a9f35ac67961d425dcf71dc496b3253ec8616f3f46945dd6dbd
p:\myPictures\Dropbox Backup\Camera Uploads\2016\2016-12-07 15.06.45.jpg,n:\Recovery\myPictures\Dropbox Backup\Camera Uploads\2016\2016-12-07 15.06.45.jpg,5612412,3042a9b1d61831f59bf2bdc0f53da1007d9c6bd9c6fdbb6ff160b303c09d7dd2
p:\myPictures\Dropbox Backup\Camera Uploads\2016\2016-11-20 14.44.32.jpg,n:\Recovery\myPictures\Dropbox Backup\Camera Uploads\2016\2016-11-20 14.44.32.jpg,5612576,88d04ca36e8e027c92a313e17c9f5fea799d88dcd7e97bfaf9a0eef63a9da3a2
p:\myPictures\Dropbox Backup\Camera Uploads\2016\2016-07-23 16.36.08.jpg,n:\Recovery\myPictures\Dropbox Backup\Camera Uploads\2016\2016-07-23 16.36.08.jpg,5614876,34fc2e67ea199611b420b721528f5a85daf8e3a903d5cc1030e54161fcaba889
p:\myPictures\Dropbox Backup\Camera Uploads\2016\2016-08-18 20.56.25-1.jpg,n:\Recovery\myPictures\Dropbox Backup\Camera Uploads\2016\2016-08-18 20.56.25-1.jpg,5616233,5bddc17e57957b49f4746b38da5208a0635d5d963ec9452918bbf21100662d57
p:\myPictures\Dropbox Backup\Camera Uploads\2016\2016-09-10 18.49.43.jpg,n:\Recovery\myPictures\Dropbox Backup\Camera Uploads\2016\2016-09-10 18.49.43.jpg,5624873,7ad55f3db63d8671b58a3404f3bb6e618d4934fc809eb21d5ec3f14efb9d1ce0
p:\myPictures\Dropbox Backup\Camera Uploads\2016\2016-09-10 18.49.14.jpg,n:\Recovery\myPictures\Dropbox Backup\Camera Uploads\2016\2016-09-10 18.49.14.jpg,5631710,a8fdda11b553049bebe26ac853ab8fc6fd254ac35628cf5f8fba7690d6aa8c35
p:\myPictures\Dropbox Backup\Camera Uploads\2016\2016-11-22 12.11.13.jpg,n:\Recovery\myPictures\Dropbox Backup\Camera Uploads\2016\2016-11-22 12.11.13.jpg,5632779,ba156c6e96ba47cdf3e22dbe8073f24f318782301ea0dfd6189945324a97517b
p:\myPictures\Dropbox Backup\Camera Uploads\2016\2016-11-22 15.00.16.jpg,n:\Recovery\myPictures\Dropbox Backup\Camera Uploads\2016\2016-11-22 15.00.16.jpg,5645568,bda53f43140e1db036db7e47617518feca45ba7635cd22ea3ed0ab3109463505
p:\myPictures\Dropbox Backup\Camera Uploads\2016\2016-11-22 12.07.14.jpg,n:\Recovery\myPictures\Dropbox Backup\Camera Uploads\2016\2016-11-22 12.07.14.jpg,5649127,c29622cf0587040527b3cd8dc483182d3578b1bfaac6dd9b6ed274c25e2253b5
p:\myPictures\Dropbox Backup\Camera Uploads\2016\2016-11-22 12.12.44.jpg,n:\Recovery\myPictures\Dropbox Backup\Camera Uploads\2016\2016-11-22 12.12.44.jpg,5649297,c83a65a42f6bd496fc0e121957ca0f84c63aac82904d997ada507dc44c4c7927
p:\myPictures\Dropbox Backup\Camera Uploads\2016\2016-08-03 11.02.34.jpg,n:\Recovery\myPictures\Dropbox Backup\Camera Uploads\2016\2016-08-03 11.02.34.jpg,5659615,d4aa0196802f2ff4f671e00dd979956e22d3905d229211a0ea5a62cb007dd9ee
p:\myPictures\Dropbox Backup\Camera Uploads\2016\2016-09-10 18.49.41.jpg,n:\Recovery\myPictures\Dropbox Backup\Camera Uploads\2016\2016-09-10 18.49.41.jpg,5659969,55106e5fba7b863632cf8fb5ced6c97433e806bd01df239911cae37330f5a7de
p:\myPictures\Dropbox Backup\Camera Uploads\2016\2016-09-10 18.49.30.jpg,n:\Recovery\myPictures\Dropbox Backup\Camera Uploads\2016\2016-09-10 18.49.30.jpg,5661091,b928e90105127dfb4c7e86338dd632d0a1107f3d582df96818b909c4a53e8fa9
p:\myPictures\Dropbox Backup\Camera Uploads\2016\2016-11-22 12.51.34.jpg,n:\Recovery\myPictures\Dropbox Backup\Camera Uploads\2016\2016-11-22 12.51.34.jpg,5661537,ba6e615783fcd39814b0424f5b4c8d7053c78851220b1b92497c0470f9d654e0
p:\myPictures\Dropbox Backup\Camera Uploads\2017\2017-02-07 23.03.44.jpg,n:\Recovery\myPictures\Dropbox Backup\Camera Uploads\2017\2017-02-07 23.03.44.jpg,5679956,0c78018f0a290055d30756d34431d254234eb56ae657b87e7ab1cf23deaecf61
p:\myPictures\Dropbox Backup\Camera Uploads\2016\2016-08-19 20.23.53.jpg,n:\Recovery\myPictures\Dropbox Backup\Camera Uploads\2016\2016-08-19 20.23.53.jpg,5685007,bcb0661c49359561a89f0f5a257d1433843819ee8a11d87d40ba005acc345b96
p:\myPictures\Dropbox Backup\Camera Uploads\2017\2017-03-13 00.04.46.jpg,n:\Recovery\myPictures\Dropbox Backup\Camera Uploads\2017\2017-03-13 00.04.46.jpg,5689453,902a19532f98f9e972a120cdf1f46a10c3a76893ce29692b5e88e52f22049bb7
p:\myPictures\Dropbox Backup\Camera Uploads\2017\2017-01-12 19.44.32.jpg,n:\Recovery\myPictures\Dropbox Backup\Camera Uploads\2017\2017-01-12 19.44.32.jpg,5698133,78aa7db887fb9c6651d0475c736678ebb2e815a5eabf81089c48c232a087c06e
p:\myPictures\Dropbox Backup\Camera Uploads\2016\2016-12-07 17.31.51.jpg,n:\Recovery\myPictures\Dropbox Backup\Camera Uploads\2016\2016-12-07 17.31.51.jpg,5703691,5c3dc1f2b3386eacb0447fdc6e8ed118f37a4df1d88af10fb771a8e31e8a230c
p:\myPictures\Dropbox Backup\Camera Uploads\2016\2016-11-20 14.45.09.jpg,n:\Recovery\myPictures\Dropbox Backup\Camera Uploads\2016\2016-11-20 14.45.09.jpg,5704887,9b62fbf0f66febcee6b25b10776520ff095380bf75813a5cd8ee0ed74b698dd3
p:\myPictures\Dropbox Backup\Camera Uploads\2016\2016-10-13 12.52.20.jpg,n:\Recovery\myPictures\Dropbox Backup\Camera Uploads\2016\2016-10-13 12.52.20.jpg,5707600,42ec10a92ddc33397c83b6cdebee9c0ee0a59004fe4379bcf32db3d3dcb6016f
p:\myPictures\Dropbox Backup\Camera Uploads\2016\2016-12-03 22.27.32.jpg,n:\Recovery\myPictures\Dropbox Backup\Camera Uploads\2016\2016-12-03 22.27.32.jpg,5708688,4584397807fef0ca9c3a30bf09b0a583673e93da6eab78a411c78fa57cd6e106
p:\myPictures\Dropbox Backup\Camera Uploads\2017\2017-01-22 13.37.42.jpg,n:\Recovery\myPictures\Dropbox Backup\Camera Uploads\2017\2017-01-22 13.37.42.jpg,5711524,782621eafdf13b63a6f4b220c520f0c471ce638f67523fea315232f22a18b0c7
p:\myPictures\Dropbox Backup\Camera Uploads\2017\2017-01-22 13.38.00.jpg,n:\Recovery\myPictures\Dropbox Backup\Camera Uploads\2017\2017-01-22 13.38.00.jpg,5715944,5acd75b8ba3fd2389eb4dc0dbc365c36913de6bd002eeba31ee885478ad9e988
p:\myPictures\Dropbox Backup\Camera Uploads\2016\2016-12-23 17.54.41.jpg,n:\Recovery\myPictures\Dropbox Backup\Camera Uploads\2016\2016-12-23 17.54.41.jpg,5717296,7665196536c48c14d6ccb5c6fca0398f4e52071d422f9fd3c45c64ff3654e7dc
p:\myPictures\Dropbox Backup\Camera Uploads\2016\2016-12-23 17.54.47.jpg,n:\Recovery\myPictures\Dropbox Backup\Camera Uploads\2016\2016-12-23 17.54.47.jpg,5730158,eaaba563ecd436fce3d1d618a5a67e15f69ee9ba4420316bd6dced40108aac25
p:\myPictures\Dropbox Backup\Camera Uploads\2016\2016-08-11 18.06.45.jpg,n:\Recovery\myPictures\Dropbox Backup\Camera Uploads\2016\2016-08-11 18.06.45.jpg,5731173,3ad762b86b1ae1b22f439ee40398090af3e9fc17052f53b9645f6eca5e1dba63
p:\myPictures\Dropbox Backup\Camera Uploads\2016\2016-09-11 12.52.05.jpg,n:\Recovery\myPictures\Dropbox Backup\Camera Uploads\2016\2016-09-11 12.52.05.jpg,5733323,ff510898f34d10e4e3a16b7084fd215445489e90ec0da9a8967d72eef2a2ee5f
p:\myPictures\Dropbox Backup\Camera Uploads\2017\2017-03-25 15.54.02.jpg,n:\Recovery\myPictures\Dropbox Backup\Camera Uploads\2017\2017-03-25 15.54.02.jpg,5742719,cb20abd81a3f0b2cac69a483d602c6bce96de69d0bdc15edfccf2bb10997fe88
p:\myPictures\Dropbox Backup\Camera Uploads\2016\2016-12-24 21.33.35.jpg,n:\Recovery\myPictures\Dropbox Backup\Camera Uploads\2016\2016-12-24 21.33.35.jpg,5743950,2295a0b4d1057586b473655f017f3819d53d7855b767a99e28238619f72320bb
p:\myPictures\Dropbox Backup\Camera Uploads\2016\2016-12-03 22.23.29.jpg,n:\Recovery\myPictures\Dropbox Backup\Camera Uploads\2016\2016-12-03 22.23.29.jpg,5747395,0067d24b010ba729c29ee1f3e281591e5f06127ef4928155ba86594ec22e9c76
p:\myPictures\Dropbox Backup\Camera Uploads\2016\2016-11-20 11.50.26.jpg,n:\Recovery\myPictures\Dropbox Backup\Camera Uploads\2016\2016-11-20 11.50.26.jpg,5751571,594f58186b38adc55e6922ae3844b84dfa47b612a21b83e06c3d204bd2b355ce
p:\myPictures\Dropbox Backup\Camera Uploads\2016\2016-07-07 02.39.18.jpg,n:\Recovery\myPictures\Dropbox Backup\Camera Uploads\2016\2016-07-07 02.39.18.jpg,5756649,6f0f045ee1e5d1c009749ac58c2d3f7e05dfb824f4d65d4f6b5b61106bfaf81e
p:\myPictures\Dropbox Backup\Camera Uploads\2016\2016-08-07 13.04.58.jpg,n:\Recovery\myPictures\Dropbox Backup\Camera Uploads\2016\2016-08-07 13.04.58.jpg,5760731,a45cd2958a4ed89d1407f9fe032949228447a75dc84adb74efe3eba982c0b98b
p:\myPictures\Dropbox Backup\Camera Uploads\2016\2016-11-05 19.00.56.jpg,n:\Recovery\myPictures\Dropbox Backup\Camera Uploads\2016\2016-11-05 19.00.56.jpg,5766435,5a16b5c96d6297d5c9c93cd3f83f6d0dfb53283141ea4e8ac8be7fb34c8d38d6
p:\myPictures\Dropbox Backup\Camera Uploads\2016\2016-07-23 16.36.24.jpg,n:\Recovery\myPictures\Dropbox Backup\Camera Uploads\2016\2016-07-23 16.36.24.jpg,5773855,d4cfd0af32852ab5e9bbfde992abe21290cd5aab4b7c5144e1e2d5766e1ad3fe
p:\myPictures\Dropbox Backup\Camera Uploads\2016\2016-12-23 17.59.27.jpg,n:\Recovery\myPictures\Dropbox Backup\Camera Uploads\2016\2016-12-23 17.59.27.jpg,5773949,e0b79e2f473d8c91039e7c4c56c3bb5a9a97131f4f2a2d7ff13a5bceb8da883e
p:\myPictures\Dropbox Backup\Camera Uploads\2016\2016-12-10 16.33.00.jpg,n:\Recovery\myPictures\Dropbox Backup\Camera Uploads\2016\2016-12-10 16.33.00.jpg,5785977,56844e59d344e86faa5dbd0dcb327fd5cca5e16b9d895e01012fce89a9fd12fb
p:\myPictures\Dropbox Backup\Camera Uploads\2017\2017-03-13 00.15.13.jpg,n:\Recovery\myPictures\Dropbox Backup\Camera Uploads\2017\2017-03-13 00.15.13.jpg,5788195,f6f046fac96f9d317cdb17d141f351cbf3ab3e393d81c2692fd4a83b12800b38
p:\myPictures\Dropbox Backup\Camera Uploads\2016\2016-11-05 16.25.05.jpg,n:\Recovery\myPictures\Dropbox Backup\Camera Uploads\2016\2016-11-05 16.25.05.jpg,5790083,0a5de383bc5832d131a08dad2364b6a70b2970d76e6318ae59bdf8b740b9f017
p:\myPictures\Dropbox Backup\Camera Uploads\2017\2017-02-02 20.46.51.jpg,n:\Recovery\myPictures\Dropbox Backup\Camera Uploads\2017\2017-02-02 20.46.51.jpg,5791723,2401696a1f5732c29143a4b067d05fdc9e00ccf403c81416546a7243955cf618
p:\myPictures\Dropbox Backup\Camera Uploads\2017\2017-03-15 21.47.51.jpg,n:\Recovery\myPictures\Dropbox Backup\Camera Uploads\2017\2017-03-15 21.47.51.jpg,5793271,b60902e088445fa6ae8e268a10919addbccb3693bd27a92ed099ab5fe164f773
p:\myPictures\Dropbox Backup\Camera Uploads\2016\2016-08-19 20.22.42.jpg,n:\Recovery\myPictures\Dropbox Backup\Camera Uploads\2016\2016-08-19 20.22.42.jpg,5795198,0ee54465461df2aa576df20b4e54a0c6ccfc72b53325d05e4c7b26222bb2cdea
p:\myPictures\Dropbox Backup\Camera Uploads\2016\2016-12-18 22.15.29.jpg,n:\Recovery\myPictures\Dropbox Backup\Camera Uploads\2016\2016-12-18 22.15.29.jpg,5802832,ab5254a0f2101cfe1120511ba185025b6077cf21250025ce5055d83f899da591
p:\myPictures\Dropbox Backup\Camera Uploads\2016\2016-08-12 16.42.48.jpg,n:\Recovery\myPictures\Dropbox Backup\Camera Uploads\2016\2016-08-12 16.42.48.jpg,5824285,1284bf6da985b6ac1988db8c9b1d7ff19ee260349467010221186896c72b7754
p:\myPictures\Dropbox Backup\Camera Uploads\2016\2016-10-13 12.52.24.jpg,n:\Recovery\myPictures\Dropbox Backup\Camera Uploads\2016\2016-10-13 12.52.24.jpg,5824378,9f7cbc305c130f01609c6e62c1f3baadd03252bd715b832d327e387abe7a5f3d
p:\myPictures\Dropbox Backup\Camera Uploads\2016\2016-09-23 19.04.05.jpg,n:\Recovery\myPictures\Dropbox Backup\Camera Uploads\2016\2016-09-23 19.04.05.jpg,5827251,d37195a062484fd6df2ebb570c3b44096882f2d0f8b11465c9a9cd007bef0d87
p:\myPictures\Dropbox Backup\Camera Uploads\2016\2016-10-14 13.58.05.jpg,n:\Recovery\myPictures\Dropbox Backup\Camera Uploads\2016\2016-10-14 13.58.05.jpg,5835598,1dfc339cdc55580efd0483e5b48fa6757beeedace461742a876451d8ada985fc
p:\myPictures\Dropbox Backup\Camera Uploads\2017\2017-01-20 13.47.05.jpg,n:\Recovery\myPictures\Dropbox Backup\Camera Uploads\2017\2017-01-20 13.47.05.jpg,5838803,0b490e38657a6be6452475325769fd022f080a753c3794fafd3149071d9c30a8
p:\myPictures\Dropbox Backup\Camera Uploads\2016\2016-11-20 11.50.16.jpg,n:\Recovery\myPictures\Dropbox Backup\Camera Uploads\2016\2016-11-20 11.50.16.jpg,5843661,15189849e422da5f3ea112d49e7e20ae0a71922e6fef2ad9bfccc0883ded3af3
p:\myPictures\Dropbox Backup\Camera Uploads\2016\2016-11-22 12.11.09.jpg,n:\Recovery\myPictures\Dropbox Backup\Camera Uploads\2016\2016-11-22 12.11.09.jpg,5849362,eb4f89332847a59da0aa42f0294010bbc16e41287573260710926b6fae74991c
p:\myPictures\Dropbox Backup\Camera Uploads\2016\2016-08-13 10.28.27.jpg,n:\Recovery\myPictures\Dropbox Backup\Camera Uploads\2016\2016-08-13 10.28.27.jpg,5856237,5095454f878477413795ebed74156234d4559246d75aef7050d29b17c2684e46
p:\myPictures\Dropbox Backup\Camera Uploads\2016\2016-08-18 20.53.39.jpg,n:\Recovery\myPictures\Dropbox Backup\Camera Uploads\2016\2016-08-18 20.53.39.jpg,5864262,f4a66fbaa2042438b4a1199919042e20135c875ebb20c95dd4c6c5e5fb4782c9
p:\myPictures\Dropbox Backup\Camera Uploads\2016\2016-09-08 19.00.45.jpg,n:\Recovery\myPictures\Dropbox Backup\Camera Uploads\2016\2016-09-08 19.00.45.jpg,5867706,81b6305a3c89c55984c26f86d4ab74bcd820167807a4d99df677971bc976af08
p:\myPictures\Dropbox Backup\Camera Uploads\2016\2016-07-11 18.01.09.jpg,n:\Recovery\myPictures\Dropbox Backup\Camera Uploads\2016\2016-07-11 18.01.09.jpg,5872225,1ed6395a1c0b0d9e7ea78fb24cead2273e51a8ca620b2cb018ca5617eb96b6e4
p:\myPictures\Dropbox Backup\Camera Uploads\2017\2017-01-09 02.45.25.jpg,n:\Recovery\myPictures\Dropbox Backup\Camera Uploads\2017\2017-01-09 02.45.25.jpg,5875272,db5483f5267934323b591d5f6ea2f33284a7e4f167f36bd248b0a7d0a1532561
p:\myPictures\Dropbox Backup\Camera Uploads\2016\2016-12-24 21.22.33.jpg,n:\Recovery\myPictures\Dropbox Backup\Camera Uploads\2016\2016-12-24 21.22.33.jpg,5876476,10cddea731a43f36eab11bf2bf083f59f59ed8ccae677f6ae3dd6f6a8a9181e9
p:\myPictures\Dropbox Backup\Camera Uploads\2016\2016-11-15 22.10.07.jpg,n:\Recovery\myPictures\Dropbox Backup\Camera Uploads\2016\2016-11-15 22.10.07.jpg,5878548,b3e07f35abf292d589a660a659d94db63c544b5613454708f9dde48548951ed3
p:\myPictures\Dropbox Backup\Camera Uploads\2016\2016-12-24 21.33.36.jpg,n:\Recovery\myPictures\Dropbox Backup\Camera Uploads\2016\2016-12-24 21.33.36.jpg,5882675,5a266902fa9d04d00166df41cb32467e6534c0db74f663069ab5b2b73fdff328
p:\myPictures\Dropbox Backup\Camera Uploads\2017\2017-03-12 23.50.35.jpg,n:\Recovery\myPictures\Dropbox Backup\Camera Uploads\2017\2017-03-12 23.50.35.jpg,5883298,cfcdba738e65c0789420e779e16521d4b255cbe789cf5579856fb15373da89fc
p:\myPictures\Dropbox Backup\Camera Uploads\2017\2017-01-26 22.20.41.jpg,n:\Recovery\myPictures\Dropbox Backup\Camera Uploads\2017\2017-01-26 22.20.41.jpg,5908885,40c7ac876c04adc323dc4870229f6879814ec6c429329396443b2423a222bb70
p:\myPictures\Dropbox Backup\Camera Uploads\2016\2016-08-14 17.29.54.jpg,n:\Recovery\myPictures\Dropbox Backup\Camera Uploads\2016\2016-08-14 17.29.54.jpg,5913207,0b601624397a30f3f49f6c7967c689614e0f66d7be8090e921442dcda11c70db
p:\myPictures\Dropbox Backup\Camera Uploads\2016\2016-10-29 16.22.05.jpg,n:\Recovery\myPictures\Dropbox Backup\Camera Uploads\2016\2016-10-29 16.22.05.jpg,5933150,1f84bef5878e5ba89b50596bca3f98a8efd269bf946ffd421a703a7af56c4d0e
p:\myPictures\Dropbox Backup\Camera Uploads\2016\2016-07-12 14.58.15.jpg,n:\Recovery\myPictures\Dropbox Backup\Camera Uploads\2016\2016-07-12 14.58.15.jpg,5945489,0af67ed5cc820a4b6180b58f739ebe8d060c31481e5573b32086c820d8787acd
p:\myPictures\Dropbox Backup\Camera Uploads\2016\2016-11-22 12.52.04.jpg,n:\Recovery\myPictures\Dropbox Backup\Camera Uploads\2016\2016-11-22 12.52.04.jpg,5954491,ff156c9e3d931fed2030a11d3e4289376d852aae8c0c561105080ef4e052c48b
p:\myPictures\Dropbox Backup\Camera Uploads\2017\2017-01-29 17.42.54.jpg,n:\Recovery\myPictures\Dropbox Backup\Camera Uploads\2017\2017-01-29 17.42.54.jpg,5967730,f9ac25750b7d7e83c915527f41fd4cd618c2f06df4a454c0dc173df8c496c4c6
p:\myPictures\Dropbox Backup\Camera Uploads\2016\2016-07-15 19.46.21.jpg,n:\Recovery\myPictures\Dropbox Backup\Camera Uploads\2016\2016-07-15 19.46.21.jpg,5975959,e32cb2353aaaca51263ebac6d8961e7af659a7082ca7329303166414b437d500
p:\myPictures\Dropbox Backup\Camera Uploads\2016\2016-11-22 12.11.15.jpg,n:\Recovery\myPictures\Dropbox Backup\Camera Uploads\2016\2016-11-22 12.11.15.jpg,5979862,b7430e3eca3fc4a42f8c01bcfcd092108a0c185f8fe89cb167f28e1f9c3c6e28
p:\myPictures\Dropbox Backup\Camera Uploads\2016\2016-11-20 11.50.11.jpg,n:\Recovery\myPictures\Dropbox Backup\Camera Uploads\2016\2016-11-20 11.50.11.jpg,5986559,dfb9b74290dd80c6909161662489027841a03ec4bc5a8cd04a8cf1e190ae99f8
p:\myPictures\Dropbox Backup\Camera Uploads\2017\2017-03-12 23.50.46.jpg,n:\Recovery\myPictures\Dropbox Backup\Camera Uploads\2017\2017-03-12 23.50.46.jpg,5991221,a660a6c531014b71ebd4507892459305b24ff90d17d2e00393ea12fc2ee769b0
p:\myPictures\Dropbox Backup\Camera Uploads\2017\2017-01-01 23.02.09.jpg,n:\Recovery\myPictures\Dropbox Backup\Camera Uploads\2017\2017-01-01 23.02.09.jpg,5993787,07a39833b6a396f1e062ef386e187281709b9f65ecdccbb9f3747d4d1a7ba52a
p:\myPictures\Dropbox Backup\Camera Uploads\2016\2016-09-23 19.08.15.jpg,n:\Recovery\myPictures\Dropbox Backup\Camera Uploads\2016\2016-09-23 19.08.15.jpg,5996730,6f6c3f395a26cd940e1b9a70a47c9359ebf601e9cd7fb5517795189b3f6a57f6
p:\myPictures\Dropbox Backup\Camera Uploads\2016\2016-07-15 19.46.25.jpg,n:\Recovery\myPictures\Dropbox Backup\Camera Uploads\2016\2016-07-15 19.46.25.jpg,5999731,2069b9d736c5a90aeda0170fc1e83ed566c3514aa9050fe48be05ad1a1426350
p:\myPictures\Dropbox Backup\Camera Uploads\2016\2016-12-27 12.38.40.jpg,n:\Recovery\myPictures\Dropbox Backup\Camera Uploads\2016\2016-12-27 12.38.40.jpg,6026619,55cce2e662dbe1026d99162f5f45b2c2db909adb12c569cee31aae8c1f727197
p:\myPictures\Dropbox Backup\Camera Uploads\2017\2017-03-18 16.13.48.jpg,n:\Recovery\myPictures\Dropbox Backup\Camera Uploads\2017\2017-03-18 16.13.48.jpg,6029306,4448f374853648de357697141146caadaa4f5925bd818b7271cc930804f432b1
p:\myPictures\Dropbox Backup\Camera Uploads\2016\2016-11-15 12.40.25.jpg,n:\Recovery\myPictures\Dropbox Backup\Camera Uploads\2016\2016-11-15 12.40.25.jpg,6029948,c33b9283a9acae851e9131b04ca482897744085ef51e76ce362b992a20997910
p:\myPictures\Dropbox Backup\Camera Uploads\2016\2016-11-26 14.01.17.jpg,n:\Recovery\myPictures\Dropbox Backup\Camera Uploads\2016\2016-11-26 14.01.17.jpg,6037121,b0ce4500983526412b0e352d3981a68f0b0f8edb38d12de3679f9a201106c492
p:\myPictures\Dropbox Backup\Camera Uploads\2016\2016-11-15 12.40.32.jpg,n:\Recovery\myPictures\Dropbox Backup\Camera Uploads\2016\2016-11-15 12.40.32.jpg,6037500,2f66703c1a3212dca525b13ce071f25e621612af7d5013256923246edfb56131
p:\myPictures\Dropbox Backup\Camera Uploads\2016\2016-08-15 23.17.06.jpg,n:\Recovery\myPictures\Dropbox Backup\Camera Uploads\2016\2016-08-15 23.17.06.jpg,6038144,a512fb576c05b1e74f7798b1c2477b12ad1fa8f4d322c888d07188c9d501f4e0
p:\myPictures\Dropbox Backup\Camera Uploads\2016\2016-08-10 16.08.39.jpg,n:\Recovery\myPictures\Dropbox Backup\Camera Uploads\2016\2016-08-10 16.08.39.jpg,6040881,cd22212b846d5c06f65ffff41998729595e57092cee44a5ae7c563fbe4fd202d
p:\myPictures\Dropbox Backup\Camera Uploads\2017\2017-01-26 22.21.29.jpg,n:\Recovery\myPictures\Dropbox Backup\Camera Uploads\2017\2017-01-26 22.21.29.jpg,6047142,361ff84c22e3b85d4bd053ff6e502df38585493d7b87425c3f41880d6d6ff7b6
p:\myPictures\Dropbox Backup\Camera Uploads\2017\2017-01-09 02.45.19.jpg,n:\Recovery\myPictures\Dropbox Backup\Camera Uploads\2017\2017-01-09 02.45.19.jpg,6047589,d8a9b83e3dba2a21c5182af6d90717c79dda1f77a9a2ba9661a7cff865d9d022
p:\myPictures\Dropbox Backup\Camera Uploads\2016\2016-09-30 14.04.57.jpg,n:\Recovery\myPictures\Dropbox Backup\Camera Uploads\2016\2016-09-30 14.04.57.jpg,6051423,26096305b1351713b983ae3e1d8880d289cbd22af7ac4ed4f71dd6fca3e02a12
p:\myPictures\Dropbox Backup\Camera Uploads\2017\2017-03-22 10.06.45.jpg,n:\Recovery\myPictures\Dropbox Backup\Camera Uploads\2017\2017-03-22 10.06.45.jpg,6054992,94e4b007890ac1ea7f12e4cb86ff6750238175d913e0f1e2a38523047dbdbb4c
p:\myPictures\Dropbox Backup\Camera Uploads\2016\2016-11-22 12.07.25.jpg,n:\Recovery\myPictures\Dropbox Backup\Camera Uploads\2016\2016-11-22 12.07.25.jpg,6061386,edb3042ffcb1f50341f5825ab8ca7abe3e4a4f06ec9d97fb54d78a88d5ce57a6
p:\myPictures\Dropbox Backup\Camera Uploads\2017\2017-01-27 13.37.01.jpg,n:\Recovery\myPictures\Dropbox Backup\Camera Uploads\2017\2017-01-27 13.37.01.jpg,6061881,d9af6db6f6b502247e119118964ca561ab4225e0556578f28bccea4e8408d71a
p:\myPictures\Dropbox Backup\Camera Uploads\2016\2016-07-15 19.45.43.jpg,n:\Recovery\myPictures\Dropbox Backup\Camera Uploads\2016\2016-07-15 19.45.43.jpg,6067849,d444e3a249836c8da9384648f84d4763ef732155594ae24bac82a8f8903f28f1
p:\myPictures\Dropbox Backup\Camera Uploads\2016\2016-08-06 19.49.45.jpg,n:\Recovery\myPictures\Dropbox Backup\Camera Uploads\2016\2016-08-06 19.49.45.jpg,6071368,d1570481bc82ab9e6419c0a5fa5beb37e6c84acc46d809bf558e7b099029ac2f
p:\myPictures\Dropbox Backup\Camera Uploads\2017\2017-03-27 18.16.01.jpg,n:\Recovery\myPictures\Dropbox Backup\Camera Uploads\2017\2017-03-27 18.16.01.jpg,6073040,a5babd98c7b4dc175ce2326d2e3a44c25a509ca6091b14cefadb1ae6dd2ad813
p:\myPictures\Dropbox Backup\Camera Uploads\2017\2017-03-12 23.50.25.jpg,n:\Recovery\myPictures\Dropbox Backup\Camera Uploads\2017\2017-03-12 23.50.25.jpg,6075746,121106dcc70e6e1e8371bff1b0f542df3781b98af334a8764f55c4e67d795f65
p:\myPictures\Dropbox Backup\Camera Uploads\2016\2016-08-06 19.49.43.jpg,n:\Recovery\myPictures\Dropbox Backup\Camera Uploads\2016\2016-08-06 19.49.43.jpg,6083413,7be5a67ed81c47088ba85d1c06ff7875be51737eaf67d545426ffb71cf6a028d
p:\myPictures\Dropbox Backup\Camera Uploads\2016\2016-10-28 18.16.41.jpg,n:\Recovery\myPictures\Dropbox Backup\Camera Uploads\2016\2016-10-28 18.16.41.jpg,6087143,2082f9b4adb6b3da856e373c11c9251cd1e1072f62c9c73e5825ee66ad4e08e5
p:\myPictures\Dropbox Backup\Camera Uploads\2016\2016-12-17 22.56.24.jpg,n:\Recovery\myPictures\Dropbox Backup\Camera Uploads\2016\2016-12-17 22.56.24.jpg,6090945,58b1d52879c371033a15c93e33d2ce5b157c91ff163ecd91d282e059a2ef917a
p:\myPictures\Dropbox Backup\Camera Uploads\2016\2016-11-12 16.41.50.jpg,n:\Recovery\myPictures\Dropbox Backup\Camera Uploads\2016\2016-11-12 16.41.50.jpg,6097647,13a497010d4a149ae4f589c19fd34a8a07794709143fd139b5bb6c04afb0eae8
p:\myPictures\Dropbox Backup\Camera Uploads\2016\2016-07-10 14.15.18.jpg,n:\Recovery\myPictures\Dropbox Backup\Camera Uploads\2016\2016-07-10 14.15.18.jpg,6105369,ba0132b55c94279737ffba4ad90c954032be6e546b5f21e863ddc86eab307680
p:\myPictures\Dropbox Backup\Camera Uploads\2016\2016-11-20 14.45.01.jpg,n:\Recovery\myPictures\Dropbox Backup\Camera Uploads\2016\2016-11-20 14.45.01.jpg,6108625,28d57ada978fa4d4307a124e019f3e3519ebae9c2481b8cad06149d2576cd28c
p:\myPictures\Dropbox Backup\Camera Uploads\2016\2016-08-15 21.15.02.jpg,n:\Recovery\myPictures\Dropbox Backup\Camera Uploads\2016\2016-08-15 21.15.02.jpg,6109563,8fe30db1fe1018337bf109a1f43a825803dcf5125efec6e2b52b9cea83f2c28e
p:\myPictures\Dropbox Backup\Camera Uploads\2016\2016-08-14 20.03.39.jpg,n:\Recovery\myPictures\Dropbox Backup\Camera Uploads\2016\2016-08-14 20.03.39.jpg,6120938,6f8d49e5041571ad4b9412436e9b4ba6a11b2e42797f2cdd8a91ce0cf7753668
p:\myPictures\Dropbox Backup\Camera Uploads\2016\2016-11-22 12.08.38.jpg,n:\Recovery\myPictures\Dropbox Backup\Camera Uploads\2016\2016-11-22 12.08.38.jpg,6121065,2ca4e94111e769bcd4f8b5aa6f4acaf59be50df98c5f52b995cd45f738d6f0ef
p:\myPictures\Dropbox Backup\Camera Uploads\2016\2016-07-20 22.08.41.jpg,n:\Recovery\myPictures\Dropbox Backup\Camera Uploads\2016\2016-07-20 22.08.41.jpg,6121072,c834f098054cdd66c31454c76df4c52eb5fb48bb52dec21a726bc7d5004471f5
p:\myPictures\Dropbox Backup\Camera Uploads\2016\2016-07-15 19.46.24.jpg,n:\Recovery\myPictures\Dropbox Backup\Camera Uploads\2016\2016-07-15 19.46.24.jpg,6123597,943ec5c0513d80b6507de05fbae887560be6de54f6b78c0dba83192b62007d42
p:\myPictures\Dropbox Backup\Camera Uploads\2016\2016-12-22 21.53.24.jpg,n:\Recovery\myPictures\Dropbox Backup\Camera Uploads\2016\2016-12-22 21.53.24.jpg,6126990,9f00f9e66f960212b4719158e3afc49b6a9e9552a927c23d0e91ded10c31daeb
p:\myPictures\Dropbox Backup\Camera Uploads\2016\2016-08-06 19.49.16.jpg,n:\Recovery\myPictures\Dropbox Backup\Camera Uploads\2016\2016-08-06 19.49.16.jpg,6128443,c28e201b34ff93c4d22052af295d641341009beb22b0b8a0c076c74c8572478f
p:\myPictures\Dropbox Backup\Camera Uploads\2016\2016-08-13 01.17.10.jpg,n:\Recovery\myPictures\Dropbox Backup\Camera Uploads\2016\2016-08-13 01.17.10.jpg,6131401,95c0ed387ccd9439b5935213079d5436d27e2e0459a9e0374598c34c715a1036
p:\myPictures\Dropbox Backup\Camera Uploads\2016\2016-08-18 20.48.17.jpg,n:\Recovery\myPictures\Dropbox Backup\Camera Uploads\2016\2016-08-18 20.48.17.jpg,6131468,be30049da36f05169759c738f39746a548ca194be5c7522d053397f7103998ea
p:\myPictures\Dropbox Backup\Camera Uploads\2016\2016-07-20 22.08.45.jpg,n:\Recovery\myPictures\Dropbox Backup\Camera Uploads\2016\2016-07-20 22.08.45.jpg,6132396,b2782a6149395dfec943af8f31b84d3d7537fc1639337c0a10d63f458cec436a
p:\myPictures\Dropbox Backup\Camera Uploads\2016\2016-08-17 16.23.38.jpg,n:\Recovery\myPictures\Dropbox Backup\Camera Uploads\2016\2016-08-17 16.23.38.jpg,6134162,99c4112f1b06f7646b1e3dc0b5e81a9bfb5c9d83ecb39c469cb0b74f61a6865a
p:\myPictures\Dropbox Backup\Camera Uploads\2016\2016-12-05 19.13.43.jpg,n:\Recovery\myPictures\Dropbox Backup\Camera Uploads\2016\2016-12-05 19.13.43.jpg,6142599,6f4930edeaf4df0d9da025c47dfffef46cade12a99b1ecfd4498ad5b0df6c4c1
p:\myPictures\Dropbox Backup\Camera Uploads\2016\2016-11-22 12.13.19.jpg,n:\Recovery\myPictures\Dropbox Backup\Camera Uploads\2016\2016-11-22 12.13.19.jpg,6144707,554e01c0abf2370166ceddc3ce100dd8b195c0d792858a483b6b396915990c5f
p:\myPictures\Dropbox Backup\Camera Uploads\2016\2016-08-06 17.33.10.jpg,n:\Recovery\myPictures\Dropbox Backup\Camera Uploads\2016\2016-08-06 17.33.10.jpg,6144845,71153a9c3475c70565f54b93c3fdab34796beec7da9a38c3c6b2e90624388556
p:\myPictures\Dropbox Backup\Camera Uploads\2016\2016-07-20 22.08.47.jpg,n:\Recovery\myPictures\Dropbox Backup\Camera Uploads\2016\2016-07-20 22.08.47.jpg,6146851,37bfec24d5135f94c9ff4b68ee318577fc9da75b989f1de0714249debe4df7a5
p:\myPictures\Dropbox Backup\Camera Uploads\2016\2016-12-25 23.38.28.jpg,n:\Recovery\myPictures\Dropbox Backup\Camera Uploads\2016\2016-12-25 23.38.28.jpg,6156880,7f2bd660d1ea3bc71d02c55ba4349e7f2a296c268779e23d11ea8d87c7852c79
p:\myPictures\Dropbox Backup\Camera Uploads\2016\2016-08-11 18.49.45.jpg,n:\Recovery\myPictures\Dropbox Backup\Camera Uploads\2016\2016-08-11 18.49.45.jpg,6159398,3f436ee247031bcfec58c13148e817ab80da78d4abff050a36967b4f7f39b098
p:\myPictures\Dropbox Backup\Camera Uploads\2016\2016-08-17 14.41.54.jpg,n:\Recovery\myPictures\Dropbox Backup\Camera Uploads\2016\2016-08-17 14.41.54.jpg,6165663,6627fdce41264bee1d126c870104218a836493a8f520423e54985f8b49cb7f9d
p:\myPictures\Dropbox Backup\Camera Uploads\2016\2016-08-12 16.42.38.jpg,n:\Recovery\myPictures\Dropbox Backup\Camera Uploads\2016\2016-08-12 16.42.38.jpg,6166068,aefba94addb6c89490f7367af41c2be08de21a54f88a12cdc0d337b7ee196f90
p:\myPictures\Dropbox Backup\Camera Uploads\2016\2016-08-17 14.41.42.jpg,n:\Recovery\myPictures\Dropbox Backup\Camera Uploads\2016\2016-08-17 14.41.42.jpg,6175679,0e50cebb23a8aa86541ae7d5cdc03fd62ac866d94ca2b15526cd9698cd3a4947
p:\myPictures\Dropbox Backup\Camera Uploads\2017\2017-01-31 21.36.21.jpg,n:\Recovery\myPictures\Dropbox Backup\Camera Uploads\2017\2017-01-31 21.36.21.jpg,6183505,bd7b7b82a61008ba84401058582a77a11ff8fc0b3c19b14f3575f2d4c30ac9a3
p:\myPictures\Dropbox Backup\Camera Uploads\2016\2016-11-22 17.26.34.jpg,n:\Recovery\myPictures\Dropbox Backup\Camera Uploads\2016\2016-11-22 17.26.34.jpg,6192821,a23f185f4ec2b41bfb96d848aaeedb8b2f5fce3203d5664628a0ddaef851830e
p:\myPictures\Dropbox Backup\Camera Uploads\2016\2016-09-09 16.51.18.jpg,n:\Recovery\myPictures\Dropbox Backup\Camera Uploads\2016\2016-09-09 16.51.18.jpg,6194626,330312f2055281c8c7d4ce02c5d6ec863c6f104f3a4e2f34f2733fef4317c267
p:\myPictures\Dropbox Backup\Camera Uploads\2016\2016-07-20 22.08.39.jpg,n:\Recovery\myPictures\Dropbox Backup\Camera Uploads\2016\2016-07-20 22.08.39.jpg,6196352,7c03271c0e9e4a1c31f602f46ceac39eba97cc31436a091a6d9e3acba1472ef4
p:\myPictures\Dropbox Backup\Camera Uploads\2017\2017-01-27 13.59.29.jpg,n:\Recovery\myPictures\Dropbox Backup\Camera Uploads\2017\2017-01-27 13.59.29.jpg,6209493,e632722216478eaea7905ecb2680c4071f4e37801bbd44cae21e05abd63de102
p:\myPictures\Dropbox Backup\Camera Uploads\2016\2016-11-22 17.24.23.jpg,n:\Recovery\myPictures\Dropbox Backup\Camera Uploads\2016\2016-11-22 17.24.23.jpg,6215751,97c81f96f3d68671c4808f9207b500f08dcebe1b5678346eb9304f4b4864c004
p:\myPictures\Dropbox Backup\Camera Uploads\2016\2016-11-22 12.08.26.jpg,n:\Recovery\myPictures\Dropbox Backup\Camera Uploads\2016\2016-11-22 12.08.26.jpg,6220754,2cb83b562078861d6914ea0b49b8645decf3edb224702b01f23034bb8eb6adba
p:\myPictures\Dropbox Backup\Camera Uploads\2016\2016-12-17 22.41.39.jpg,n:\Recovery\myPictures\Dropbox Backup\Camera Uploads\2016\2016-12-17 22.41.39.jpg,6223280,51072e3911d652e0865f024eb891f7d0e6ea44d6901e4d6b198e67ff72f37bfc
p:\myPictures\Dropbox Backup\Camera Uploads\2016\2016-11-16 13.37.55.jpg,n:\Recovery\myPictures\Dropbox Backup\Camera Uploads\2016\2016-11-16 13.37.55.jpg,6231323,68ad73e58ec6257d88c648a669d90fc767ef7a452aab9b10fadc1376a7ba7ac6
p:\myPictures\Dropbox Backup\Camera Uploads\2016\2016-10-29 16.22.03.jpg,n:\Recovery\myPictures\Dropbox Backup\Camera Uploads\2016\2016-10-29 16.22.03.jpg,6234029,8f810293caf0f540ada0df9bccd91c3c48b35c8cffbde00284b15403df0b3a8e
p:\myPictures\Dropbox Backup\Camera Uploads\2016\2016-08-18 20.53.48.jpg,n:\Recovery\myPictures\Dropbox Backup\Camera Uploads\2016\2016-08-18 20.53.48.jpg,6236651,11f1acc795d30bf43a8c61f87ac07ba17ff018b186ba226e2b64ba727153c56b
p:\myPictures\Dropbox Backup\Camera Uploads\2016\2016-09-11 12.51.52.jpg,n:\Recovery\myPictures\Dropbox Backup\Camera Uploads\2016\2016-09-11 12.51.52.jpg,6254401,75be4b54b7baf64501f6b2db81b66dbbcb78342316c0941d6618321663c17e92
p:\myPictures\Dropbox Backup\Camera Uploads\2016\2016-10-29 16.21.50.jpg,n:\Recovery\myPictures\Dropbox Backup\Camera Uploads\2016\2016-10-29 16.21.50.jpg,6254666,0c3d07e744efcee82e34ae82552e84c5a23e889cdb7e81279c1ef14a2a0bf067
p:\myPictures\Dropbox Backup\Camera Uploads\2016\2016-11-26 14.00.48.jpg,n:\Recovery\myPictures\Dropbox Backup\Camera Uploads\2016\2016-11-26 14.00.48.jpg,6275657,29b712ef500555700cc41ad6bc890631d943dafa55b116324b038a5dc0b884ad
p:\myPictures\Dropbox Backup\Camera Uploads\2016\2016-11-21 15.37.21.jpg,n:\Recovery\myPictures\Dropbox Backup\Camera Uploads\2016\2016-11-21 15.37.21.jpg,6279357,0f4c4dfd957b0ef8ba37dea121b029798377cc2a09953b3b1452e46b8fd4ab65
p:\myPictures\Dropbox Backup\Camera Uploads\2016\2016-11-20 14.44.23.jpg,n:\Recovery\myPictures\Dropbox Backup\Camera Uploads\2016\2016-11-20 14.44.23.jpg,6285932,c0d6ba152d75acac89a5a13a1d854cb5f4ad7ad9e0cc6c9e88fc2f14f13d206b
p:\myPictures\Dropbox Backup\Camera Uploads\2016\2016-11-05 16.36.47.jpg,n:\Recovery\myPictures\Dropbox Backup\Camera Uploads\2016\2016-11-05 16.36.47.jpg,6294684,4d33d8df0fcc6843a54a7b91fdf178068c77ddf4ac55d89b431a5f6a1efd5353
p:\myPictures\Dropbox Backup\Camera Uploads\2016\2016-08-19 20.23.43.jpg,n:\Recovery\myPictures\Dropbox Backup\Camera Uploads\2016\2016-08-19 20.23.43.jpg,6295551,5a5c21f86359a9bc9ff846a981df16f6550694942adc534a82b515b3a3104d16
p:\myPictures\Dropbox Backup\Camera Uploads\2016\2016-09-09 18.54.19.jpg,n:\Recovery\myPictures\Dropbox Backup\Camera Uploads\2016\2016-09-09 18.54.19.jpg,6298773,5c3f08bfaccfbc961f02fe173467c5b1f8044ddc2160b6ee893720585f484968
p:\myPictures\Dropbox Backup\Camera Uploads\2016\2016-11-26 14.05.28.jpg,n:\Recovery\myPictures\Dropbox Backup\Camera Uploads\2016\2016-11-26 14.05.28.jpg,6316896,4336f7299de8744836ca249656736984def01568c8e7945ea908525f4eb99547
p:\myPictures\Dropbox Backup\Camera Uploads\2016\2016-10-12 17.08.35.jpg,n:\Recovery\myPictures\Dropbox Backup\Camera Uploads\2016\2016-10-12 17.08.35.jpg,6320967,747e5b2581e5b6865770c1f8cf30dac0f2f127227205152a885d757fd69f1c73
p:\myPictures\Dropbox Backup\Camera Uploads\2016\2016-12-05 19.13.55.jpg,n:\Recovery\myPictures\Dropbox Backup\Camera Uploads\2016\2016-12-05 19.13.55.jpg,6330797,731d0f2f947c9de24b031be9c4bfa3e36a03eeb4a0b447a47a8b717324746ba9
p:\myPictures\Dropbox Backup\Camera Uploads\2016\2016-11-22 12.08.03.jpg,n:\Recovery\myPictures\Dropbox Backup\Camera Uploads\2016\2016-11-22 12.08.03.jpg,6331834,7458c1b66af6b1b4087298bcb7bf3d92fada3e943d9e6f4231e01573c94277b6
p:\myPictures\Dropbox Backup\Camera Uploads\2016\2016-08-28 12.45.52.jpg,n:\Recovery\myPictures\Dropbox Backup\Camera Uploads\2016\2016-08-28 12.45.52.jpg,6338318,fb2b484e5a7550eb3d32e2e57256607495939eb608038a29c3091f80a45ff372
p:\myPictures\Dropbox Backup\Camera Uploads\2016\2016-10-28 18.09.00.jpg,n:\Recovery\myPictures\Dropbox Backup\Camera Uploads\2016\2016-10-28 18.09.00.jpg,6339898,6a615535f54463a4c207c2a3b58a1550e45f96ac3d98b261956ea997806a3dc1
p:\myPictures\Dropbox Backup\Camera Uploads\2016\2016-11-12 16.41.53.jpg,n:\Recovery\myPictures\Dropbox Backup\Camera Uploads\2016\2016-11-12 16.41.53.jpg,6347706,2581c1536768eacea627e73bfe81b873c3761999ce6bc0706fb0e1de8411ba90
p:\myPictures\Dropbox Backup\Camera Uploads\2016\2016-11-15 19.39.07.jpg,n:\Recovery\myPictures\Dropbox Backup\Camera Uploads\2016\2016-11-15 19.39.07.jpg,6351221,c4d0acae1e8656e4ff20f559e727d714519903738e68051f72ac5a81bec82094
p:\myPictures\Dropbox Backup\Camera Uploads\2016\2016-08-14 20.03.42.jpg,n:\Recovery\myPictures\Dropbox Backup\Camera Uploads\2016\2016-08-14 20.03.42.jpg,6362850,0330397944d63adbef3cf2507ce069e914f755d9d78374e902d4778d6390e9f7
p:\myPictures\Dropbox Backup\Camera Uploads\2016\2016-07-14 01.07.44.jpg,n:\Recovery\myPictures\Dropbox Backup\Camera Uploads\2016\2016-07-14 01.07.44.jpg,6366529,6a215648912367f0281e36597b2bb637210d1a4278954ec5d4a49c8add82c989
p:\myPictures\Dropbox Backup\Camera Uploads\2017\2017-02-04 16.30.15.jpg,n:\Recovery\myPictures\Dropbox Backup\Camera Uploads\2017\2017-02-04 16.30.15.jpg,6368163,ade3878e75557c13e3f06708e50baf7d70fdff3b53367a08a4f9ac6481666c91
p:\myPictures\Dropbox Backup\Camera Uploads\2017\2017-01-26 22.20.49.jpg,n:\Recovery\myPictures\Dropbox Backup\Camera Uploads\2017\2017-01-26 22.20.49.jpg,6370747,e6dcf1ef1c4a97647011d8637c09f599f6dd14891a5a7b91e9d4dacb2793bfe5
p:\myPictures\Dropbox Backup\Camera Uploads\2017\2017-03-13 16.33.06.jpg,n:\Recovery\myPictures\Dropbox Backup\Camera Uploads\2017\2017-03-13 16.33.06.jpg,6370898,09e18fd963efe5cd633374c4fd60d3f65ff7e4861f3947634abddb77b64f5bdc
p:\myPictures\Dropbox Backup\Camera Uploads\2016\2016-09-17 03.19.14.jpg,n:\Recovery\myPictures\Dropbox Backup\Camera Uploads\2016\2016-09-17 03.19.14.jpg,6371691,29cd52f16f187af8df4f7a0ded65bf67f9bdac1bdc2455ad1bc36f26e5d71168
p:\myPictures\Dropbox Backup\Camera Uploads\2016\2016-11-20 11.49.59.jpg,n:\Recovery\myPictures\Dropbox Backup\Camera Uploads\2016\2016-11-20 11.49.59.jpg,6384121,e1eacc4ca3d720f04b2529321216ee50e80215d25818681487faab57ef25600b
p:\myPictures\Dropbox Backup\Camera Uploads\2016\2016-11-12 15.24.30.jpg,n:\Recovery\myPictures\Dropbox Backup\Camera Uploads\2016\2016-11-12 15.24.30.jpg,6387287,bb25f5a9ebb7d7bedb9c0b1d66c2a7a711d2cafd32e133852e612ab8bbd66522
p:\myPictures\Dropbox Backup\Camera Uploads\2017\2017-01-19 21.49.40.jpg,n:\Recovery\myPictures\Dropbox Backup\Camera Uploads\2017\2017-01-19 21.49.40.jpg,6398490,669d5204a5c3bba23c990c948a8cf075987489f3ed9317d2562b7475cb803dea
p:\myPictures\Dropbox Backup\Camera Uploads\2016\2016-07-10 14.15.25.jpg,n:\Recovery\myPictures\Dropbox Backup\Camera Uploads\2016\2016-07-10 14.15.25.jpg,6414380,d51106b27a9032e84a8aeb97512bac03f75ab1ddc4e0e44d7eded11dd9f88cd1
p:\myPictures\Dropbox Backup\Camera Uploads\2016\2016-12-24 21.20.29.jpg,n:\Recovery\myPictures\Dropbox Backup\Camera Uploads\2016\2016-12-24 21.20.29.jpg,6418765,60e50bd00227bfd2aac024d789a60b63f731cc4bf682d6d79227dcbea3dbde7d
p:\myPictures\Dropbox Backup\Camera Uploads\2017\2017-03-06 22.46.04.jpg,n:\Recovery\myPictures\Dropbox Backup\Camera Uploads\2017\2017-03-06 22.46.04.jpg,6420519,e7fd49fe3b3581025248a0e903c4a9c27428e78ed33db0afde7c987554c7a243
p:\myPictures\Dropbox Backup\Camera Uploads\2017\2017-03-15 00.17.27.jpg,n:\Recovery\myPictures\Dropbox Backup\Camera Uploads\2017\2017-03-15 00.17.27.jpg,6436843,0635ff2bd04ef79be5f21e9cf29351fbdc74e6eb54db78c0a222a06ebde303fb
p:\myPictures\Dropbox Backup\Camera Uploads\2016\2016-08-14 17.30.25.jpg,n:\Recovery\myPictures\Dropbox Backup\Camera Uploads\2016\2016-08-14 17.30.25.jpg,6440398,d8e02082ea347573c65250c7f7306065ae7c0b8fd11987e3df13c19702969408
p:\myPictures\Dropbox Backup\Camera Uploads\2016\2016-08-17 14.42.03.jpg,n:\Recovery\myPictures\Dropbox Backup\Camera Uploads\2016\2016-08-17 14.42.03.jpg,6444325,abb016354abecbd7729a60484bc109d282ac5d0ba5cf70e84b8f37c73538537a
p:\myPictures\Dropbox Backup\Camera Uploads\2016\2016-12-24 21.20.24.jpg,n:\Recovery\myPictures\Dropbox Backup\Camera Uploads\2016\2016-12-24 21.20.24.jpg,6447059,8c7ad8c534316a72726cbd9171540e09e8bc3957e69782bc7323e36c1a806d74
p:\myPictures\Dropbox Backup\Camera Uploads\2016\2016-11-22 12.09.15.jpg,n:\Recovery\myPictures\Dropbox Backup\Camera Uploads\2016\2016-11-22 12.09.15.jpg,6454725,4d5266579b507331f2e622bb0ec37180eeee7fa06105a50213b00455575c504e
p:\myPictures\Dropbox Backup\Camera Uploads\2016\2016-08-28 22.55.16.jpg,n:\Recovery\myPictures\Dropbox Backup\Camera Uploads\2016\2016-08-28 22.55.16.jpg,6457669,09a757ce825e384342565306e624ff9dc08dee600e9ad34de053545c80a0db81
p:\myPictures\Dropbox Backup\Camera Uploads\2016\2016-11-05 18.21.48.jpg,n:\Recovery\myPictures\Dropbox Backup\Camera Uploads\2016\2016-11-05 18.21.48.jpg,6459459,f43f73311846cd6d80de62568028e755c2466f78d965c9aadf383afcfa6b4c48
p:\myPictures\Dropbox Backup\Camera Uploads\2016\2016-11-21 15.37.20.jpg,n:\Recovery\myPictures\Dropbox Backup\Camera Uploads\2016\2016-11-21 15.37.20.jpg,6462019,79ad9fec050e8674c8154f364008871b1d628b688a68bafefee924f85bf9a0c8
p:\myPictures\Dropbox Backup\Camera Uploads\2016\2016-07-10 14.17.10.jpg,n:\Recovery\myPictures\Dropbox Backup\Camera Uploads\2016\2016-07-10 14.17.10.jpg,6464739,0b745371890430950b4dafef81c2efdcd99cc62b0a2c72f6046a6fb5a8d26d30
p:\myPictures\Dropbox Backup\Camera Uploads\2016\2016-11-18 07.47.30.jpg,n:\Recovery\myPictures\Dropbox Backup\Camera Uploads\2016\2016-11-18 07.47.30.jpg,6478293,cad8d1be73aeb53e60b4f028388f1330edabf34bbb279cdf9f338cf49940f4d0
p:\myPictures\Dropbox Backup\Camera Uploads\2016\2016-08-17 16.30.48.jpg,n:\Recovery\myPictures\Dropbox Backup\Camera Uploads\2016\2016-08-17 16.30.48.jpg,6485166,438bf7a4ed41b2d45cb945cb469be67d24abde02e2b2d85ea79d159e67396bac
p:\myPictures\Dropbox Backup\Camera Uploads\2016\2016-10-11 21.24.42.jpg,n:\Recovery\myPictures\Dropbox Backup\Camera Uploads\2016\2016-10-11 21.24.42.jpg,6498849,984ec4a40e9e95e01914efa9ba5c1ef3ef268662f9617f7cb9d11c08302fb143
p:\myPictures\Dropbox Backup\Camera Uploads\2016\2016-08-19 19.24.23.jpg,n:\Recovery\myPictures\Dropbox Backup\Camera Uploads\2016\2016-08-19 19.24.23.jpg,6504302,cf53ff8d177b4602a9c84e5f6fddef05e51e0fbd2ec2bda5ba0330aaddfda2fd
p:\myPictures\Dropbox Backup\Camera Uploads\2016\2016-11-26 14.11.07.jpg,n:\Recovery\myPictures\Dropbox Backup\Camera Uploads\2016\2016-11-26 14.11.07.jpg,6506625,055a6a94dc919865cc5a816310798ab20c543a8151e6ba80d9ae4fd552b5059b
p:\myPictures\Dropbox Backup\Camera Uploads\2016\2016-09-27 20.50.20.jpg,n:\Recovery\myPictures\Dropbox Backup\Camera Uploads\2016\2016-09-27 20.50.20.jpg,6517489,484a144eca81993ef66a06c593d0ee8cdeebd8937786521d82c990e8346d6ec1
p:\myPictures\Dropbox Backup\Camera Uploads\2016\2016-09-27 20.50.59.jpg,n:\Recovery\myPictures\Dropbox Backup\Camera Uploads\2016\2016-09-27 20.50.59.jpg,6518396,fed1d3f892e2435a2e60f4cb6181d7a7d56d679f186107c377c3aac57033c60f
p:\myPictures\Dropbox Backup\Camera Uploads\2016\2016-12-07 08.50.57.jpg,n:\Recovery\myPictures\Dropbox Backup\Camera Uploads\2016\2016-12-07 08.50.57.jpg,6532131,f97b779054a41a1372a2c4041df08be9b7fc0306e4570a70133c8fdcdb1df821
p:\myPictures\Dropbox Backup\Camera Uploads\2016\2016-08-17 14.41.48.jpg,n:\Recovery\myPictures\Dropbox Backup\Camera Uploads\2016\2016-08-17 14.41.48.jpg,6540882,3dd11ed4e8ebfae029874740761d660a737573cd611141a76827e60e6b6748bf
p:\myPictures\Dropbox Backup\Camera Uploads\2016\2016-09-27 20.50.39.jpg,n:\Recovery\myPictures\Dropbox Backup\Camera Uploads\2016\2016-09-27 20.50.39.jpg,6551279,66e16c1340d203a34a1b8058f553978406fea9d046531a950134c4dd3fd8e88a
p:\myPictures\Dropbox Backup\Camera Uploads\2016\2016-12-27 12.38.44.jpg,n:\Recovery\myPictures\Dropbox Backup\Camera Uploads\2016\2016-12-27 12.38.44.jpg,6553968,45e9460a7b6dabe60e69af5c57bf85c0d47f9edb450cb07ea11217dd01dcf10c
p:\myPictures\Dropbox Backup\Camera Uploads\2016\2016-08-19 19.27.01.jpg,n:\Recovery\myPictures\Dropbox Backup\Camera Uploads\2016\2016-08-19 19.27.01.jpg,6556145,de7e446d6af73c33c4f11512407928dc76e4abd7d8f89f93460ccd3e7c034755
p:\myPictures\Dropbox Backup\Camera Uploads\2016\2016-09-27 20.50.05.jpg,n:\Recovery\myPictures\Dropbox Backup\Camera Uploads\2016\2016-09-27 20.50.05.jpg,6558287,d33fce6e21a3e1a771102c30d307b5181875869db00a45112e5996c549251ac4
p:\myPictures\Dropbox Backup\Camera Uploads\2016\2016-11-12 16.21.06.jpg,n:\Recovery\myPictures\Dropbox Backup\Camera Uploads\2016\2016-11-12 16.21.06.jpg,6558937,028ea81a21fd39af21fbebef01674bf5319b7e059b8c92430c068a352da6e197
p:\myPictures\Dropbox Backup\Camera Uploads\2016\2016-10-11 21.27.03.jpg,n:\Recovery\myPictures\Dropbox Backup\Camera Uploads\2016\2016-10-11 21.27.03.jpg,6568744,8ede718fa65d84baaa5f165a2ca1fe71fd1e7ef619776f8c152a80e2dfb77f10
p:\myPictures\Dropbox Backup\Camera Uploads\2017\2017-02-02 20.45.28.jpg,n:\Recovery\myPictures\Dropbox Backup\Camera Uploads\2017\2017-02-02 20.45.28.jpg,6582125,75451200e5652c10f56de94ecaa96dc45350fe46c9118530b8b530c304fcf186
p:\myPictures\Dropbox Backup\Camera Uploads\2017\2017-01-27 13.38.03.jpg,n:\Recovery\myPictures\Dropbox Backup\Camera Uploads\2017\2017-01-27 13.38.03.jpg,6589207,9d28d6589614c4889c4181eb89f10d144240920dbedc211cbec5b6216841dd91
p:\myPictures\Dropbox Backup\Camera Uploads\2016\2016-11-20 11.50.33.jpg,n:\Recovery\myPictures\Dropbox Backup\Camera Uploads\2016\2016-11-20 11.50.33.jpg,6590746,cff7fd817e3e8718fec50ca6937d3bc608fe796170dc7bb83c80743b7fdc7cd2
p:\myPictures\Dropbox Backup\Camera Uploads\2016\2016-08-15 21.35.50.jpg,n:\Recovery\myPictures\Dropbox Backup\Camera Uploads\2016\2016-08-15 21.35.50.jpg,6592163,709850a2f9a3d66e6b78a8adeb34ff7986f50d1e458563aadf5e5520548759ed
p:\myPictures\Dropbox Backup\Camera Uploads\2016\2016-10-28 18.17.02.jpg,n:\Recovery\myPictures\Dropbox Backup\Camera Uploads\2016\2016-10-28 18.17.02.jpg,6598170,9cd3989ae4e14fc2e0be06cb63c03286b526e66e5c6ee5f5ed4ffeb8c0a0c4b0
p:\myPictures\Dropbox Backup\Camera Uploads\2016\2016-11-05 16.25.02.jpg,n:\Recovery\myPictures\Dropbox Backup\Camera Uploads\2016\2016-11-05 16.25.02.jpg,6615824,46a0adb6259e431bd54e8d5ae406357e1b30f95f684caab36b4f88b2f77fb76b
p:\myPictures\Dropbox Backup\Camera Uploads\2016\2016-11-12 16.21.09.jpg,n:\Recovery\myPictures\Dropbox Backup\Camera Uploads\2016\2016-11-12 16.21.09.jpg,6622789,6bcd35efa2cb1bca13001c02843f722081b42298a29da0f7617aaa48340d2a6f
p:\myPictures\Dropbox Backup\Camera Uploads\2017\2017-01-04 11.17.42.jpg,n:\Recovery\myPictures\Dropbox Backup\Camera Uploads\2017\2017-01-04 11.17.42.jpg,6638936,ffcbb6d86a522433bd604a6bdc6ce0e61bcd269d83d6aa602f1928d765e606f3
p:\myPictures\Dropbox Backup\Camera Uploads\2016\2016-12-07 08.50.52.jpg,n:\Recovery\myPictures\Dropbox Backup\Camera Uploads\2016\2016-12-07 08.50.52.jpg,6647614,f9d3b54877bd46b0cee7f86879815de055717e342b111a948fff3c6cd1fe8a46
p:\myPictures\Dropbox Backup\Camera Uploads\2016\2016-07-30 08.12.08.jpg,n:\Recovery\myPictures\Dropbox Backup\Camera Uploads\2016\2016-07-30 08.12.08.jpg,6648386,ef3f5d2afea2554fb319d2b8663c7441914d3b76678040b010608a5b63fbfbfe
p:\myPictures\Dropbox Backup\Camera Uploads\2016\2016-11-12 15.24.26.jpg,n:\Recovery\myPictures\Dropbox Backup\Camera Uploads\2016\2016-11-12 15.24.26.jpg,6649843,7e730633552c8fda4eba5cc0e019a05df4e323ad3a998aa478748a8ad384b627
p:\myPictures\Dropbox Backup\Camera Uploads\2016\2016-10-28 18.16.52.jpg,n:\Recovery\myPictures\Dropbox Backup\Camera Uploads\2016\2016-10-28 18.16.52.jpg,6657180,8a1955e14c87837b9753b97f9918108b7fb19382db2c134ba1af59a30cf5d58f
p:\myPictures\Dropbox Backup\Camera Uploads\2016\2016-09-27 22.11.13.jpg,n:\Recovery\myPictures\Dropbox Backup\Camera Uploads\2016\2016-09-27 22.11.13.jpg,6661384,74d5152ee4c6181c1fb2f449c37e7aab02a13aedc1a79b62f488eabbb0e878bf
p:\myPictures\Dropbox Backup\Camera Uploads\2016\2016-12-08 14.29.06.jpg,n:\Recovery\myPictures\Dropbox Backup\Camera Uploads\2016\2016-12-08 14.29.06.jpg,6674123,4cd386af0e7b3d302e7258fbcf0dc115077dc209ea5a0d2c9a98972814f3b81a
p:\myPictures\Dropbox Backup\Camera Uploads\2016\2016-10-28 18.09.04.jpg,n:\Recovery\myPictures\Dropbox Backup\Camera Uploads\2016\2016-10-28 18.09.04.jpg,6679541,cf7e107126baf462fd08054ee68bc645289af3b1988f3dc4ad77f4c12a4eb9bf
p:\myPictures\Dropbox Backup\Camera Uploads\2016\2016-08-15 21.40.42.jpg,n:\Recovery\myPictures\Dropbox Backup\Camera Uploads\2016\2016-08-15 21.40.42.jpg,6680358,fadba4f689692ab6d47997660ba44341f7112c6c12ffe05579e9655789ffc531
p:\myPictures\Dropbox Backup\Camera Uploads\2016\2016-09-27 22.11.25.jpg,n:\Recovery\myPictures\Dropbox Backup\Camera Uploads\2016\2016-09-27 22.11.25.jpg,6693963,70a73264fce71bb7214e9fe7cce70cdb65dbc128933e98961c8ee50ed2e9274e
p:\myPictures\Dropbox Backup\Camera Uploads\2017\2017-03-13 16.32.59.jpg,n:\Recovery\myPictures\Dropbox Backup\Camera Uploads\2017\2017-03-13 16.32.59.jpg,6707417,d27643f3844bb9460e5ce97095958206ab1c464da87a9b4f06aee09c5af9c086
p:\myPictures\Dropbox Backup\Camera Uploads\2016\2016-08-06 21.51.10.jpg,n:\Recovery\myPictures\Dropbox Backup\Camera Uploads\2016\2016-08-06 21.51.10.jpg,6718967,1ec37e0dcf56c474c13d25f6ce261b07a2d50de339394004e5381399210591c1
p:\myPictures\Dropbox Backup\Camera Uploads\2017\2017-01-19 21.49.41.jpg,n:\Recovery\myPictures\Dropbox Backup\Camera Uploads\2017\2017-01-19 21.49.41.jpg,6720177,2a097e46f2b6a35199c53f293ff4e47781ab5a57a37863a7b783eb7f3c47fdb2
p:\myPictures\Dropbox Backup\Camera Uploads\2017\2017-01-27 13.59.26.jpg,n:\Recovery\myPictures\Dropbox Backup\Camera Uploads\2017\2017-01-27 13.59.26.jpg,6722210,cca36fc453eb377a297123ede74736a7131a138de551ca75d820b8646eaef23a
p:\myPictures\Dropbox Backup\Camera Uploads\2016\2016-09-17 03.19.28.jpg,n:\Recovery\myPictures\Dropbox Backup\Camera Uploads\2016\2016-09-17 03.19.28.jpg,6723282,140b6db73827fe84c043f9eac0b05b90de6a68e8857286f8d2ad6594732f335a
p:\myPictures\Dropbox Backup\Camera Uploads\2016\2016-08-19 19.17.33.jpg,n:\Recovery\myPictures\Dropbox Backup\Camera Uploads\2016\2016-08-19 19.17.33.jpg,6723837,2e7bebee286d25f06f72cedb5785c16963d376053079763e5f9486978f5fa875
p:\myPictures\Dropbox Backup\Camera Uploads\2016\2016-12-07 08.51.05.jpg,n:\Recovery\myPictures\Dropbox Backup\Camera Uploads\2016\2016-12-07 08.51.05.jpg,6726704,624521600ffc24f29e0eb21d83be36f8e49be27b994e7ce3d21395be54a0a38a
p:\myPictures\Dropbox Backup\Camera Uploads\2016\2016-08-12 21.40.52.jpg,n:\Recovery\myPictures\Dropbox Backup\Camera Uploads\2016\2016-08-12 21.40.52.jpg,6733654,b53aab72dfaa15261690649f908eb3024d0117511b878b30004ab78f90206f48
p:\myPictures\Dropbox Backup\Camera Uploads\2016\2016-11-20 14.45.18.jpg,n:\Recovery\myPictures\Dropbox Backup\Camera Uploads\2016\2016-11-20 14.45.18.jpg,6738114,7332e7a18fefc3cc6bc95201386081a0110bc81e25f72e05e6433f6e9fe1af19
p:\myPictures\Dropbox Backup\Camera Uploads\2016\2016-08-12 02.41.15.jpg,n:\Recovery\myPictures\Dropbox Backup\Camera Uploads\2016\2016-08-12 02.41.15.jpg,6740162,9ac043293df0849b42a2553a8ab42d3ef025866978feabd0a60e16f4c2d325db
p:\myPictures\Dropbox Backup\Camera Uploads\2016\2016-10-12 17.08.17.jpg,n:\Recovery\myPictures\Dropbox Backup\Camera Uploads\2016\2016-10-12 17.08.17.jpg,6750068,93c8b6e8fbedd04e4b3dc9a77d74a6cfe7486b21e24da670346a6253fb0e7ac3
p:\myPictures\Dropbox Backup\Camera Uploads\2016\2016-11-12 15.25.12.jpg,n:\Recovery\myPictures\Dropbox Backup\Camera Uploads\2016\2016-11-12 15.25.12.jpg,6751623,881385883121823f9a90181dbb22189e5a51fdaf2398886cbf08036c6d96732f
p:\myPictures\Dropbox Backup\Camera Uploads\2016\2016-11-22 12.07.47.jpg,n:\Recovery\myPictures\Dropbox Backup\Camera Uploads\2016\2016-11-22 12.07.47.jpg,6761535,c0000d49b96f0ef92324fd1565d8436ece4200f3702f992b183e4a6da3147eac
p:\myPictures\Dropbox Backup\Camera Uploads\2016\2016-10-11 21.26.59.jpg,n:\Recovery\myPictures\Dropbox Backup\Camera Uploads\2016\2016-10-11 21.26.59.jpg,6770105,f27d5762a32d8083c9d88ddbd7f2cc250746d84dd3e82c7a96ae1a8b083fd84e
p:\myPictures\Dropbox Backup\Camera Uploads\2016\2016-10-03 12.08.40.jpg,n:\Recovery\myPictures\Dropbox Backup\Camera Uploads\2016\2016-10-03 12.08.40.jpg,6775484,4344aecb741a0c6e6b56d5db56673b24687b023f09196d73f56ddfa7267c77df
p:\myPictures\Dropbox Backup\Camera Uploads\2016\2016-08-19 20.22.54.jpg,n:\Recovery\myPictures\Dropbox Backup\Camera Uploads\2016\2016-08-19 20.22.54.jpg,6776247,c237527b91fe30554ff43bf46d8f7a85e2e040eae94d2c8c9167ced50fc96fbf
p:\myPictures\Dropbox Backup\Camera Uploads\2016\2016-09-08 19.00.49.jpg,n:\Recovery\myPictures\Dropbox Backup\Camera Uploads\2016\2016-09-08 19.00.49.jpg,6777075,23f522beb29ca498da1618142fad2e9f0cf868ca3070086922791f3cc31a0bb1
p:\myPictures\Dropbox Backup\Camera Uploads\2016\2016-10-03 12.08.25.jpg,n:\Recovery\myPictures\Dropbox Backup\Camera Uploads\2016\2016-10-03 12.08.25.jpg,6794690,611844b9fcba72960b717c14d7bbeb9370917c742d0d7fc56f33b338f04e80ef
p:\myPictures\Dropbox Backup\Camera Uploads\2016\2016-09-27 20.52.51.jpg,n:\Recovery\myPictures\Dropbox Backup\Camera Uploads\2016\2016-09-27 20.52.51.jpg,6795853,f2749d504c90893eea6107e3491fb0e950f19db58cbcaa4987577f176e4727bc
p:\myPictures\Dropbox Backup\Camera Uploads\2016\2016-10-20 18.00.21.jpg,n:\Recovery\myPictures\Dropbox Backup\Camera Uploads\2016\2016-10-20 18.00.21.jpg,6797489,87870a7a45590eceb6d96b9a16a6c9cf533d09e784aa43b150419c41f0c2b040
p:\myPictures\Dropbox Backup\Camera Uploads\2016\2016-08-17 16.23.45.jpg,n:\Recovery\myPictures\Dropbox Backup\Camera Uploads\2016\2016-08-17 16.23.45.jpg,6799782,e6a6b954ed9846acddc82277cc13429f87b8615a5e63198e7b6435f9393960ba
p:\myPictures\Dropbox Backup\Camera Uploads\2016\2016-09-08 19.01.03.jpg,n:\Recovery\myPictures\Dropbox Backup\Camera Uploads\2016\2016-09-08 19.01.03.jpg,6800428,262884442279fe2d10c8e34f07e9901a790358046fd0c7e60f72afc253e91ec9
p:\myPictures\Dropbox Backup\Camera Uploads\2017\2017-02-18 10.30.49.jpg,n:\Recovery\myPictures\Dropbox Backup\Camera Uploads\2017\2017-02-18 10.30.49.jpg,6815278,dc15ca2727d60358c757f63573db6530d8a3bd7cdbfbf73b95e4852c280415c5
p:\myPictures\Dropbox Backup\Camera Uploads\2016\2016-11-05 16.36.49.jpg,n:\Recovery\myPictures\Dropbox Backup\Camera Uploads\2016\2016-11-05 16.36.49.jpg,6832996,79c8dc06e3f2fcda2682cbf33a7bdedf1b67788166739d901fe2704c82bc4e30
p:\myPictures\Dropbox Backup\Camera Uploads\2016\2016-08-13 10.28.12.jpg,n:\Recovery\myPictures\Dropbox Backup\Camera Uploads\2016\2016-08-13 10.28.12.jpg,6839183,3c95259475b8924aa2333835a56f9f992e5f232016dd1820034caa63b32e934b
p:\myPictures\Dropbox Backup\Camera Uploads\2016\2016-10-11 21.27.00.jpg,n:\Recovery\myPictures\Dropbox Backup\Camera Uploads\2016\2016-10-11 21.27.00.jpg,6844782,34a7d82a51ee4d2ed91b2675e592436b056b3d61db288936ecd4802302117ec5
p:\myPictures\Dropbox Backup\Camera Uploads\2016\2016-12-25 21.52.59.jpg,n:\Recovery\myPictures\Dropbox Backup\Camera Uploads\2016\2016-12-25 21.52.59.jpg,6849125,f4b7588d3c7f3bcf6d34b4ce387b2c78bf76733e96ff901920d8c2170ccafcf1
p:\myPictures\Dropbox Backup\Camera Uploads\2016\2016-07-06 21.36.52.jpg,n:\Recovery\myPictures\Dropbox Backup\Camera Uploads\2016\2016-07-06 21.36.52.jpg,6849345,90727c6cbbad2b640ad466f9dd269c7757cb6fcd41b60b178fb7d71b1be55d31
p:\myPictures\Dropbox Backup\Camera Uploads\2016\2016-09-28 13.26.24.jpg,n:\Recovery\myPictures\Dropbox Backup\Camera Uploads\2016\2016-09-28 13.26.24.jpg,6858529,51f55c6a227d32f4bbf9a4b281414ee134b9700f908552e92413fc21d4275367
p:\myPictures\Dropbox Backup\Camera Uploads\2017\2017-03-18 16.14.05.jpg,n:\Recovery\myPictures\Dropbox Backup\Camera Uploads\2017\2017-03-18 16.14.05.jpg,6866895,636f05160e7efb6ceb9def7e50c65515c66d94e706c31907d724073f49afb8ef
p:\myPictures\Dropbox Backup\Camera Uploads\2016\2016-07-19 10.50.26.jpg,n:\Recovery\myPictures\Dropbox Backup\Camera Uploads\2016\2016-07-19 10.50.26.jpg,6897344,91892998a120a5f036b8cf8514a74cd48bfd3df2968904a7e359c03ba3568e9b
p:\myPictures\Dropbox Backup\Camera Uploads\2016\2016-10-11 21.27.07.jpg,n:\Recovery\myPictures\Dropbox Backup\Camera Uploads\2016\2016-10-11 21.27.07.jpg,6901427,0ba5d3c1b8b43aa7fcb313eeeeb4d59a39835c9dde5af17f633169e5ded6cb1b
p:\myPictures\Dropbox Backup\Camera Uploads\2016\2016-11-05 16.36.17.jpg,n:\Recovery\myPictures\Dropbox Backup\Camera Uploads\2016\2016-11-05 16.36.17.jpg,6927115,2f2220dd41b7c7596f186cb7075de61ed08b21c09e9d5578bafc894d7dc792b3
p:\myPictures\Dropbox Backup\Camera Uploads\2016\2016-08-28 22.55.22.jpg,n:\Recovery\myPictures\Dropbox Backup\Camera Uploads\2016\2016-08-28 22.55.22.jpg,6930462,101828f8ac7a534f5fbac77266577de77583514597f908bce472d9222e018f62
p:\myPictures\Dropbox Backup\Camera Uploads\2016\2016-10-29 16.21.55.jpg,n:\Recovery\myPictures\Dropbox Backup\Camera Uploads\2016\2016-10-29 16.21.55.jpg,6932145,8359775da01b05df3cee4e5a7cbb01885d9ed4c2d5b3291a85afec35de71c62f
p:\myPictures\Dropbox Backup\Camera Uploads\2016\2016-11-12 16.42.25.jpg,n:\Recovery\myPictures\Dropbox Backup\Camera Uploads\2016\2016-11-12 16.42.25.jpg,6938581,3875c60f8ffe497e770a814318ef631a4f5a99acd1d7870b37b0472ef673f503
p:\myPictures\Dropbox Backup\Camera Uploads\2016\2016-10-27 13.15.00.jpg,n:\Recovery\myPictures\Dropbox Backup\Camera Uploads\2016\2016-10-27 13.15.00.jpg,6940610,68384f9b872b9f1120f25e23d5c52d0e5dadf3f453a21a5e5fe7d94424996a75
p:\myPictures\Dropbox Backup\Camera Uploads\2016\2016-11-12 15.24.17.jpg,n:\Recovery\myPictures\Dropbox Backup\Camera Uploads\2016\2016-11-12 15.24.17.jpg,6944610,5e130bbfd1717583cce38280fb9f78abc0aa2902cee4631d08228fce74a04f3f
p:\myPictures\Dropbox Backup\Camera Uploads\2016\2016-10-11 21.27.05.jpg,n:\Recovery\myPictures\Dropbox Backup\Camera Uploads\2016\2016-10-11 21.27.05.jpg,6962522,31a6584d750564b089253b2a513e59321501993c3a1b006b172b9a326f8d1928
p:\myPictures\Dropbox Backup\Camera Uploads\2017\2017-01-27 13.40.52.jpg,n:\Recovery\myPictures\Dropbox Backup\Camera Uploads\2017\2017-01-27 13.40.52.jpg,6962630,91e248fe1e4288a246ca0f2f140ea30b0a71e4394edcdb186366f2f3450d8b08
p:\myPictures\Dropbox Backup\Camera Uploads\2017\2017-01-27 14.00.26.jpg,n:\Recovery\myPictures\Dropbox Backup\Camera Uploads\2017\2017-01-27 14.00.26.jpg,6974547,bee1691d6ff5b7ed19b7a2023a4d67ca7c0cfc56a25b2f1c452eabd6c835a2ff
p:\myPictures\Dropbox Backup\Camera Uploads\2017\2017-03-25 16.35.12.jpg,n:\Recovery\myPictures\Dropbox Backup\Camera Uploads\2017\2017-03-25 16.35.12.jpg,6978249,fbdd60b3ead1a6fe365214df47a19eb62f21c586f57279ff65e2cd7c1fd8b4bc
p:\myPictures\Dropbox Backup\Camera Uploads\2016\2016-11-12 15.24.36.jpg,n:\Recovery\myPictures\Dropbox Backup\Camera Uploads\2016\2016-11-12 15.24.36.jpg,6979917,1dd2fc839ae7a2914a93b1479edb0260f6f191a996faaaf7677d259fcbe908c4
p:\myPictures\Dropbox Backup\Camera Uploads\2016\2016-08-15 23.41.59.jpg,n:\Recovery\myPictures\Dropbox Backup\Camera Uploads\2016\2016-08-15 23.41.59.jpg,6986194,55964a16ed955f4ccab99e379e50745408ab3c1b7ef86e68501e496433a2defa
p:\myPictures\Dropbox Backup\Camera Uploads\2016\2016-08-15 21.37.34.jpg,n:\Recovery\myPictures\Dropbox Backup\Camera Uploads\2016\2016-08-15 21.37.34.jpg,6994041,a353692fd1fde0576c8bf76bbf39c5ae12d70151d9e80e466d6ffb4ed7a3faec
p:\myPictures\Dropbox Backup\Camera Uploads\2016\2016-08-19 20.24.49.jpg,n:\Recovery\myPictures\Dropbox Backup\Camera Uploads\2016\2016-08-19 20.24.49.jpg,6994515,614302b6012bdcae538662fc5e2f5069762d9bad766b3460198e71c109bd76ff
p:\myPictures\Dropbox Backup\Camera Uploads\2016\2016-10-11 21.27.06.jpg,n:\Recovery\myPictures\Dropbox Backup\Camera Uploads\2016\2016-10-11 21.27.06.jpg,7024904,7746313c2bcb3cb6db37dd17be53f696a839264aa12ba3ede55ecd2d1de7a6d9
p:\myPictures\Dropbox Backup\Camera Uploads\2016\2016-11-20 14.44.40.jpg,n:\Recovery\myPictures\Dropbox Backup\Camera Uploads\2016\2016-11-20 14.44.40.jpg,7032231,b6d267f577663b88754865be1cef48362650a6c18b48a6c74d566b2c2f9ce8cc
p:\myPictures\Dropbox Backup\Camera Uploads\2016\2016-12-24 19.51.00.jpg,n:\Recovery\myPictures\Dropbox Backup\Camera Uploads\2016\2016-12-24 19.51.00.jpg,7033587,1edb0520391447c6ac8a5cbedc623fe442c7921920ead8032a5a8fb1ec47dd82
p:\myPictures\Dropbox Backup\Camera Uploads\2016\2016-09-09 16.50.10.jpg,n:\Recovery\myPictures\Dropbox Backup\Camera Uploads\2016\2016-09-09 16.50.10.jpg,7040343,8091d4b7424fd7c880d905e00b78caa3a51eab9516365ec1bef777686ecdadb5
p:\myPictures\Dropbox Backup\Camera Uploads\2016\2016-08-15 21.38.44.jpg,n:\Recovery\myPictures\Dropbox Backup\Camera Uploads\2016\2016-08-15 21.38.44.jpg,7045948,be7b792b7a707f883c67ce8179ecdf846ebf307101372006e0f8d7e493ba73c1
p:\myPictures\Dropbox Backup\Camera Uploads\2016\2016-10-28 17.20.38.jpg,n:\Recovery\myPictures\Dropbox Backup\Camera Uploads\2016\2016-10-28 17.20.38.jpg,7047704,800a0522c0ef4add4ccfd9d8f390717bfdbdd60b7b8e9e89d723f3d9a35a43ef
p:\myPictures\Dropbox Backup\Camera Uploads\2016\2016-09-17 03.19.42.jpg,n:\Recovery\myPictures\Dropbox Backup\Camera Uploads\2016\2016-09-17 03.19.42.jpg,7056076,49aee8e443f002cb54cc131f18ddd3cb6044abf9456c91b5ec392d8bfbdeaefe
p:\myPictures\Dropbox Backup\Camera Uploads\2016\2016-07-07 02.39.08.jpg,n:\Recovery\myPictures\Dropbox Backup\Camera Uploads\2016\2016-07-07 02.39.08.jpg,7062388,2894490990b6c95e8588e3edd620fadb1a0fe766ea148dd671cbd04c85375c81
p:\myPictures\Dropbox Backup\Camera Uploads\2016\2016-08-18 20.49.50.jpg,n:\Recovery\myPictures\Dropbox Backup\Camera Uploads\2016\2016-08-18 20.49.50.jpg,7078593,d97977a835f7f15967a5f9a809defd018254f32d2711677d98ab4163e919e92b
p:\myPictures\Dropbox Backup\Camera Uploads\2016\2016-12-25 21.52.10.jpg,n:\Recovery\myPictures\Dropbox Backup\Camera Uploads\2016\2016-12-25 21.52.10.jpg,7085987,b788621e81046b6fcc5d5a40628a88b22aa2d2f24079ab4876467670769e6f80
p:\myPictures\Dropbox Backup\Camera Uploads\2017\2017-01-31 21.36.38.jpg,n:\Recovery\myPictures\Dropbox Backup\Camera Uploads\2017\2017-01-31 21.36.38.jpg,7127533,36e0dec37ba536a019c640c74b3edae7e7dd541323b0aa37c066868365778562
p:\myPictures\Dropbox Backup\Camera Uploads\2016\2016-08-15 21.42.13.jpg,n:\Recovery\myPictures\Dropbox Backup\Camera Uploads\2016\2016-08-15 21.42.13.jpg,7130101,d7c8441d790d522245c32cc14dec5f49925fe3cc1651b037fae09e00c7244f4e
p:\myPictures\Dropbox Backup\Camera Uploads\2016\2016-11-12 15.24.15.jpg,n:\Recovery\myPictures\Dropbox Backup\Camera Uploads\2016\2016-11-12 15.24.15.jpg,7131087,ce20a52af5e2ed546b635b82f792a6ec2fa997297679257b1517a89f30940c3d
p:\myPictures\Dropbox Backup\Camera Uploads\2016\2016-08-30 23.17.51.jpg,n:\Recovery\myPictures\Dropbox Backup\Camera Uploads\2016\2016-08-30 23.17.51.jpg,7133066,fcf0e398e2a638211e00129c7625a533f31728f2444f76af8c5a1b1f792fc243
p:\myPictures\Dropbox Backup\Camera Uploads\2016\2016-08-17 16.30.25.jpg,n:\Recovery\myPictures\Dropbox Backup\Camera Uploads\2016\2016-08-17 16.30.25.jpg,7135278,d6df9c45d3f0b2faa0a04bb63a8665d5fb5c6741caab5074a27eed90f17f240c
p:\myPictures\Dropbox Backup\Camera Uploads\2017\2017-01-27 13.59.21.jpg,n:\Recovery\myPictures\Dropbox Backup\Camera Uploads\2017\2017-01-27 13.59.21.jpg,7139065,49a34bcbdbf7ccca4110ffebed45cab72a9ddfbe69ecfadc47f248a1419f3749
p:\myPictures\Dropbox Backup\Camera Uploads\2016\2016-11-22 12.09.23.jpg,n:\Recovery\myPictures\Dropbox Backup\Camera Uploads\2016\2016-11-22 12.09.23.jpg,7143104,ba269653d9f1146e07983a64b9ee1cb4a0659d9f0b235bac74f10f0922e07d83
p:\myPictures\Dropbox Backup\Camera Uploads\2016\2016-12-24 19.53.33.jpg,n:\Recovery\myPictures\Dropbox Backup\Camera Uploads\2016\2016-12-24 19.53.33.jpg,7148337,859933fbc2fd6e202cdb7c134e7760e157c3c4c12cc492547de5400f9e07d185
p:\myPictures\Dropbox Backup\Camera Uploads\2017\2017-01-27 13.59.56.jpg,n:\Recovery\myPictures\Dropbox Backup\Camera Uploads\2017\2017-01-27 13.59.56.jpg,7159463,74b0bbd9983d6693b182f84f6e1470902e5190410a5ff18e04771a8f0b0dc877
p:\myPictures\Dropbox Backup\Camera Uploads\2016\2016-08-07 12.59.44.jpg,n:\Recovery\myPictures\Dropbox Backup\Camera Uploads\2016\2016-08-07 12.59.44.jpg,7163263,e1a71eabf55f1896c4d3ba57f13386fccccd4c69acc718ffa7af704f0e03b828
p:\myPictures\Dropbox Backup\Camera Uploads\2016\2016-08-27 18.53.28.jpg,n:\Recovery\myPictures\Dropbox Backup\Camera Uploads\2016\2016-08-27 18.53.28.jpg,7163554,cfd683a0294cc41c1db0f8d952392c1f3a45648857d3429bc3ed78df31d0e649
p:\myPictures\Dropbox Backup\Camera Uploads\2017\2017-03-03 13.32.16.jpg,n:\Recovery\myPictures\Dropbox Backup\Camera Uploads\2017\2017-03-03 13.32.16.jpg,7169584,c694870b4970ae0083e86c4dc98a6c2d41f2d2c78f5623d2854b3a20284e0a52
p:\myPictures\Dropbox Backup\Camera Uploads\2016\2016-08-18 19.51.28.jpg,n:\Recovery\myPictures\Dropbox Backup\Camera Uploads\2016\2016-08-18 19.51.28.jpg,7182432,8a66ea9e950ef610ad8a6150f32a0a932fd8e43325ea71a6bbe472003781a2a2
p:\myPictures\Dropbox Backup\Camera Uploads\2016\2016-09-09 16.50.01.jpg,n:\Recovery\myPictures\Dropbox Backup\Camera Uploads\2016\2016-09-09 16.50.01.jpg,7194951,ce0433d5239d30d0b8bc90621c0e8b4f672757651de746aa5eb6198448eb3857
p:\myPictures\Dropbox Backup\Camera Uploads\2016\2016-08-11 18.49.50.jpg,n:\Recovery\myPictures\Dropbox Backup\Camera Uploads\2016\2016-08-11 18.49.50.jpg,7207278,eb00d431f08feb85f00bf62efcab965e24f8850e3eb05c4a4f6260263a0cd61f
p:\myPictures\Dropbox Backup\Camera Uploads\2017\2017-03-18 13.39.11.jpg,n:\Recovery\myPictures\Dropbox Backup\Camera Uploads\2017\2017-03-18 13.39.11.jpg,7217479,d45d87a9310b04176732e27a6748412ddc36d2a9796c005caa68fc73682d9dea
p:\myPictures\Dropbox Backup\Camera Uploads\2016\2016-12-25 21.54.20.jpg,n:\Recovery\myPictures\Dropbox Backup\Camera Uploads\2016\2016-12-25 21.54.20.jpg,7226897,d6f03d038747eb57a7417896d1e72d75df2c35e9abc23f51746974c28e4bf15d
p:\myPictures\Dropbox Backup\Camera Uploads\2016\2016-08-06 21.51.04.jpg,n:\Recovery\myPictures\Dropbox Backup\Camera Uploads\2016\2016-08-06 21.51.04.jpg,7232168,b5369509209d5bf9c7f8a2d4517b43ddafb0160b71c90af8232237d5d84d60d6
p:\myPictures\Dropbox Backup\Camera Uploads\2016\2016-08-20 20.39.37.jpg,n:\Recovery\myPictures\Dropbox Backup\Camera Uploads\2016\2016-08-20 20.39.37.jpg,7234898,7e9f17a41497874c0ac323b2664fe4d188495eeab327644bf55485731f0e21b0
p:\myPictures\Dropbox Backup\Camera Uploads\2016\2016-07-15 20.48.37.jpg,n:\Recovery\myPictures\Dropbox Backup\Camera Uploads\2016\2016-07-15 20.48.37.jpg,7252532,264da2c01ecd5affa4d16b73131af71438e725180a08826e4042102ccaaf0833
p:\myPictures\Dropbox Backup\Camera Uploads\2016\2016-12-24 19.51.25.jpg,n:\Recovery\myPictures\Dropbox Backup\Camera Uploads\2016\2016-12-24 19.51.25.jpg,7253019,4e22367ef9ab220bb7f9e410739dbb3f24b83686f2330f7f666ac35d71acab8c
p:\myPictures\Dropbox Backup\Camera Uploads\2016\2016-10-28 17.20.33.jpg,n:\Recovery\myPictures\Dropbox Backup\Camera Uploads\2016\2016-10-28 17.20.33.jpg,7255071,0d2ad6235573f8e072a3042d3f8e194e3e26c01e65520fd9a696d480213bde7c
p:\myPictures\Dropbox Backup\Camera Uploads\2017\2017-02-04 18.16.09.jpg,n:\Recovery\myPictures\Dropbox Backup\Camera Uploads\2017\2017-02-04 18.16.09.jpg,7265657,6c0cbe4049bb6a4126638c7b59948f39ddf720e038528ec13f356e9459e5c1a9
p:\myPictures\Dropbox Backup\Camera Uploads\2016\2016-11-26 14.00.41.jpg,n:\Recovery\myPictures\Dropbox Backup\Camera Uploads\2016\2016-11-26 14.00.41.jpg,7266167,2cf783efc15e461d0f8c7e7687b0d8d054353b0e8bdff66df908f1b37e8a8961
p:\myPictures\Dropbox Backup\Camera Uploads\2016\2016-08-12 21.41.01.jpg,n:\Recovery\myPictures\Dropbox Backup\Camera Uploads\2016\2016-08-12 21.41.01.jpg,7266837,b30ae661299805244b2e9d5e4e94590ae902ddfa63c37c8cd5dc6d807b30e9e0
p:\myPictures\Dropbox Backup\Camera Uploads\2017\2017-01-31 21.59.25.jpg,n:\Recovery\myPictures\Dropbox Backup\Camera Uploads\2017\2017-01-31 21.59.25.jpg,7267075,ca54ffc716bb61e93a16358df2fc777550f6ee73a2216b4a8a98896a68e46d87
p:\myPictures\Dropbox Backup\Camera Uploads\2017\2017-01-27 14.00.32.jpg,n:\Recovery\myPictures\Dropbox Backup\Camera Uploads\2017\2017-01-27 14.00.32.jpg,7275888,f7e7cd79f89816bcdaa03486fa28f4e1bd7316fe464f071eea2d8e08c34d5006
p:\myPictures\Dropbox Backup\Camera Uploads\2016\2016-08-07 13.10.31.jpg,n:\Recovery\myPictures\Dropbox Backup\Camera Uploads\2016\2016-08-07 13.10.31.jpg,7278831,6593f8a1155ceb3f22b1c0497788501261bb38e645d7127b2b29e3274cf62915
p:\myPictures\Dropbox Backup\Camera Uploads\2016\2016-11-22 12.13.09.jpg,n:\Recovery\myPictures\Dropbox Backup\Camera Uploads\2016\2016-11-22 12.13.09.jpg,7279032,655b5bb55283808ee2bfe705ed315c3b46dda9c1c5f4c712ee730056fc95e992
p:\myPictures\Dropbox Backup\Camera Uploads\2016\2016-08-18 20.48.27.jpg,n:\Recovery\myPictures\Dropbox Backup\Camera Uploads\2016\2016-08-18 20.48.27.jpg,7283819,abffaabb1abb554f9cf4629751b3b6dd94fd8a9387e4fdf1da9f63ec78c35e98
p:\myPictures\Dropbox Backup\Camera Uploads\2016\2016-08-20 20.38.34.jpg,n:\Recovery\myPictures\Dropbox Backup\Camera Uploads\2016\2016-08-20 20.38.34.jpg,7295896,f39eff91e855317b25a61a06940c2a0a617851b6bcd1d19696ad5ab22777f0a9
p:\myPictures\Dropbox Backup\Camera Uploads\2016\2016-11-12 15.26.42.jpg,n:\Recovery\myPictures\Dropbox Backup\Camera Uploads\2016\2016-11-12 15.26.42.jpg,7295974,8d1eb8cec27565f601b0109bc759a0eca30009b3f22a5c1258686d72d92df0e8
p:\myPictures\Dropbox Backup\Camera Uploads\2016\2016-08-19 19.24.03.jpg,n:\Recovery\myPictures\Dropbox Backup\Camera Uploads\2016\2016-08-19 19.24.03.jpg,7299358,169ad8feb444de13d5616de72c7b932ce9cd8491fdd3cb5ff45d24a46dcdaad2
p:\myPictures\Dropbox Backup\Camera Uploads\2017\2017-02-04 18.15.51.jpg,n:\Recovery\myPictures\Dropbox Backup\Camera Uploads\2017\2017-02-04 18.15.51.jpg,7301534,be355eb5c4ef4ecca1e8521d710827c8b6521edbd53fe97a56775355027ae302
p:\myPictures\Dropbox Backup\Camera Uploads\2016\2016-11-22 12.51.25.jpg,n:\Recovery\myPictures\Dropbox Backup\Camera Uploads\2016\2016-11-22 12.51.25.jpg,7342820,336c29ea112ac45bbb7e97557a60fdcba9bcca4ade606ac879657d486077b2ba
p:\myPictures\Dropbox Backup\Camera Uploads\2017\2017-03-25 15.31.51.jpg,n:\Recovery\myPictures\Dropbox Backup\Camera Uploads\2017\2017-03-25 15.31.51.jpg,7346862,e87f2cd020469443abef502eecce938d1673d567510e7e9f8a7b426bbf5be199
p:\myPictures\Dropbox Backup\Camera Uploads\2016\2016-07-06 21.36.01.jpg,n:\Recovery\myPictures\Dropbox Backup\Camera Uploads\2016\2016-07-06 21.36.01.jpg,7346951,f892b637368ca40bfb4491eb5c59516507baa2140b2b43e9ea2a499f1a4075d2
p:\myPictures\Dropbox Backup\Camera Uploads\2016\2016-11-22 12.12.26.jpg,n:\Recovery\myPictures\Dropbox Backup\Camera Uploads\2016\2016-11-22 12.12.26.jpg,7358513,86df88268922fbc57889895bb5d26fa1a1c5a21cb3529ead79d60228893d514e
p:\myPictures\Dropbox Backup\Camera Uploads\2016\2016-12-25 21.54.18.jpg,n:\Recovery\myPictures\Dropbox Backup\Camera Uploads\2016\2016-12-25 21.54.18.jpg,7362462,768f8f2e373adcef43cedc84d4f48d12c3b56dfdaa96598350faac410bb651f7
p:\myPictures\Dropbox Backup\Camera Uploads\2016\2016-10-16 21.54.50.jpg,n:\Recovery\myPictures\Dropbox Backup\Camera Uploads\2016\2016-10-16 21.54.50.jpg,7376785,fd066df589b8d6f0c0b9765723344441f6bc24c63a7c6ed4060526c8df9f56bd
p:\myPictures\Dropbox Backup\Camera Uploads\2016\2016-08-18 19.50.54.jpg,n:\Recovery\myPictures\Dropbox Backup\Camera Uploads\2016\2016-08-18 19.50.54.jpg,7377324,ab136f63152f104fbc9037b835f936dd9d3883d801b4250b4157da540bf7801b
p:\myPictures\Dropbox Backup\Camera Uploads\2016\2016-10-14 17.02.43.jpg,n:\Recovery\myPictures\Dropbox Backup\Camera Uploads\2016\2016-10-14 17.02.43.jpg,7403462,3d591e6f8d164502cc490b95a13e97ac48518f0da9f52a2ef70e7b766f9848b0
p:\myPictures\Dropbox Backup\Camera Uploads\2016\2016-11-12 15.26.38.jpg,n:\Recovery\myPictures\Dropbox Backup\Camera Uploads\2016\2016-11-12 15.26.38.jpg,7403688,3d24bc8d8d729072b63c31be93737104b60249bfb43fb9aa1eaa543113ba8bee
p:\myPictures\Dropbox Backup\Camera Uploads\2016\2016-11-12 15.26.40.jpg,n:\Recovery\myPictures\Dropbox Backup\Camera Uploads\2016\2016-11-12 15.26.40.jpg,7407181,7138951b52e2c233cdde050eee8b952105ade8d46dc17ad5e004ef7b05ecb9bc
p:\myPictures\Dropbox Backup\Camera Uploads\2016\2016-08-15 15.19.06.jpg,n:\Recovery\myPictures\Dropbox Backup\Camera Uploads\2016\2016-08-15 15.19.06.jpg,7412444,621547002d066fb783082bf7b56bf78176ed47b7b39e3aea95e343da19e77cd1
p:\myPictures\Dropbox Backup\Camera Uploads\2016\2016-08-13 01.18.24.jpg,n:\Recovery\myPictures\Dropbox Backup\Camera Uploads\2016\2016-08-13 01.18.24.jpg,7430085,848668a0b682d5c293dc8fc8093e49b8acf168a6f7876868b71caed2f9bb8810
p:\myPictures\Dropbox Backup\Camera Uploads\2016\2016-10-29 14.08.52.jpg,n:\Recovery\myPictures\Dropbox Backup\Camera Uploads\2016\2016-10-29 14.08.52.jpg,7434446,b142f93a2305623ecc66313f753a546a082688436df92dfcfb42cf0a72d80f5d
p:\myPictures\Dropbox Backup\Camera Uploads\2017\2017-02-01 12.59.58.jpg,n:\Recovery\myPictures\Dropbox Backup\Camera Uploads\2017\2017-02-01 12.59.58.jpg,7439177,6742e75e99171e70176c1f830d85d01063300e8ffd00db1a2816208e4812ac1c
p:\myPictures\Dropbox Backup\Camera Uploads\2016\2016-08-17 16.30.22.jpg,n:\Recovery\myPictures\Dropbox Backup\Camera Uploads\2016\2016-08-17 16.30.22.jpg,7455061,0328ffcd103851b8978b88f7216fe9706b7fb19d0c015bc742e2db01be872a0c
p:\myPictures\Dropbox Backup\Camera Uploads\2017\2017-01-27 13.59.03.jpg,n:\Recovery\myPictures\Dropbox Backup\Camera Uploads\2017\2017-01-27 13.59.03.jpg,7492952,29ed92d8db5c571b1afc9545079987708ebb411eb5ef5f8ac482a2585e61a1d6
p:\myPictures\Dropbox Backup\Camera Uploads\2016\2016-08-07 12.59.43.jpg,n:\Recovery\myPictures\Dropbox Backup\Camera Uploads\2016\2016-08-07 12.59.43.jpg,7513477,697ad443ccc9e0c810860f734ee77dd16ffea23d3cd843dd645b400a0bb3a411
p:\myPictures\Dropbox Backup\Camera Uploads\2016\2016-12-25 21.52.33.jpg,n:\Recovery\myPictures\Dropbox Backup\Camera Uploads\2016\2016-12-25 21.52.33.jpg,7526475,7ec1160d957eea82e9c85cac1a63e9109f1801c0832feca4f2a4dd6526ae686c
p:\myPictures\Dropbox Backup\Camera Uploads\2016\2016-08-06 17.33.27.jpg,n:\Recovery\myPictures\Dropbox Backup\Camera Uploads\2016\2016-08-06 17.33.27.jpg,7530007,d5d164a9915295a17b6921f30546885983e02e845381abd83e7642fa4efdafc9
p:\myPictures\Dropbox Backup\Camera Uploads\2016\2016-08-15 21.43.27.jpg,n:\Recovery\myPictures\Dropbox Backup\Camera Uploads\2016\2016-08-15 21.43.27.jpg,7543096,13e97803c22265782a7331887e1c403c2fff415afa0ae8c3f554f803f53f166d
p:\myPictures\Dropbox Backup\Camera Uploads\2016\2016-11-12 15.25.22.jpg,n:\Recovery\myPictures\Dropbox Backup\Camera Uploads\2016\2016-11-12 15.25.22.jpg,7552717,983bb5aa83571f8498839004c386be4ce0e2e7de8172093296106378c5a92791
p:\myPictures\Dropbox Backup\Camera Uploads\2016\2016-11-12 15.25.24.jpg,n:\Recovery\myPictures\Dropbox Backup\Camera Uploads\2016\2016-11-12 15.25.24.jpg,7560419,40f4e8b81b1fc5cf960a8ec251257e06414f584e3c62315f28234977e5fcbdb5
p:\myPictures\Dropbox Backup\Camera Uploads\2016\2016-07-13 11.17.51.jpg,n:\Recovery\myPictures\Dropbox Backup\Camera Uploads\2016\2016-07-13 11.17.51.jpg,7561220,217a14b6507d577e5b2315e60f74f79d49e4d38723a65e11b1341003fc66f2b5
p:\myPictures\Dropbox Backup\Camera Uploads\2016\2016-11-22 12.13.01.jpg,n:\Recovery\myPictures\Dropbox Backup\Camera Uploads\2016\2016-11-22 12.13.01.jpg,7561724,1273cbe943cbb29de84f28a602b805739c2a96a14b383b88297695a0f144e0d1
p:\myPictures\Dropbox Backup\Camera Uploads\2016\2016-11-12 15.25.44.jpg,n:\Recovery\myPictures\Dropbox Backup\Camera Uploads\2016\2016-11-12 15.25.44.jpg,7564072,739eb150bd65ed3eb130d1896c1db9aa0aee45876cdf368fdc36049c677318ae
p:\myPictures\Dropbox Backup\Camera Uploads\2017\2017-01-27 14.00.09.jpg,n:\Recovery\myPictures\Dropbox Backup\Camera Uploads\2017\2017-01-27 14.00.09.jpg,7570322,8e3a96922fe959008d8835188c9584c609799c176a8d029098563adc872bbc29
p:\myPictures\Dropbox Backup\Camera Uploads\2016\2016-07-27 00.12.43.jpg,n:\Recovery\myPictures\Dropbox Backup\Camera Uploads\2016\2016-07-27 00.12.43.jpg,7587550,5cbaec2259cf3451da2a7d6ef6662b8bb39a6e6547e3fc97cc3b782c47a59a8d
p:\myPictures\Dropbox Backup\Camera Uploads\2016\2016-10-24 12.05.05.jpg,n:\Recovery\myPictures\Dropbox Backup\Camera Uploads\2016\2016-10-24 12.05.05.jpg,7614275,2c87d5f3f165abaf2cc135f91b39aded84d20021e17f63d5ad95413cdd433124
p:\myPictures\Dropbox Backup\Camera Uploads\2016\2016-12-25 21.52.48.jpg,n:\Recovery\myPictures\Dropbox Backup\Camera Uploads\2016\2016-12-25 21.52.48.jpg,7650370,1fc12610385ad103db0a48e4b257a6bd338bd2a830bd9bde790924c3e891b53f
p:\myPictures\Dropbox Backup\Camera Uploads\2016\2016-08-13 01.18.41.jpg,n:\Recovery\myPictures\Dropbox Backup\Camera Uploads\2016\2016-08-13 01.18.41.jpg,7650863,3ca35434d0e35ccda92451e2944135e4a4f3077f80b4cee816ec0bd5f3901d71
p:\myPictures\Dropbox Backup\Camera Uploads\2017\2017-03-25 15.27.24.jpg,n:\Recovery\myPictures\Dropbox Backup\Camera Uploads\2017\2017-03-25 15.27.24.jpg,7655714,9fc38210d858cf023c898ea031f478aa381d748aa45059400ceae5f3254bde01
p:\myPictures\Dropbox Backup\Camera Uploads\2016\2016-11-12 15.25.47.jpg,n:\Recovery\myPictures\Dropbox Backup\Camera Uploads\2016\2016-11-12 15.25.47.jpg,7663742,2e4c77dd0e6dc1442fda4bdd57a31527e3efc46951e956ee46a11193ba687c1b
p:\myPictures\Dropbox Backup\Camera Uploads\2016\2016-07-19 10.41.27.jpg,n:\Recovery\myPictures\Dropbox Backup\Camera Uploads\2016\2016-07-19 10.41.27.jpg,7669277,cc13fb111c6ae0c38209818bafaf20af52cb1970da41410796cc2d384038f6fe
p:\myPictures\Dropbox Backup\Camera Uploads\2016\2016-09-03 14.10.02.jpg,n:\Recovery\myPictures\Dropbox Backup\Camera Uploads\2016\2016-09-03 14.10.02.jpg,7671750,59e7db9f8bbee34401cbb4fd2bec6e18e5314aaa364fd2c07743b2ad914b809f
p:\myPictures\Dropbox Backup\Camera Uploads\2016\2016-11-26 14.03.19.jpg,n:\Recovery\myPictures\Dropbox Backup\Camera Uploads\2016\2016-11-26 14.03.19.jpg,7673142,f956ffc51676572822e460d499e3b5d63f02c62b78029df7e0908632ee2ce40e
p:\myPictures\Dropbox Backup\Camera Uploads\2016\2016-08-15 21.43.21.jpg,n:\Recovery\myPictures\Dropbox Backup\Camera Uploads\2016\2016-08-15 21.43.21.jpg,7711009,a840af53a4e03fd8d8e1bc54db70437b42e01c62345f0852fc2135115d067259
p:\myPictures\Dropbox Backup\Camera Uploads\2017\2017-01-27 13.59.01.jpg,n:\Recovery\myPictures\Dropbox Backup\Camera Uploads\2017\2017-01-27 13.59.01.jpg,7740603,f0a32512bb0a7582d2a8dad134a06086529a8b84ec4f8df509534c2ab5feff79
p:\myPictures\Dropbox Backup\Camera Uploads\2016\2016-08-18 20.49.38.jpg,n:\Recovery\myPictures\Dropbox Backup\Camera Uploads\2016\2016-08-18 20.49.38.jpg,7759013,242245063496551285037ae8c8b73a63d50e9b285a33f50891abf2bad9eb7a05
p:\myPictures\Dropbox Backup\Camera Uploads\2016\2016-10-16 21.55.03.jpg,n:\Recovery\myPictures\Dropbox Backup\Camera Uploads\2016\2016-10-16 21.55.03.jpg,7785844,827f34d9a775f68be0fbc93d94592b6965b5eb58f4faf9e103b9977ece637404
p:\myPictures\Dropbox Backup\Camera Uploads\2016\2016-08-15 15.20.56.jpg,n:\Recovery\myPictures\Dropbox Backup\Camera Uploads\2016\2016-08-15 15.20.56.jpg,7802037,bd294f6ee44bfc2e8baf8d84ffaacf33889383439ae74da08e27580d21e25263
p:\myPictures\Dropbox Backup\Camera Uploads\2016\2016-08-20 20.38.28.jpg,n:\Recovery\myPictures\Dropbox Backup\Camera Uploads\2016\2016-08-20 20.38.28.jpg,7803947,85092be40dbb9b57367f4f26addff08209da7763bc1ce3745c6944efc67f3e5f
p:\myPictures\Dropbox Backup\Camera Uploads\2016\2016-07-13 11.18.10.jpg,n:\Recovery\myPictures\Dropbox Backup\Camera Uploads\2016\2016-07-13 11.18.10.jpg,7809702,a6f1cfec30f5c3cf8736aa3dc0aeca95d4ef838ae44949a423e1fef61f2b52f9
p:\myPictures\Dropbox Backup\Camera Uploads\2016\2016-08-18 19.51.35.jpg,n:\Recovery\myPictures\Dropbox Backup\Camera Uploads\2016\2016-08-18 19.51.35.jpg,7865355,3ab5044f2be33d5b5db965e863899aeb31239fbdb13250b4af94030895d35524
p:\myPictures\Dropbox Backup\Camera Uploads\2016\2016-10-29 14.08.42.jpg,n:\Recovery\myPictures\Dropbox Backup\Camera Uploads\2016\2016-10-29 14.08.42.jpg,7868663,1ccf73373f691cf52065c8282ab9745b2220a34dd8b155894ae088f7620ddc28
p:\myPictures\Dropbox Backup\Camera Uploads\2016\2016-10-16 21.55.11.jpg,n:\Recovery\myPictures\Dropbox Backup\Camera Uploads\2016\2016-10-16 21.55.11.jpg,7899990,fce2d7ea893bd775b9e9c8e89397d3ad46768fb002f9f1cd629a6281bf63c296
p:\myPictures\Dropbox Backup\Camera Uploads\2016\2016-12-25 21.53.42.jpg,n:\Recovery\myPictures\Dropbox Backup\Camera Uploads\2016\2016-12-25 21.53.42.jpg,7940624,b96edda4814675f1c29f2ab38467a5ac6686b7eaf8fe34e5e6d69d725163b99c
p:\myPictures\Dropbox Backup\Camera Uploads\2016\2016-10-16 21.54.43.jpg,n:\Recovery\myPictures\Dropbox Backup\Camera Uploads\2016\2016-10-16 21.54.43.jpg,7944518,3c7e0509bc36427e15fde9c9db9233b1555e2bfa5be1f3a18725d7c127075718
p:\myPictures\Dropbox Backup\Camera Uploads\2016\2016-07-20 22.07.56.jpg,n:\Recovery\myPictures\Dropbox Backup\Camera Uploads\2016\2016-07-20 22.07.56.jpg,7946676,32f436b3a62faa8a642510d1f98c305c9becb449e14295f15630bcc015fd00ca
p:\myPictures\Dropbox Backup\Camera Uploads\2016\2016-12-21 23.24.06.jpg,n:\Recovery\myPictures\Dropbox Backup\Camera Uploads\2016\2016-12-21 23.24.06.jpg,7960052,766720e35980caea89528af5e49fada8254e37e3a9c37c6db5d8839338712f27
p:\myPictures\Dropbox Backup\Camera Uploads\2016\2016-12-21 23.24.15.jpg,n:\Recovery\myPictures\Dropbox Backup\Camera Uploads\2016\2016-12-21 23.24.15.jpg,7961489,83e437df09a2a1fd3686345e2b33b2c0ee9ebf2c61c0d46a6bb19b1a9282583a
p:\myPictures\Dropbox Backup\Camera Uploads\2016\2016-08-18 20.50.01.jpg,n:\Recovery\myPictures\Dropbox Backup\Camera Uploads\2016\2016-08-18 20.50.01.jpg,7972475,559b114e300e279536bb19f5e200120a1502506bdd0a1a4aa73ff2483756837d
p:\myPictures\Dropbox Backup\Camera Uploads\2017\2017-02-15 20.20.17.jpg,n:\Recovery\myPictures\Dropbox Backup\Camera Uploads\2017\2017-02-15 20.20.17.jpg,7973318,c7497830ab2630dfd00840cbc69d85d483cfddb2cb9fb3d474e5e6b6ec1a1305
p:\myPictures\Dropbox Backup\Camera Uploads\2016\2016-07-22 18.02.26.jpg,n:\Recovery\myPictures\Dropbox Backup\Camera Uploads\2016\2016-07-22 18.02.26.jpg,7995240,bbb3fec220f632c8289851891c68f19131c515c1500b0d0eda2d7f90d8de438a
p:\myPictures\Dropbox Backup\Camera Uploads\2016\2016-10-11 21.24.08.jpg,n:\Recovery\myPictures\Dropbox Backup\Camera Uploads\2016\2016-10-11 21.24.08.jpg,8000874,e2d160712c36dd9d9a1615cfaac58ca89a6256b6a08c98912b1c6a9708e11ebd
p:\myPictures\Dropbox Backup\Camera Uploads\2016\2016-11-12 16.20.48.jpg,n:\Recovery\myPictures\Dropbox Backup\Camera Uploads\2016\2016-11-12 16.20.48.jpg,8002028,2ad9fa7447c37c8b51856d0f5dd4b60202d20cf8bb28677df493dd297ca904ba
p:\myPictures\Dropbox Backup\Camera Uploads\2017\2017-01-27 14.00.01.jpg,n:\Recovery\myPictures\Dropbox Backup\Camera Uploads\2017\2017-01-27 14.00.01.jpg,8016194,ce93f14b32cc4fdb504947f80955103e555b8b544e44d92ada529b2512f52594
p:\myPictures\Dropbox Backup\Camera Uploads\2016\2016-08-15 21.43.06.jpg,n:\Recovery\myPictures\Dropbox Backup\Camera Uploads\2016\2016-08-15 21.43.06.jpg,8016468,36b593f6063f94ddde9e3c2939b4ab0c42e1d07a4811fec992352f8abd1ff889
p:\myPictures\Dropbox Backup\Camera Uploads\2017\2017-03-25 16.13.08.jpg,n:\Recovery\myPictures\Dropbox Backup\Camera Uploads\2017\2017-03-25 16.13.08.jpg,8028985,15b95cb97aa35fa92116ebb1d61d8997d482c9403c5ee6a09901804c85b36285
p:\myPictures\Dropbox Backup\Camera Uploads\2016\2016-08-07 13.10.44.jpg,n:\Recovery\myPictures\Dropbox Backup\Camera Uploads\2016\2016-08-07 13.10.44.jpg,8042976,88aeba04a0e8a85ddd6b45bef6a9869474e758ebdb065cb93a01d939b01ad4c9
p:\myPictures\Dropbox Backup\Camera Uploads\2017\2017-01-27 13.58.55.jpg,n:\Recovery\myPictures\Dropbox Backup\Camera Uploads\2017\2017-01-27 13.58.55.jpg,8093424,37f9159c6f3f560f9ff5204f5a6878dce693b4f47f6af556c65f82c1ba324fb6
p:\myPictures\Dropbox Backup\Camera Uploads\2017\2017-02-18 10.35.29.jpg,n:\Recovery\myPictures\Dropbox Backup\Camera Uploads\2017\2017-02-18 10.35.29.jpg,8099067,6903a72c35402e987837ba14ed79ab856276de8acd474dd55ab8854e38ba478f
p:\myPictures\Dropbox Backup\Camera Uploads\2017\2017-02-18 10.35.24.jpg,n:\Recovery\myPictures\Dropbox Backup\Camera Uploads\2017\2017-02-18 10.35.24.jpg,8140655,7aa400cf2fd368fcf401e6c4781ba7fbeacac84c609b1e1366107b40d080d79c
p:\myPictures\Dropbox Backup\Camera Uploads\2017\2017-03-25 15.33.03.jpg,n:\Recovery\myPictures\Dropbox Backup\Camera Uploads\2017\2017-03-25 15.33.03.jpg,8151608,57a601fe616a55949e328d6377c5cf9f1d6459d04276a3a1a8881b8fefa33d7b
p:\myPictures\Dropbox Backup\Camera Uploads\2016\2016-10-17 18.03.08.jpg,n:\Recovery\myPictures\Dropbox Backup\Camera Uploads\2016\2016-10-17 18.03.08.jpg,8170296,d6e2c64000b78a96f1c247b0866d66c0bbf86dbc8356691485ed50562dd0a55f
p:\myPictures\Dropbox Backup\Camera Uploads\2016\2016-12-25 21.53.24.jpg,n:\Recovery\myPictures\Dropbox Backup\Camera Uploads\2016\2016-12-25 21.53.24.jpg,8176519,5f86e700aae6e495949742a397d1ce437cedb25dcd5f04b1af43f56c3abae06d
p:\myPictures\Dropbox Backup\Camera Uploads\2016\2016-11-22 15.00.03.jpg,n:\Recovery\myPictures\Dropbox Backup\Camera Uploads\2016\2016-11-22 15.00.03.jpg,8180957,174d1a86e9c3c3059d0622d5c8640b0c9c1ea3e34c30357e3dc4256c3d4e9b65
p:\myPictures\Dropbox Backup\Camera Uploads\2016\2016-07-13 11.18.43.jpg,n:\Recovery\myPictures\Dropbox Backup\Camera Uploads\2016\2016-07-13 11.18.43.jpg,8239383,49aee7aa518109df9b8aaaa579d6b701f91efe3c58675b0abb8b071f0e8fff75
p:\myPictures\Dropbox Backup\Camera Uploads\2017\2017-01-27 14.00.11.jpg,n:\Recovery\myPictures\Dropbox Backup\Camera Uploads\2017\2017-01-27 14.00.11.jpg,8241067,95eec9abae6b4bb477b6e90551585dfc310b48119506b057c9e844d19a123572
p:\myPictures\Dropbox Backup\Camera Uploads\2017\2017-02-18 10.47.54.jpg,n:\Recovery\myPictures\Dropbox Backup\Camera Uploads\2017\2017-02-18 10.47.54.jpg,8270207,b54a35a886cb9813fcdfcee1f768881fe7a50d4f98fa135d16010cf5ba5b954a
p:\myPictures\Dropbox Backup\Camera Uploads\2016\2016-08-19 21.07.54.jpg,n:\Recovery\myPictures\Dropbox Backup\Camera Uploads\2016\2016-08-19 21.07.54.jpg,8275963,8bfc50901030d85a984c1b122448317f45a0adf1df6b918866ae4c233149fd98
p:\myPictures\Dropbox Backup\Camera Uploads\2017\2017-02-18 10.47.51.jpg,n:\Recovery\myPictures\Dropbox Backup\Camera Uploads\2017\2017-02-18 10.47.51.jpg,8349517,ace7a90e7a186c9b8889cd8182c730aebf3a1dead53d0ec531bf255bc57f19d0
p:\myPictures\Dropbox Backup\Camera Uploads\2017\2017-01-27 14.00.18.jpg,n:\Recovery\myPictures\Dropbox Backup\Camera Uploads\2017\2017-01-27 14.00.18.jpg,8351798,0e3b8600cac10c5107f3109c3903081db854deffaa69761a7ab9d50a49fd8762
p:\myPictures\Dropbox Backup\Camera Uploads\2017\2017-01-21 21.46.01.jpg,n:\Recovery\myPictures\Dropbox Backup\Camera Uploads\2017\2017-01-21 21.46.01.jpg,8373059,51676945f777ab2cbeca03fccd1133baafb83f6a1b0e4eb7f321c37726e3c251
p:\myPictures\Dropbox Backup\Camera Uploads\2016\2016-11-26 14.01.52.jpg,n:\Recovery\myPictures\Dropbox Backup\Camera Uploads\2016\2016-11-26 14.01.52.jpg,8381336,c21f8143c8a4813e14026e6c82834b57b2f4b1b9e585c27d5a5a0fb58d449a6d
p:\myPictures\Dropbox Backup\Camera Uploads\2016\2016-08-19 19.24.12.jpg,n:\Recovery\myPictures\Dropbox Backup\Camera Uploads\2016\2016-08-19 19.24.12.jpg,8417250,05d1e767f2f1a981536c55f937933a8194e8032cd9d2694899adad41a58108a0
p:\myPictures\Dropbox Backup\Camera Uploads\2017\2017-03-25 15.21.10.jpg,n:\Recovery\myPictures\Dropbox Backup\Camera Uploads\2017\2017-03-25 15.21.10.jpg,8484228,657ddf9f2c653f9ff1c45fa75d1f3a853c303c56999616d0abcd3a03c9a3311a
p:\myPictures\Dropbox Backup\Camera Uploads\2017\2017-02-15 20.21.09.jpg,n:\Recovery\myPictures\Dropbox Backup\Camera Uploads\2017\2017-02-15 20.21.09.jpg,8486672,788af328c26e5b06b4224605cfc04dbca681d4b71a8b5b21f8c877688ef8a2d9
p:\myPictures\Dropbox Backup\Camera Uploads\2016\2016-09-09 18.54.12.jpg,n:\Recovery\myPictures\Dropbox Backup\Camera Uploads\2016\2016-09-09 18.54.12.jpg,8487579,c8f298ad89af743e58172d506c244c5d57d7498c51789e899c4e742d3c1fa3a3
p:\myPictures\Dropbox Backup\Camera Uploads\2016\2016-08-18 20.49.19.jpg,n:\Recovery\myPictures\Dropbox Backup\Camera Uploads\2016\2016-08-18 20.49.19.jpg,8529125,08d923b84f21b399f9c38db9c8e6ef63634938ae27c64426a04eb65594a792f5
p:\myPictures\Dropbox Backup\Camera Uploads\2016\2016-08-18 19.51.33.jpg,n:\Recovery\myPictures\Dropbox Backup\Camera Uploads\2016\2016-08-18 19.51.33.jpg,8579338,ad6fe0c1b7c2d1e3d61eb3c3d475afe61ea8fb0d7e14fc9c55372ba1a1d7c25a
p:\myPictures\Dropbox Backup\Camera Uploads\2017\2017-03-25 15.48.07.jpg,n:\Recovery\myPictures\Dropbox Backup\Camera Uploads\2017\2017-03-25 15.48.07.jpg,8585513,12e58e68c528c6da87a2cd2dd5e4aceb76d7a3cc0a5613a09ddc97af7c7f7234
p:\myPictures\Dropbox Backup\Camera Uploads\2016\2016-10-20 18.00.24.jpg,n:\Recovery\myPictures\Dropbox Backup\Camera Uploads\2016\2016-10-20 18.00.24.jpg,8603924,bf07ad9490bf736afaece587501285a79692a21bec8dd0db63183ca60d197b4a
p:\myPictures\Dropbox Backup\Camera Uploads\2017\2017-02-15 20.20.07.jpg,n:\Recovery\myPictures\Dropbox Backup\Camera Uploads\2017\2017-02-15 20.20.07.jpg,8625193,967421c5d3c478637a660378396578d3c73de6d82f2aaeb2e7402048f5d39a6a
p:\myPictures\Dropbox Backup\Camera Uploads\2017\2017-02-18 10.50.03.jpg,n:\Recovery\myPictures\Dropbox Backup\Camera Uploads\2017\2017-02-18 10.50.03.jpg,8658915,f1247e2b4c11fa982a339a5b3638a78934636e692294b523ffcce01614441615
p:\myPictures\Dropbox Backup\Camera Uploads\2016\2016-07-13 11.18.17.jpg,n:\Recovery\myPictures\Dropbox Backup\Camera Uploads\2016\2016-07-13 11.18.17.jpg,8729246,fc55360cd550d5e2ac5eba745da8e272eeee39bb86223ae92f41dae8c37941ff
p:\myPictures\Dropbox Backup\Camera Uploads\2016\2016-07-13 11.18.15.jpg,n:\Recovery\myPictures\Dropbox Backup\Camera Uploads\2016\2016-07-13 11.18.15.jpg,8780348,4192cae2ee011db8740a8b7fc8d4390995fa6d079c8f7e6dac361af04cee9ee4
p:\myPictures\Dropbox Backup\Camera Uploads\2017\2017-03-25 15.22.57.jpg,n:\Recovery\myPictures\Dropbox Backup\Camera Uploads\2017\2017-03-25 15.22.57.jpg,8813087,c9d5968257a7cd9b1ebb86b71399d38f35a2affa68feb56069bd9addf2b4bd41
p:\myPictures\Dropbox Backup\Camera Uploads\2016\2016-07-27 00.12.40.jpg,n:\Recovery\myPictures\Dropbox Backup\Camera Uploads\2016\2016-07-27 00.12.40.jpg,8838345,4487b3fe75e0ad5942785e4d217b68cbd9d801226631926bf02231f8e50b6c97
p:\myPictures\Dropbox Backup\Camera Uploads\2016\2016-08-18 20.49.14.jpg,n:\Recovery\myPictures\Dropbox Backup\Camera Uploads\2016\2016-08-18 20.49.14.jpg,8844581,2abadc87ae563a338761cfae5eebc94bae5317cbab3ecd5a6d7af95eaac87413
p:\myPictures\Dropbox Backup\Camera Uploads\2016\2016-07-13 11.17.56.jpg,n:\Recovery\myPictures\Dropbox Backup\Camera Uploads\2016\2016-07-13 11.17.56.jpg,8852464,ae1ba042847cc90fa4a200c3bbebc984a0b9aed215d478bf1b73390acadb125a
p:\myPictures\Dropbox Backup\Camera Uploads\2017\2017-03-25 15.33.24.jpg,n:\Recovery\myPictures\Dropbox Backup\Camera Uploads\2017\2017-03-25 15.33.24.jpg,8857694,66a57325f0662d3c2a0d542e43f16b0e95d43f2c8de8d68c94df7919865d6398
p:\myPictures\Dropbox Backup\Camera Uploads\2017\2017-01-27 14.01.24.jpg,n:\Recovery\myPictures\Dropbox Backup\Camera Uploads\2017\2017-01-27 14.01.24.jpg,8909659,efbd001296d6e894b11d38a1e2bd19dc31bfb2d575baa3e379609532973e8255
p:\myPictures\Dropbox Backup\Camera Uploads\2017\2017-03-25 16.13.40.jpg,n:\Recovery\myPictures\Dropbox Backup\Camera Uploads\2017\2017-03-25 16.13.40.jpg,8912480,a580cad465d4fec8be9ad30b5e8c9b05d6c4e4a6c4ae4ba692ee3fc6efd06484
p:\myPictures\Dropbox Backup\Camera Uploads\2017\2017-02-18 12.21.19.jpg,n:\Recovery\myPictures\Dropbox Backup\Camera Uploads\2017\2017-02-18 12.21.19.jpg,8931548,baeacde852ad8d97b09f4b360ff1d06770645cf5da3b05e9ac20730e86bb2ca4
p:\myPictures\Dropbox Backup\Camera Uploads\2017\2017-02-18 10.47.56.jpg,n:\Recovery\myPictures\Dropbox Backup\Camera Uploads\2017\2017-02-18 10.47.56.jpg,8952134,91dcd99dc5e40d495789ceb7e23967b902cc26981df789700f1ad892a9556ed1
p:\myPictures\Dropbox Backup\Camera Uploads\2016\2016-08-19 20.22.01.jpg,n:\Recovery\myPictures\Dropbox Backup\Camera Uploads\2016\2016-08-19 20.22.01.jpg,8972321,52fe548119c618301029364438867b8533422411f791813510be221ed6e89fba
p:\myPictures\Dropbox Backup\Camera Uploads\2017\2017-03-25 15.24.16.jpg,n:\Recovery\myPictures\Dropbox Backup\Camera Uploads\2017\2017-03-25 15.24.16.jpg,9048721,4072d3d07a27ce388e7fdf1572306101451760f20edfabf080ea99568956ce95
p:\myPictures\Dropbox Backup\Camera Uploads\2017\2017-03-25 16.13.27.jpg,n:\Recovery\myPictures\Dropbox Backup\Camera Uploads\2017\2017-03-25 16.13.27.jpg,9100249,1c7525ad082893104d4bf3cef20d6ec48f99794004cf8dc51d7041ba158881a1
p:\myPictures\Dropbox Backup\Camera Uploads\2016\2016-08-18 19.51.39.jpg,n:\Recovery\myPictures\Dropbox Backup\Camera Uploads\2016\2016-08-18 19.51.39.jpg,9189306,c30047b2c565c542584276f31cf9f0513c78fb59363933c52c936b895631322c
p:\myPictures\Dropbox Backup\Camera Uploads\2016\2016-08-18 20.48.58.jpg,n:\Recovery\myPictures\Dropbox Backup\Camera Uploads\2016\2016-08-18 20.48.58.jpg,9204675,299fda0b73246c0b6eee7a34a11594713d45d9a4830889f2103c9d5c3e6e5204
p:\myPictures\Dropbox Backup\Camera Uploads\2017\2017-03-25 15.26.46.jpg,n:\Recovery\myPictures\Dropbox Backup\Camera Uploads\2017\2017-03-25 15.26.46.jpg,9225273,094ad3b2bfccf4da32302a23150ccf95a53cc53ad7a98677faf683f8d46c8f70
p:\myPictures\Dropbox Backup\Camera Uploads\2017\2017-01-27 14.00.45.jpg,n:\Recovery\myPictures\Dropbox Backup\Camera Uploads\2017\2017-01-27 14.00.45.jpg,9264897,a83bae6adf4dc92b01720d5d01d841710277e02d8b00427ee3ffc1b2915e9816
p:\myPictures\Dropbox Backup\Camera Uploads\2017\2017-02-18 12.21.14.jpg,n:\Recovery\myPictures\Dropbox Backup\Camera Uploads\2017\2017-02-18 12.21.14.jpg,9296467,ad14ce898ccb643c14e9d100f93fbeec3569a2e9c32b19545be91e78bce8f2e1
p:\myPictures\Dropbox Backup\Camera Uploads\2017\2017-02-18 10.30.46.jpg,n:\Recovery\myPictures\Dropbox Backup\Camera Uploads\2017\2017-02-18 10.30.46.jpg,9305827,23a4127f669da08f7e68b46189a472a1ea5d01e3d5ac8b638ec6d668b3469ced
p:\myPictures\Dropbox Backup\Camera Uploads\2016\2016-11-26 14.02.05.jpg,n:\Recovery\myPictures\Dropbox Backup\Camera Uploads\2016\2016-11-26 14.02.05.jpg,9343418,65aa87171a10df8b05e67acf216f00c1613b874590f91cfa5d1df1617dced920
p:\myPictures\Dropbox Backup\Camera Uploads\2016\2016-11-12 16.04.43.jpg,n:\Recovery\myPictures\Dropbox Backup\Camera Uploads\2016\2016-11-12 16.04.43.jpg,9482627,a99042fbd5fe45666de99251767f47dbd3bdda1144d0cd67e7e6bcc36e959832
p:\myPictures\Dropbox Backup\Camera Uploads\2017\2017-02-18 12.21.15.jpg,n:\Recovery\myPictures\Dropbox Backup\Camera Uploads\2017\2017-02-18 12.21.15.jpg,9484687,e96da3e76d2e3b4faad33606e7e9ef1fef58a7387cb71e4caeb7de6d8fe67cd8
p:\myPictures\Dropbox Backup\Camera Uploads\2017\2017-02-18 10.31.37.jpg,n:\Recovery\myPictures\Dropbox Backup\Camera Uploads\2017\2017-02-18 10.31.37.jpg,9552106,ff947587e59aedd89a9986df72e02136d2e4f106c8bef6328875f9afe4f49f5b
p:\myPictures\Dropbox Backup\Camera Uploads\2016\2016-11-05 18.47.55.jpg,n:\Recovery\myPictures\Dropbox Backup\Camera Uploads\2016\2016-11-05 18.47.55.jpg,9584888,a58a8bb629c45973479093b58fdcd45b3e6ee8a88d2a602cc89e9812662b4c18
p:\myPictures\Dropbox Backup\Camera Uploads\2017\2017-03-25 15.23.18.jpg,n:\Recovery\myPictures\Dropbox Backup\Camera Uploads\2017\2017-03-25 15.23.18.jpg,9742913,c6ca3c9ba3fa01521f0b47e95403fb0f7a2d84247ec6f0ecca6a9287f5790ea8
p:\myPictures\Dropbox Backup\Camera Uploads\2017\2017-02-18 12.21.26.jpg,n:\Recovery\myPictures\Dropbox Backup\Camera Uploads\2017\2017-02-18 12.21.26.jpg,9765775,4b4ab9a843d0ff19349a9823991b7daed24d973320218a1f977273d19a60be3b
p:\myPictures\Dropbox Backup\Camera Uploads\2017\2017-03-25 15.28.22.jpg,n:\Recovery\myPictures\Dropbox Backup\Camera Uploads\2017\2017-03-25 15.28.22.jpg,9782997,84e2ae9515c6ebd076f62396eb6c18d2feb26531d47623cff6c0a46a24b6b64a
p:\myPictures\Dropbox Backup\Camera Uploads\2016\2016-08-15 15.19.22.jpg,n:\Recovery\myPictures\Dropbox Backup\Camera Uploads\2016\2016-08-15 15.19.22.jpg,9864673,8f1b38450017cbf62ec30ff37443e01c6cef422f87682ff0a0f08d2cbad6cb0a
p:\myPictures\Dropbox Backup\Camera Uploads\2017\2017-02-18 10.30.54.jpg,n:\Recovery\myPictures\Dropbox Backup\Camera Uploads\2017\2017-02-18 10.30.54.jpg,9989176,54b0d024f400c77a67a0c899191d5619bbf82cc44320aa5c71371813e8d929ad
p:\myPictures\Dropbox Backup\Camera Uploads\2017\2017-02-18 12.12.52.jpg,n:\Recovery\myPictures\Dropbox Backup\Camera Uploads\2017\2017-02-18 12.12.52.jpg,10068637,368519c765de34a5c31acff6426a45ae99311195a2b9446d7abc936bfba34a19
p:\myPictures\Dropbox Backup\Camera Uploads\2016\2016-12-07 12.19.24.jpg,n:\Recovery\myPictures\Dropbox Backup\Camera Uploads\2016\2016-12-07 12.19.24.jpg,10139786,c07e0db13e6a5f19a68d6ede26ae96845d41851499c579fb7a6001e457c8a821
p:\myPictures\Dropbox Backup\Camera Uploads\2017\2017-03-27 18.09.29.jpg,n:\Recovery\myPictures\Dropbox Backup\Camera Uploads\2017\2017-03-27 18.09.29.jpg,10393133,807880b85ae0e629c8b490b7b7ccf12a2e499c6575eb138cb4541ef6ce3f5791
p:\myPictures\Dropbox Backup\Camera Uploads\2017\2017-02-18 12.21.03.jpg,n:\Recovery\myPictures\Dropbox Backup\Camera Uploads\2017\2017-02-18 12.21.03.jpg,10407594,1c669de758677831b6c9ee697392399a05bf6cebc125ab9295de0afe20b9e80c
p:\myPictures\Dropbox Backup\Camera Uploads\2016\2016-10-24 12.10.49.jpg,n:\Recovery\myPictures\Dropbox Backup\Camera Uploads\2016\2016-10-24 12.10.49.jpg,10558615,ded2695429402740aa4ee5481b1e2f835591d31602cde2b6c77a290095d02536
p:\myPictures\Dropbox Backup\Camera Uploads\2017\2017-03-25 16.14.20.jpg,n:\Recovery\myPictures\Dropbox Backup\Camera Uploads\2017\2017-03-25 16.14.20.jpg,10753470,f4b354e63745c0366e395ac043e0b52713393d3bf146bd01538e38d65edd420a
p:\myPictures\Dropbox Backup\Camera Uploads\2017\2017-02-18 10.48.58.jpg,n:\Recovery\myPictures\Dropbox Backup\Camera Uploads\2017\2017-02-18 10.48.58.jpg,10778487,bbb5fdaf873824e27f22b19131adcbbc02b7ebbbe8852f173be17c9ded711c14
p:\myPictures\Dropbox Backup\Camera Uploads\2017\2017-03-25 15.24.05.jpg,n:\Recovery\myPictures\Dropbox Backup\Camera Uploads\2017\2017-03-25 15.24.05.jpg,10791987,5ab010f631a15724f39bfce737c246ae6792db2f741310634bb5c3d5dce6f512
p:\myPictures\Dropbox Backup\Camera Uploads\2016\2016-08-17 16.31.02.jpg,n:\Recovery\myPictures\Dropbox Backup\Camera Uploads\2016\2016-08-17 16.31.02.jpg,10807161,044ebe5bd29f2bd4a1501f3dd0eb9367847a47c5fe16ce57b64cb161cc23554d
p:\myPictures\Dropbox Backup\Camera Uploads\2017\2017-03-25 15.44.08.jpg,n:\Recovery\myPictures\Dropbox Backup\Camera Uploads\2017\2017-03-25 15.44.08.jpg,11034466,5a99b4fcb61ce179f9f496f5a6cb6b4cf1564f8c9d0468e19507f340921324a3
p:\myPictures\Dropbox Backup\Camera Uploads\2016\2016-10-24 13.28.47.jpg,n:\Recovery\myPictures\Dropbox Backup\Camera Uploads\2016\2016-10-24 13.28.47.jpg,11204413,6694037b277fb80204d2b6a42acf1fbdeb7fc29aa2c0cfad2d93d09950177b3b
p:\myPictures\Dropbox Backup\Camera Uploads\2017\2017-02-18 12.13.05.jpg,n:\Recovery\myPictures\Dropbox Backup\Camera Uploads\2017\2017-02-18 12.13.05.jpg,11211690,600c2d79a83be69a6d254302c37d3070cca899330e50ce5f823af3ab515bd0b2
p:\myPictures\Dropbox Backup\Camera Uploads\2017\2017-03-25 16.14.01.jpg,n:\Recovery\myPictures\Dropbox Backup\Camera Uploads\2017\2017-03-25 16.14.01.jpg,11241042,f1a10198e1cbdcbe7becbc81d183376c0e187b36323d07998c34a3c55f764c04
p:\myPictures\Dropbox Backup\Camera Uploads\2017\2017-02-18 11.34.52.jpg,n:\Recovery\myPictures\Dropbox Backup\Camera Uploads\2017\2017-02-18 11.34.52.jpg,11406659,000b05bc20937e8a53abc35e2f75ad1e5b13894425da5a11ab6ec6921de1e37d
p:\myPictures\Dropbox Backup\Camera Uploads\2017\2017-02-18 12.12.50.jpg,n:\Recovery\myPictures\Dropbox Backup\Camera Uploads\2017\2017-02-18 12.12.50.jpg,11441025,e2cf56571252f2071eed9ef4980bdf7c5590889243faa76183de36bcffb4dd8e
p:\myPictures\Dropbox Backup\Camera Uploads\2017\2017-02-18 12.12.56.jpg,n:\Recovery\myPictures\Dropbox Backup\Camera Uploads\2017\2017-02-18 12.12.56.jpg,11497146,bb975463eb66f02bad0cc1ea5bbd89f6760bc40712ef5603f85e4c4c63a1f6ea
p:\myPictures\Dropbox Backup\Camera Uploads\2017\2017-02-18 12.12.42.jpg,n:\Recovery\myPictures\Dropbox Backup\Camera Uploads\2017\2017-02-18 12.12.42.jpg,11523629,ff16206f54cc8347b90052ca4e2485dbf54966f19df9c56667e60b0743d1b508
p:\myPictures\Dropbox Backup\Camera Uploads\2017\2017-02-18 12.12.46.jpg,n:\Recovery\myPictures\Dropbox Backup\Camera Uploads\2017\2017-02-18 12.12.46.jpg,11657994,20e7eda572dda2417c45e5e59572e7cbcbf26cd623e9c23d25657819838bfd71
p:\myPictures\Dropbox Backup\Camera Uploads\2017\2017-02-18 11.55.36.jpg,n:\Recovery\myPictures\Dropbox Backup\Camera Uploads\2017\2017-02-18 11.55.36.jpg,11889531,58a9dd8b019cd87fa106c4b3aff354151ca8692c3251f025fd12c9a24631fb30
p:\myPictures\Dropbox Backup\Camera Uploads\2017\2017-02-18 11.55.38.jpg,n:\Recovery\myPictures\Dropbox Backup\Camera Uploads\2017\2017-02-18 11.55.38.jpg,12326622,fb6e2a670f9ae65acf4be7517a3477539f19179c086282db39cd953a50f6c378
p:\myPictures\Dropbox Backup\Camera Uploads\2016\2016-10-24 12.14.03.jpg,n:\Recovery\myPictures\Dropbox Backup\Camera Uploads\2016\2016-10-24 12.14.03.jpg,12523974,2800584d2e231c39f67e1b15152ad0147969588b8b43373b1bd4c3eb38136b1c
p:\myPictures\Dropbox Backup\Camera Uploads\2017\2017-03-25 15.45.14.jpg,n:\Recovery\myPictures\Dropbox Backup\Camera Uploads\2017\2017-03-25 15.45.14.jpg,12920337,d1bd2b6d7797ee03c0aae29c3dfcd3e7897048f1165f5a17b34a90442434aba8
p:\myPictures\Dropbox Backup\Camera Uploads\2017\2017-02-18 11.34.48.jpg,n:\Recovery\myPictures\Dropbox Backup\Camera Uploads\2017\2017-02-18 11.34.48.jpg,12995093,4d4ff06f96971570343c85fa6e41d17c303579e9efe9d985ee4535229195c938
p:\myPictures\Dropbox Backup\Camera Uploads\2016\2016-10-24 12.02.08.jpg,n:\Recovery\myPictures\Dropbox Backup\Camera Uploads\2016\2016-10-24 12.02.08.jpg,13584962,2e11950c970d7cb01c56449c712d4bd3794809f65be3bf481ebb8f8d5cf1c270
p:\myPictures\Dropbox Backup\Camera Uploads\2016\2016-10-24 09.35.14.jpg,n:\Recovery\myPictures\Dropbox Backup\Camera Uploads\2016\2016-10-24 09.35.14.jpg,13738665,cf11814b2f59741071d1761ccb59305aec7239060caad10a05970863b68e4586
p:\myPictures\Dropbox Backup\Camera Uploads\2016\2016-10-24 12.17.08.jpg,n:\Recovery\myPictures\Dropbox Backup\Camera Uploads\2016\2016-10-24 12.17.08.jpg,15228640,390e1f2444689a111981dffa8accfdc672e1839b9d656a72f6b05c49d50cec78
